<?xml version="1.0" encoding="utf-8"?>
<FeatureContainer xmlns:xsi="http://www.w3.org/2001/XMLSchema-instance" xmlns:xsd="http://www.w3.org/2001/XMLSchema">
  <Features>
    <BonusSpellFeature>
      <Keywords />
      <Name>Armor of Shadows</Name>
      <Text>You can cast mage armor on yourself at will, without expending a spell slot or material components.</Text>
      <Level>2</Level>
      <Hidden>false</Hidden>
      <NoDisplay>false</NoDisplay>
      <Action>Default</Action>
      <Prerequisite />
      <Spell>Mage Armor</Spell>
      <SpellCastingAbility>Charisma</SpellCastingAbility>
      <SpellCastModifier>AtWill</SpellCastModifier>
      <KeywordsToAdd />
    </BonusSpellFeature>
  </Features>
  <Source>Systems Reference Document v5.1</Source>
</FeatureContainer>