<?xml version="1.0" encoding="utf-8"?>
<FeatureContainer xmlns:xsi="http://www.w3.org/2001/XMLSchema-instance" xmlns:xsd="http://www.w3.org/2001/XMLSchema">
  <Features>
    <SkillProficiencyFeature>
      <Keywords />
      <Name>Beguiling Influence</Name>
      <Text>You gain proficiency in the Deception and Persuasion skills.</Text>
      <Level>2</Level>
      <Hidden>true</Hidden>
      <NoDisplay>false</NoDisplay>
      <Action>Hidden</Action>
      <Prerequisite />
      <Skills>
        <string>Deception</string>
        <string>Persuasion</string>
      </Skills>
      <ProficiencyMultiplier>1</ProficiencyMultiplier>
      <BonusType>AddOnlyIfNotProficient</BonusType>
    </SkillProficiencyFeature>
  </Features>
  <Source>Systems Reference Document v5.1</Source>
</FeatureContainer>