<?xml version="1.0" encoding="utf-8"?>
<FeatureContainer xmlns:xsi="http://www.w3.org/2001/XMLSchema-instance" xmlns:xsd="http://www.w3.org/2001/XMLSchema">
  <Features>
    <MultiFeature>
      <Keywords />
      <Name>Book of Ancient Secrets</Name>
      <Text>You can now inscribe magical rituals in your Book of Shadows. Choose two 1st-level spells that have the ritual tag from any class’s spell list (the two needn’t be from the same list). The spells appear in the book and don’t count against the number of spells you know. With your Book of Shadows in hand, you can cast the chosen spells as rituals. You can’t cast the spells except as rituals, unless you’ve learned them by some other means. You can also cast a warlock spell you know as a ritual if it has the ritual tag.

On your adventures, you can add other ritual spells to your Book of Shadows. When you find such a spell, you can add it to the book if the spell’s level is equal to or less than half your warlock level (rounded up) and if you can spare the time to ranscribe the spell. For each level of the spell, the transcription process takes 2 hours and costs 50 gp for the rare inks needed to inscribe it.</Text>
      <Level>2</Level>
      <Hidden>false</Hidden>
      <NoDisplay>false</NoDisplay>
      <Action>Hidden</Action>
      <Prerequisite>Pact of the Tome feature</Prerequisite>
      <Features>
        <SpellcastingFeature>
          <Keywords />
          <Name>Book of Shadows</Name>
          <Text>On your adventures, you can add other ritual spells to your Book of Shadows. When you find such a spell, you can add it to the book if the spell’s level is equal to or less than half your warlock level (rounded up) and if you can spare the time to ranscribe the spell. For each level of the spell, the transcription process takes 2 hours and costs 50 gp for the rare inks needed to inscribe it.</Text>
          <Level>2</Level>
          <Hidden>true</Hidden>
          <NoDisplay>true</NoDisplay>
          <Action>Hidden</Action>
          <Prerequisite />
          <Preparation>Spellbook</Preparation>
          <SpellcastingID>BOOK_OF_SHADOWS</SpellcastingID>
          <PrepareableSpells>Ritual</PrepareableSpells>
          <OverwrittenByMulticlassing>false</OverwrittenByMulticlassing>
          <IgnoreMulticlassing>true</IgnoreMulticlassing>
          <DisplayName>Book of Shadows (Rituals)</DisplayName>
          <PrepareCountAdditionalModifier>None</PrepareCountAdditionalModifier>
          <SpellcastingAbility>Charisma</SpellcastingAbility>
          <PrepareCountPerClassLevel>0</PrepareCountPerClassLevel>
          <PrepareCountAdditional>0</PrepareCountAdditional>
          <PreparationChange>LongRest</PreparationChange>
        </SpellcastingFeature>
        <SpellChoiceFeature>
          <Keywords />
          <Name>Rituals</Name>
          <Text>Choose two 1st-level spells that have the ritual tag from any class’s spell list.</Text>
          <Level>2</Level>
          <Hidden>true</Hidden>
          <NoDisplay>true</NoDisplay>
          <Action>Hidden</Action>
          <Prerequisite />
          <KeywordsToAdd />
          <AvailableSpellChoices>Ritual and Level = 1</AvailableSpellChoices>
          <SpellcastingID>BOOK_OF_SHADOWS</SpellcastingID>
          <UniqueID>BOOK_OF_SHADOWS_RITUALS</UniqueID>
          <AddTo>Spellbook</AddTo>
          <Amount>2</Amount>
        </SpellChoiceFeature>
      </Features>
      <Source>Systems Reference Document v5.1</Source>
    </MultiFeature>
  </Features>
  <Source>Systems Reference Document v5.1</Source>
</FeatureContainer>