<?xml version="1.0" encoding="utf-8"?>
<FeatureContainer xmlns:xsi="http://www.w3.org/2001/XMLSchema-instance" xmlns:xsd="http://www.w3.org/2001/XMLSchema">
  <Features>
    <BonusSpellFeature>
      <Keywords />
      <Name>Chains of Carceri</Name>
      <Text>You can cast hold monster at will—targeting a celestial, fiend, or elemental—without expending a spell slot or material components. You must finish a long rest before you can use this invocation on the same creature again.</Text>
      <Level>15</Level>
      <Hidden>false</Hidden>
      <Prerequisite>15th level, Pact of the Chain feature</Prerequisite>
      <Spell>hold monster</Spell>
      <SpellCastingAbility>Charisma</SpellCastingAbility>
      <SpellCastModifier>AtWill</SpellCastModifier>
      <KeywordsToAdd />
    </BonusSpellFeature>
  </Features>
  <Source>Systems Reference Document v5.1</Source>
</FeatureContainer>