<?xml version="1.0" encoding="utf-8"?>
<FeatureContainer xmlns:xsi="http://www.w3.org/2001/XMLSchema-instance" xmlns:xsd="http://www.w3.org/2001/XMLSchema">
  <Features>
    <VisionFeature>
      <Keywords />
      <Name>Devil’s Sight</Name>
      <Text>Devil’s Sight</Text>
      <Level>2</Level>
      <Hidden>false</Hidden>
      <NoDisplay>false</NoDisplay>
      <Action>Hidden</Action>
      <Prerequisite />
      <Range>120</Range>
    </VisionFeature>
  </Features>
  <Source>Systems Reference Document v5.1</Source>
</FeatureContainer>