<?xml version="1.0" encoding="utf-8"?>
<FeatureContainer xmlns:xsi="http://www.w3.org/2001/XMLSchema-instance" xmlns:xsd="http://www.w3.org/2001/XMLSchema">
  <Features>
    <BonusSpellFeature>
      <Keywords />
      <Name>Dreadful Word</Name>
      <Text>You can cast confusion once using a warlock spell slot. You can’t do so again until you finish a long rest.</Text>
      <Level>7</Level>
      <Hidden>false</Hidden>
      <Prerequisite>7th level</Prerequisite>
      <Spell>confusion</Spell>
      <SpellCastingAbility>Charisma</SpellCastingAbility>
      <SpellCastModifier>LongRest</SpellCastModifier>
      <KeywordsToAdd />
    </BonusSpellFeature>
  </Features>
  <Source>Systems Reference Document v5.1</Source>
</FeatureContainer>