<?xml version="1.0" encoding="utf-8"?>
<FeatureContainer xmlns:xsi="http://www.w3.org/2001/XMLSchema-instance" xmlns:xsd="http://www.w3.org/2001/XMLSchema">
  <Features>
    <SpellModifyFeature>
      <Keywords />
      <Name>Eldritch Spear</Name>
      <Text>When you cast eldritch blast, its range is 300 feet.</Text>
      <Level>2</Level>
      <Hidden>true</Hidden>
      <Prerequisite>eldritch blast cantrip</Prerequisite>
      <Spells>Name='eldritch blast'</Spells>
    </SpellModifyFeature>
  </Features>
  <Source>Systems Reference Document v5.1</Source>
</FeatureContainer>