<?xml version="1.0" encoding="utf-8"?>
<FeatureContainer xmlns:xsi="http://www.w3.org/2001/XMLSchema-instance" xmlns:xsd="http://www.w3.org/2001/XMLSchema">
  <Features>
    <BonusFeature>
      <Keywords />
      <Name>Lifedrinker</Name>
      <Text>When you hit a creature with your pact weapon, the creature takes extra necrotic damage equal to your Charisma modifier (minimum 1).</Text>
      <Level>12</Level>
      <Hidden>false</Hidden>
      <Prerequisite>12th level, Pact of the Blade feature</Prerequisite>
      <Condition>Weapon</Condition>
      <Skills />
      <SkillBonus>0</SkillBonus>
      <SkillPassive>false</SkillPassive>
      <AttackBonus>0</AttackBonus>
      <DamageBonus>Max(ChaMod,1)</DamageBonus>
      <SaveDCBonus>0</SaveDCBonus>
      <ACBonus>0</ACBonus>
      <InitiativeBonus>0</InitiativeBonus>
      <DamageBonusText>(necrotic)</DamageBonusText>
      <DamageBonusModifier>None</DamageBonusModifier>
      <BaseAbility>None</BaseAbility>
    </BonusFeature>
  </Features>
  <Source>Systems Reference Document v5.1</Source>
</FeatureContainer>