<?xml version="1.0" encoding="utf-8"?>
<FeatureContainer xmlns:xsi="http://www.w3.org/2001/XMLSchema-instance" xmlns:xsd="http://www.w3.org/2001/XMLSchema">
  <Features>
    <BonusSpellFeature>
      <Keywords />
      <Name>Master of Myriad Forms</Name>
      <Text>You can cast alter self at will, without expending a spell slot.</Text>
      <Level>15</Level>
      <Hidden>false</Hidden>
      <Prerequisite>15th level</Prerequisite>
      <Spell>Alter Self</Spell>
      <SpellCastingAbility>Charisma</SpellCastingAbility>
      <SpellCastModifier>AtWill</SpellCastModifier>
      <KeywordsToAdd />
    </BonusSpellFeature>
  </Features>
  <Source>Systems Reference Document v5.1</Source>
</FeatureContainer>