<?xml version="1.0" encoding="utf-8"?>
<FeatureContainer xmlns:xsi="http://www.w3.org/2001/XMLSchema-instance" xmlns:xsd="http://www.w3.org/2001/XMLSchema">
  <Features>
    <Feature>
      <Keywords />
      <Name>One with Shadows</Name>
      <Text>When you are in an area of dim light or darkness, you can use your action to become invisible until you move or take an action or a reaction.</Text>
      <Level>5</Level>
      <Hidden>false</Hidden>
      <Prerequisite>5th level</Prerequisite>
    </Feature>
  </Features>
  <Source>Systems Reference Document v5.1</Source>
</FeatureContainer>