<?xml version="1.0" encoding="utf-8"?>
<FeatureContainer xmlns:xsi="http://www.w3.org/2001/XMLSchema-instance" xmlns:xsd="http://www.w3.org/2001/XMLSchema">
  <Features>
    <SpellModifyFeature>
      <Keywords />
      <Name>Repelling Blast</Name>
      <Text>When you hit a creature with eldritch blast, you can push the creature up to 10 feet away from you in a straight line.</Text>
      <Level>2</Level>
      <Hidden>false</Hidden>
      <NoDisplay>false</NoDisplay>
      <Action>Hidden</Action>
      <Prerequisite>eldritch blast cantrip</Prerequisite>
      <Spells>Name='eldritch blast'</Spells>
    </SpellModifyFeature>
  </Features>
  <Source>Systems Reference Document v5.1</Source>
</FeatureContainer>