<?xml version="1.0" encoding="utf-8"?>
<FeatureContainer xmlns:xsi="http://www.w3.org/2001/XMLSchema-instance" xmlns:xsd="http://www.w3.org/2001/XMLSchema">
  <Features>
    <Feature>
      <Keywords />
      <Name>Voice of the Chain Master</Name>
      <Text>You can communicate telepathically with your familiar and perceive through your familiar’s senses as long as you are on the same plane of existence. Additionally, while perceiving through your familiar’s senses, you can also speak through your familiar in your own voice, even if your familiar is normally incapable of speech.</Text>
      <Level>2</Level>
      <Hidden>false</Hidden>
      <Prerequisite>Pact of the Chain feature</Prerequisite>
    </Feature>
  </Features>
  <Source>Systems Reference Document v5.1</Source>
</FeatureContainer>