<?xml version="1.0" encoding="utf-8"?>
<FeatureContainer xmlns:xsi="http://www.w3.org/2001/XMLSchema-instance" xmlns:xsd="http://www.w3.org/2001/XMLSchema">
  <Features>
    <BonusSpellFeature>
      <Keywords />
      <Name>Whispers of the Grave</Name>
      <Text>You can cast speak with dead at will, without expending a spell slot.</Text>
      <Level>9</Level>
      <Hidden>false</Hidden>
      <Prerequisite>9th level</Prerequisite>
      <Spell>Speak with Dead</Spell>
      <SpellCastingAbility>Charisma</SpellCastingAbility>
      <SpellCastModifier>AtWill</SpellCastModifier>
      <KeywordsToAdd />
    </BonusSpellFeature>
  </Features>
  <Source>Systems Reference Document v5.1</Source>
</FeatureContainer>