<?xml version="1.0" encoding="utf-8"?>
<MagicProperty xmlns:xsi="http://www.w3.org/2001/XMLSchema-instance" xmlns:xsd="http://www.w3.org/2001/XMLSchema">
  <AttunementFeatures />
  <CarryFeatures />
  <EquipFeatures>
    <Feature>
      <Keywords />
      <Name>Mithral Armor</Name>
      <Text>Mithral is a light, flexible metal. A mithral chain shirt or breastplate can be worn under normal clothes.
If the armor normally imposes disadvantage on Dexterity (Stealth) checks or has a Strength requirement, the mithral version of the armor doesn't.</Text>
      <Level>0</Level>
      <Hidden>false</Hidden>
      <NoDisplay>false</NoDisplay>
      <Action>Hidden</Action>
      <Prerequisite />
    </Feature>
  </EquipFeatures>
  <AttunedEquipFeatures />
  <OnUseFeatures />
  <AttunedOnUseFeatures />
  <Requirement>Armor (medium or heavy, but not hide)</Requirement>
  <Name>Mithral Armor</Name>
  <Description>Mithral is a light, flexible metal. A mithral chain shirt or breastplate can be worn under normal clothes.
If the armor normally imposes disadvantage on Dexterity (Stealth) checks or has a Strength requirement, the mithral version of the armor doesn't.</Description>
  <Slot>Armor</Slot>
  <Base>Armor and (Medium or Heavy) and not(Hide)</Base>
  <Source>Systems Reference Document v5.1</Source>
  <PrependName>Mithral </PrependName>
  <Rarity>Uncommon</Rarity>
</MagicProperty>