<?xml version="1.0" encoding="utf-8"?>
<Item xmlns:xsi="http://www.w3.org/2001/XMLSchema-instance" xmlns:xsd="http://www.w3.org/2001/XMLSchema" xsi:type="Armor">
  <Keywords>
    <Keyword>
      <Name>light</Name>
    </Keyword>
    <Keyword>
      <Name>leather</Name>
    </Keyword>
  </Keywords>
  <StackSize>1</StackSize>
  <Name>Leather</Name>
  <Description>The breastplate and shoulder protectors of this armor are made of leather that has been stiffened by being boiled in oil. The rest of the armor is made of softer and more flexible materials.</Description>
  <Price>
    <cp>0</cp>
    <sp>0</sp>
    <ep>0</ep>
    <gp>10</gp>
    <pp>0</pp>
  </Price>
  <Source>Systems Reference Document v5.1</Source>
  <Weight>10</Weight>
  <BaseAC>11</BaseAC>
  <StealthDisadvantage>false</StealthDisadvantage>
  <StrengthRequired>0</StrengthRequired>
</Item>