<?xml version="1.0" encoding="utf-8"?>
<Item xmlns:xsi="http://www.w3.org/2001/XMLSchema-instance" xmlns:xsd="http://www.w3.org/2001/XMLSchema" xsi:type="Armor">
  <Keywords>
    <Keyword>
      <Name>light</Name>
    </Keyword>
    <Keyword>
      <Name>padded</Name>
    </Keyword>
  </Keywords>
  <StackSize>1</StackSize>
  <Name>Padded</Name>
  <Description>Padded armor consists of quilted layers of cloth and batting.</Description>
  <Price>
    <cp>0</cp>
    <sp>0</sp>
    <ep>0</ep>
    <gp>0</gp>
    <pp>0</pp>
  </Price>
  <Source>Systems Reference Document v5.1</Source>
  <Weight>9</Weight>
  <BaseAC>11</BaseAC>
  <StealthDisadvantage>true</StealthDisadvantage>
  <StrengthRequired>0</StrengthRequired>
</Item>