<?xml version="1.0" encoding="utf-8"?>
<Item xmlns:xsi="http://www.w3.org/2001/XMLSchema-instance" xmlns:xsd="http://www.w3.org/2001/XMLSchema" xsi:type="Armor">
  <Keywords>
    <Keyword>
      <Name>light</Name>
    </Keyword>
    <Keyword>
      <Name>leather</Name>
    </Keyword>
    <Keyword>
      <Name>studded</Name>
    </Keyword>
  </Keywords>
  <StackSize>1</StackSize>
  <Name>Studded Leather</Name>
  <Description>Made from tough but flexible leather, studded leather is reinforced with close-set rivets or spikes.</Description>
  <Price>
    <cp>0</cp>
    <sp>0</sp>
    <ep>0</ep>
    <gp>45</gp>
    <pp>0</pp>
  </Price>
  <Source>Systems Reference Document v5.1</Source>
  <Weight>13</Weight>
  <BaseAC>12</BaseAC>
  <StealthDisadvantage>false</StealthDisadvantage>
  <StrengthRequired>0</StrengthRequired>
</Item>