<?xml version="1.0" encoding="utf-8"?>
<Item xmlns:xsi="http://www.w3.org/2001/XMLSchema-instance" xmlns:xsd="http://www.w3.org/2001/XMLSchema" xsi:type="Armor">
  <Keywords>
    <Keyword>
      <Name>heavy</Name>
    </Keyword>
    <Keyword>
      <Name>splint</Name>
    </Keyword>
  </Keywords>
  <StackSize>1</StackSize>
  <Name>Splint</Name>
  <Description>This armor is made of narrow vertical strips of metal riveted to a backing of leather that is worn over cloth padding. Flexible chain mail protects the joints.</Description>
  <Price>
    <cp>0</cp>
    <sp>0</sp>
    <ep>0</ep>
    <gp>200</gp>
    <pp>0</pp>
  </Price>
  <Source>Systems Reference Document v5.1</Source>
  <Weight>60</Weight>
  <BaseAC>17</BaseAC>
  <StealthDisadvantage>true</StealthDisadvantage>
  <StrengthRequired>13</StrengthRequired>
</Item>