<?xml version="1.0" encoding="utf-8"?>
<FeatureContainer xmlns:xsi="http://www.w3.org/2001/XMLSchema-instance" xmlns:xsd="http://www.w3.org/2001/XMLSchema">
  <Features>
    <BonusSpellFeature>
      <Keywords />
      <Name>Bead of Wind Walking</Name>
      <Text>The bead contains the wind walk spell that you can cast from it as a bonus action (using your spell save DC if a save is necessary). Once a magic bead's spell is cast, that bead can't be used again until the next dawn.</Text>
      <Level>0</Level>
      <Hidden>false</Hidden>
      <Prerequisite />
      <Spell>Wind Walk</Spell>
      <SpellCastingAbility>None</SpellCastingAbility>
      <SpellCastModifier>Dawn</SpellCastModifier>
      <KeywordsToAdd />
    </BonusSpellFeature>
  </Features>
  <Source>Systems Reference Document v5.1</Source>
</FeatureContainer>