<?xml version="1.0" encoding="utf-8"?>
<Item xmlns:xsi="http://www.w3.org/2001/XMLSchema-instance" xmlns:xsd="http://www.w3.org/2001/XMLSchema">
  <Keywords />
  <StackSize>1</StackSize>
  <Name>Fishing Tackle</Name>
  <Description>This kit includes a wooden rod, silken line, corkwood bobbers, steel hooks, lead sinkers, velvet lures, and narrow netting.</Description>
  <Price>
    <cp>2</cp>
    <sp>0</sp>
    <ep>0</ep>
    <gp>0</gp>
    <pp>0</pp>
  </Price>
  <Source>Systems Reference Document v5.1</Source>
  <Weight>1</Weight>
</Item>