<?xml version="1.0" encoding="utf-8"?>
<Item xmlns:xsi="http://www.w3.org/2001/XMLSchema-instance" xmlns:xsd="http://www.w3.org/2001/XMLSchema">
  <Keywords />
  <StackSize>1</StackSize>
  <Name>Rations</Name>
  <Description>Rations consist of dry foods suitable for extended travel, including jerky, dried fruit, hardtack, and nuts.</Description>
  <Price>
    <cp>0</cp>
    <sp>5</sp>
    <ep>0</ep>
    <gp>0</gp>
    <pp>0</pp>
  </Price>
  <Source>Systems Reference Document v5.1</Source>
  <Weight>2</Weight>
  <Unit>days</Unit>
  <SingleUnit>1 day</SingleUnit>
</Item>