<?xml version="1.0" encoding="utf-8"?>
<AbilityScores xmlns:xsi="http://www.w3.org/2001/XMLSchema-instance" xmlns:xsd="http://www.w3.org/2001/XMLSchema">
  <PointBuyCost>
    <int>0</int>
    <int>1</int>
    <int>2</int>
    <int>3</int>
    <int>4</int>
    <int>5</int>
    <int>7</int>
    <int>9</int>
  </PointBuyCost>
  <Arrays>
    <string>15, 14, 13, 12, 10, 8</string>
    <string>15, 15, 15, 8, 8, 8</string>
    <string>13, 13, 13, 12, 12, 12</string>
  </Arrays>
  <PointBuyPoints>27</PointBuyPoints>
  <PointBuyMinScore>8</PointBuyMinScore>
  <PointBuyMaxScore>15</PointBuyMaxScore>
  <DefaultMax>20</DefaultMax>
</AbilityScores>