<?xml version="1.0" encoding="utf-8"?>
<PDF xmlns:xsi="http://www.w3.org/2001/XMLSchema-instance" xmlns:xsd="http://www.w3.org/2001/XMLSchema">
  <Fields>
   <PDFField Name="CharacterName" Field="CharacterName" />
    <PDFField Name="ClassLevel" Field="ClassLevel" />
    <PDFField Name="Background" Field="Background" />
    <PDFField Name="PlayerName" Field="PlayerName" />
    <PDFField Name="Race" Field="Race " />
    <PDFField Name="Alignment" Field="Alignment" />
    <PDFField Name="XP" Field="XP" />
    
    <PDFField Name="Inspiration" Field="Inspiration" />
    <PDFField Name="ProficiencyBonus" Field="ProfBonus" />
    <PDFField Name="AC" Field="AC" />
    <PDFField Name="Initiative" Field="Initiative" />
    <PDFField Name="Speed" Field="Speed" />

    <PDFField Name="PersonalityTrait" Field="PersonalityTraits " />
    <PDFField Name="Ideal" Field="Ideals" />
    <PDFField Name="Bond" Field="Bonds" />
    <PDFField Name="Flaw" Field="Flaws" />


    <PDFField Name="MaxHP" Field="HPMax" />
    <PDFField Name="CurrentHP" Field="HPCurrent" />
    <PDFField Name="TempHP" Field="HPTemp" />
    <PDFField Name="HitDieTotal" Field="HDTotal" />
    <PDFField Name="HitDie" Field="HD" />

    <PDFField Name="DeathSaveSuccess1" Field="Check Box 12" />
    <PDFField Name="DeathSaveSuccess2" Field="Check Box 13" />
    <PDFField Name="DeathSaveSuccess3" Field="Check Box 14" />
    <PDFField Name="DeathSaveFail1" Field="Check Box 15" />
    <PDFField Name="DeathSaveFail2" Field="Check Box 16" />
    <PDFField Name="DeathSaveFail3" Field="Check Box 17" />

    <PDFField Name="Strength" Field="STR" />
    <PDFField Name="Dexterity" Field="DEX" />
    <PDFField Name="Constitution" Field="CON" />
    <PDFField Name="Intelligence" Field="INT" />
    <PDFField Name="Wisdom" Field="WIS" />
    <PDFField Name="Charisma" Field="CHA" />
    
    <PDFField Name="StrengthModifier" Field="STRmod" />
    <PDFField Name="DexterityModifier" Field="DEXmod " />
    <PDFField Name="ConstitutionModifier" Field="CONmod" />
    <PDFField Name="IntelligenceModifier" Field="INTmod" />
    <PDFField Name="WisdomModifier" Field="WISmod" />
    <PDFField Name="CharismaModifier" Field="CHamod" />
    
    <PDFField Name="StrengthSave" Field="SavingThrows" />
    <PDFField Name="DexteritySave" Field="SavingThrows2" />
    <PDFField Name="ConstitutionSave" Field="SavingThrows3" />
    <PDFField Name="IntelligenceSave" Field="SavingThrows4" />
    <PDFField Name="WisdomSave" Field="SavingThrows5" />
    <PDFField Name="CharismaSave" Field="SavingThrows6" />
    
    <PDFField Name="StrengthSaveProficiency" Field="ST Strength" />
    <PDFField Name="DexteritySaveProficiency" Field="ST Dexterity" />
    <PDFField Name="ConstitutionSaveProficiency" Field="ST Constitution" />
    <PDFField Name="IntelligenceSaveProficiency" Field="ST Intelligence" />
    <PDFField Name="WisdomSaveProficiency" Field="ST Wisdom" />
    <PDFField Name="CharismaSaveProficiency" Field="ST Charisma" />
    
    <PDFField Name="Acrobatics" Field="Acrobatics" />
    <PDFField Name="Animal Handling" Field="Animal Handling" />
    <PDFField Name="Athletics" Field="Athletics" />
    <PDFField Name="Arcana" Field="Arcana" />
    <PDFField Name="Deception" Field="Deception" />
    <PDFField Name="History" Field="History" />
    <PDFField Name="Insight" Field="Insight" />
    <PDFField Name="Intimidation" Field="Intimidation" />
    <PDFField Name="Investigation" Field="Investigation" />
    <PDFField Name="Medicine" Field="Medicine" />
    <PDFField Name="Nature" Field="Nature" />
    <PDFField Name="Perception" Field="Perception" />
    <PDFField Name="Performance" Field="Performance" />
    <PDFField Name="Persuasion" Field="Persuasion" />
    <PDFField Name="Religion" Field="Religion" />
    <PDFField Name="Sleight of Hand" Field="SleightofHand" />
    <PDFField Name="Stealth" Field="Stealth" />
    <PDFField Name="Survival" Field="Survival" />

    <PDFField Name="AcrobaticsProficiency" Field="ChBx Acrobatics" />
    <PDFField Name="Animal HandlingProficiency" Field="ChBx Animal" />
    <PDFField Name="ArcanaProficiency" Field="ChBx Arcana" />
    <PDFField Name="AthleticsProficiency" Field="ChBx Athletics" />
    <PDFField Name="DeceptionProficiency" Field="ChBx Deception" />
    <PDFField Name="HistoryProficiency" Field="ChBx History" />
    <PDFField Name="InsightProficiency" Field="ChBx Insight" />
    <PDFField Name="IntimidationProficiency" Field="ChBx Intimidation" />
    <PDFField Name="InvestigationProficiency" Field="ChBx Investigation" />
    <PDFField Name="MedicineProficiency" Field="ChBx Medicine" />
    <PDFField Name="NatureProficiency" Field="ChBx Nature" />
    <PDFField Name="PerceptionProficiency" Field="ChBx Perception" />
    <PDFField Name="PerformanceProficiency" Field="ChBx Performance" />
    <PDFField Name="PersuasionProficiency" Field="ChBx Persuasion" />
    <PDFField Name="ReligionProficiency" Field="ChBx Religion" />
    <PDFField Name="Sleight of HandProficiency" Field="ChBx Sleight" />
    <PDFField Name="StealthProficiency" Field="ChBx Stealth" />
    <PDFField Name="SurvivalProficiency" Field="ChBx Survival" />
    
    <PDFField Name="PassivePerception" Field="Passive" />

    <PDFField Name="Weapon1Name" Field="Wpn Name" />
    <PDFField Name="Weapon1Attack" Field="Wpn1 AtkBonus" />
    <PDFField Name="Weapon1Damage" Field="Wpn1 Damage" />
    <PDFField Name="Weapon2Name" Field="Wpn Name 2" />
    <PDFField Name="Weapon2Attack" Field="Wpn2 AtkBonus " />
    <PDFField Name="Weapon2Damage" Field="Wpn2 Damage " />
    <PDFField Name="Weapon3Name" Field="Wpn Name 3" />
    <PDFField Name="Weapon3Attack" Field="Wpn3 AtkBonus  " />
    <PDFField Name="Weapon3Damage" Field="Wpn3 Damage " />

    <PDFField Name="Attacks" Field="AttacksSpellcasting" />
    <PDFField Name="Proficiencies" Field="ProficienciesLang" />
    <PDFField Name="Equipment" Field="Equipment" />
    <PDFField Name="Features" Field="Features and Traits" />

    <!--    <PDFField Name="CP" Field="CP" />
    <PDFField Name="SP" Field="SP" />
    <PDFField Name="EP" Field="EP" />
    <PDFField Name="GP" Field="GP" />
    <PDFField Name="PP" Field="PP" />-->

    <PDFField Name="CharacterName2" Field="CharacterName 2" />
    <PDFField Name="Age" Field="Age" />
    <PDFField Name="Height" Field="Height" />
    <PDFField Name="Weight" Field="Weight" />
    <PDFField Name="Eyes" Field="Eyes" />
    <PDFField Name="Skin" Field="Skin" />
    <PDFField Name="Hair" Field="Hair" />
    <PDFField Name="Portrait" Field="CHARACTER IMAGE" />
    <PDFField Name="FactionPortrait" Field="Faction Symbol Image" />
    <PDFField Name="Allies" Field="Allies" />
    <PDFField Name="FactionName" Field="FactionName" />
    <PDFField Name="Backstory" Field="Backstory" />
    <PDFField Name="RaceBackgroundFeatures" Field="Feat+Traits" />
    <PDFField Name="Treasure" Field="Treasure" />
</Fields>
<SpellFields>
    <PDFField Name="SpellcastingClass" Field="Spellcasting Class 2" />
    <PDFField Name="SpellcastingAbility 2" Field="SpellcastingAbility 2" />
    <PDFField Name="SpellSaveDC  2" Field="SpellSaveDC  2" />
    <PDFField Name="SpellAtkBonus 2" Field="SpellAtkBonus 2" />
    <PDFField Name="SlotsTotal 19" Field="SlotsTotal 19" />
    <PDFField Name="SlotsRemaining 19" Field="SlotsRemaining 19" />
    <PDFField Name="Spells 1014" Field="Spells 1014" />
    <PDFField Name="Spells 1015" Field="Spells 1015" />
    <PDFField Name="Spells 1016" Field="Spells 1016" />
    <PDFField Name="Spells 1017" Field="Spells 1017" />
    <PDFField Name="Spells 1018" Field="Spells 1018" />
    <PDFField Name="Spells 1019" Field="Spells 1019" />
    <PDFField Name="Spells 1020" Field="Spells 1020" />
    <PDFField Name="Spells 1021" Field="Spells 1021" />
    <PDFField Name="Spells 1022" Field="Spells 1022" />
    <PDFField Name="Check Box 314" Field="Check Box 314" />
    <PDFField Name="Check Box 3031" Field="Check Box 3031" />
    <PDFField Name="Check Box 3032" Field="Check Box 3032" />
    <PDFField Name="Check Box 3033" Field="Check Box 3033" />
    <PDFField Name="Check Box 3034" Field="Check Box 3034" />
    <PDFField Name="Check Box 3035" Field="Check Box 3035" />
    <PDFField Name="Check Box 3036" Field="Check Box 3036" />
    <PDFField Name="Check Box 3037" Field="Check Box 3037" />
    <PDFField Name="Check Box 3038" Field="Check Box 3038" />
    <PDFField Name="Check Box 3039" Field="Check Box 3039" />
    <PDFField Name="Check Box 3040" Field="Check Box 3040" />
    <PDFField Name="Check Box 321" Field="Check Box 321" />
    <PDFField Name="Check Box 320" Field="Check Box 320" />
    <PDFField Name="Check Box 3060" Field="Check Box 3060" />
    <PDFField Name="Check Box 3061" Field="Check Box 3061" />
    <PDFField Name="Check Box 3062" Field="Check Box 3062" />
    <PDFField Name="Check Box 3063" Field="Check Box 3063" />
    <PDFField Name="Check Box 3064" Field="Check Box 3064" />
    <PDFField Name="Check Box 3065" Field="Check Box 3065" />
    <PDFField Name="Check Box 3066" Field="Check Box 3066" />
    <PDFField Name="Check Box 315" Field="Check Box 315" />
    <PDFField Name="Check Box 3041" Field="Check Box 3041" />
    <PDFField Name="Spells 1023" Field="Spells 1023" />
    <PDFField Name="Check Box 251" Field="Check Box 251" />
    <PDFField Name="Check Box 309" Field="Check Box 309" />
    <PDFField Name="Check Box 3010" Field="Check Box 3010" />
    <PDFField Name="Check Box 3011" Field="Check Box 3011" />
    <PDFField Name="Check Box 3012" Field="Check Box 3012" />
    <PDFField Name="Check Box 3013" Field="Check Box 3013" />
    <PDFField Name="Check Box 3014" Field="Check Box 3014" />
    <PDFField Name="Check Box 3015" Field="Check Box 3015" />
    <PDFField Name="Check Box 3016" Field="Check Box 3016" />
    <PDFField Name="Check Box 3017" Field="Check Box 3017" />
    <PDFField Name="Check Box 3018" Field="Check Box 3018" />
    <PDFField Name="Check Box 3019" Field="Check Box 3019" />
    <PDFField Name="Spells 1024" Field="Spells 1024" />
    <PDFField Name="Spells 1025" Field="Spells 1025" />
    <PDFField Name="Spells 1026" Field="Spells 1026" />
    <PDFField Name="Spells 1027" Field="Spells 1027" />
    <PDFField Name="Spells 1028" Field="Spells 1028" />
    <PDFField Name="Spells 1029" Field="Spells 1029" />
    <PDFField Name="Spells 1030" Field="Spells 1030" />
    <PDFField Name="Spells 1031" Field="Spells 1031" />
    <PDFField Name="Spells 1032" Field="Spells 1032" />
    <PDFField Name="Spells 1033" Field="Spells 1033" />
    <PDFField Name="SlotsTotal 20" Field="SlotsTotal 20" />
    <PDFField Name="SlotsRemaining 20" Field="SlotsRemaining 20" />
    <PDFField Name="Spells 1034" Field="Spells 1034" />
    <PDFField Name="Spells 1035" Field="Spells 1035" />
    <PDFField Name="Spells 1036" Field="Spells 1036" />
    <PDFField Name="Spells 1037" Field="Spells 1037" />
    <PDFField Name="Spells 1038" Field="Spells 1038" />
    <PDFField Name="Spells 1039" Field="Spells 1039" />
    <PDFField Name="Spells 1040" Field="Spells 1040" />
    <PDFField Name="Spells 1041" Field="Spells 1041" />
    <PDFField Name="Spells 1042" Field="Spells 1042" />
    <PDFField Name="Spells 1043" Field="Spells 1043" />
    <PDFField Name="Spells 1044" Field="Spells 1044" />
    <PDFField Name="Spells 1045" Field="Spells 1045" />
    <PDFField Name="Spells 1046" Field="Spells 1046" />
    <PDFField Name="SlotsTotal 21" Field="SlotsTotal 21" />
    <PDFField Name="SlotsRemaining 21" Field="SlotsRemaining 21" />
    <PDFField Name="Spells 1047" Field="Spells 1047" />
    <PDFField Name="Spells 1048" Field="Spells 1048" />
    <PDFField Name="Spells 1049" Field="Spells 1049" />
    <PDFField Name="Spells 1050" Field="Spells 1050" />
    <PDFField Name="Spells 1051" Field="Spells 1051" />
    <PDFField Name="Spells 1052" Field="Spells 1052" />
    <PDFField Name="Spells 1053" Field="Spells 1053" />
    <PDFField Name="Spells 1054" Field="Spells 1054" />
    <PDFField Name="Spells 1055" Field="Spells 1055" />
    <PDFField Name="Spells 1056" Field="Spells 1056" />
    <PDFField Name="Spells 1057" Field="Spells 1057" />
    <PDFField Name="Spells 1058" Field="Spells 1058" />
    <PDFField Name="Spells 1059" Field="Spells 1059" />
    <PDFField Name="SlotsTotal 22" Field="SlotsTotal 22" />
    <PDFField Name="SlotsRemaining 22" Field="SlotsRemaining 22" />
    <PDFField Name="Spells 1060" Field="Spells 1060" />
    <PDFField Name="Spells 1061" Field="Spells 1061" />
    <PDFField Name="Spells 1062" Field="Spells 1062" />
    <PDFField Name="Spells 1063" Field="Spells 1063" />
    <PDFField Name="Spells 1064" Field="Spells 1064" />
    <PDFField Name="Check Box 323" Field="Check Box 323" />
    <PDFField Name="Check Box 322" Field="Check Box 322" />
    <PDFField Name="Check Box 3067" Field="Check Box 3067" />
    <PDFField Name="Check Box 3068" Field="Check Box 3068" />
    <PDFField Name="Check Box 3069" Field="Check Box 3069" />
    <PDFField Name="Check Box 3070" Field="Check Box 3070" />
    <PDFField Name="Check Box 3071" Field="Check Box 3071" />
    <PDFField Name="Check Box 3072" Field="Check Box 3072" />
    <PDFField Name="Check Box 3073" Field="Check Box 3073" />
    <PDFField Name="Spells 1065" Field="Spells 1065" />
    <PDFField Name="Spells 1066" Field="Spells 1066" />
    <PDFField Name="Spells 1067" Field="Spells 1067" />
    <PDFField Name="Spells 1068" Field="Spells 1068" />
    <PDFField Name="Spells 1069" Field="Spells 1069" />
    <PDFField Name="Spells 1070" Field="Spells 1070" />
    <PDFField Name="Spells 1071" Field="Spells 1071" />
    <PDFField Name="Check Box 317" Field="Check Box 317" />
    <PDFField Name="Spells 1072" Field="Spells 1072" />
    <PDFField Name="SlotsTotal 23" Field="SlotsTotal 23" />
    <PDFField Name="SlotsRemaining 23" Field="SlotsRemaining 23" />
    <PDFField Name="Spells 1073" Field="Spells 1073" />
    <PDFField Name="Spells 1074" Field="Spells 1074" />
    <PDFField Name="Spells 1075" Field="Spells 1075" />
    <PDFField Name="Spells 1076" Field="Spells 1076" />
    <PDFField Name="Spells 1077" Field="Spells 1077" />
    <PDFField Name="Spells 1078" Field="Spells 1078" />
    <PDFField Name="Spells 1079" Field="Spells 1079" />
    <PDFField Name="Spells 1080" Field="Spells 1080" />
    <PDFField Name="Spells 1081" Field="Spells 1081" />
    <PDFField Name="SlotsTotal 24" Field="SlotsTotal 24" />
    <PDFField Name="SlotsRemaining 24" Field="SlotsRemaining 24" />
    <PDFField Name="Spells 1082" Field="Spells 1082" />
    <PDFField Name="Spells 1083" Field="Spells 1083" />
    <PDFField Name="Spells 1084" Field="Spells 1084" />
    <PDFField Name="Spells 1085" Field="Spells 1085" />
    <PDFField Name="Spells 1086" Field="Spells 1086" />
    <PDFField Name="Spells 1087" Field="Spells 1087" />
    <PDFField Name="Spells 1088" Field="Spells 1088" />
    <PDFField Name="Spells 1089" Field="Spells 1089" />
    <PDFField Name="Spells 1090" Field="Spells 1090" />
    <PDFField Name="SlotsTotal 25" Field="SlotsTotal 25" />
    <PDFField Name="SlotsRemaining 25" Field="SlotsRemaining 25" />
    <PDFField Name="Spells 1091" Field="Spells 1091" />
    <PDFField Name="Spells 1092" Field="Spells 1092" />
    <PDFField Name="Spells 1093" Field="Spells 1093" />
    <PDFField Name="Spells 1094" Field="Spells 1094" />
    <PDFField Name="Spells 1095" Field="Spells 1095" />
    <PDFField Name="Spells 1096" Field="Spells 1096" />
    <PDFField Name="Spells 1097" Field="Spells 1097" />
    <PDFField Name="Spells 1098" Field="Spells 1098" />
    <PDFField Name="Spells 1099" Field="Spells 1099" />
    <PDFField Name="SlotsTotal 26" Field="SlotsTotal 26" />
    <PDFField Name="SlotsRemaining 26" Field="SlotsRemaining 26" />
    <PDFField Name="Spells 10100" Field="Spells 10100" />
    <PDFField Name="Spells 10101" Field="Spells 10101" />
    <PDFField Name="Spells 10102" Field="Spells 10102" />
    <PDFField Name="Spells 10103" Field="Spells 10103" />
    <PDFField Name="Check Box 316" Field="Check Box 316" />
    <PDFField Name="Check Box 3042" Field="Check Box 3042" />
    <PDFField Name="Check Box 3043" Field="Check Box 3043" />
    <PDFField Name="Check Box 3044" Field="Check Box 3044" />
    <PDFField Name="Check Box 3045" Field="Check Box 3045" />
    <PDFField Name="Check Box 3046" Field="Check Box 3046" />
    <PDFField Name="Check Box 3047" Field="Check Box 3047" />
    <PDFField Name="Check Box 3048" Field="Check Box 3048" />
    <PDFField Name="Check Box 3049" Field="Check Box 3049" />
    <PDFField Name="Check Box 3050" Field="Check Box 3050" />
    <PDFField Name="Check Box 3051" Field="Check Box 3051" />
    <PDFField Name="Check Box 3052" Field="Check Box 3052" />
    <PDFField Name="Spells 10104" Field="Spells 10104" />
    <PDFField Name="Check Box 325" Field="Check Box 325" />
    <PDFField Name="Check Box 324" Field="Check Box 324" />
    <PDFField Name="Check Box 3074" Field="Check Box 3074" />
    <PDFField Name="Check Box 3075" Field="Check Box 3075" />
    <PDFField Name="Check Box 3076" Field="Check Box 3076" />
    <PDFField Name="Check Box 3077" Field="Check Box 3077" />
    <PDFField Name="Spells 10105" Field="Spells 10105" />
    <PDFField Name="Spells 10106" Field="Spells 10106" />
    <PDFField Name="Check Box 3078" Field="Check Box 3078" />
    <PDFField Name="SlotsTotal 27" Field="SlotsTotal 27" />
    <PDFField Name="SlotsRemaining 27" Field="SlotsRemaining 27" />
    <PDFField Name="Check Box 313" Field="Check Box 313" />
    <PDFField Name="Check Box 310" Field="Check Box 310" />
    <PDFField Name="Check Box 3020" Field="Check Box 3020" />
    <PDFField Name="Check Box 3021" Field="Check Box 3021" />
    <PDFField Name="Check Box 3022" Field="Check Box 3022" />
    <PDFField Name="Check Box 3023" Field="Check Box 3023" />
    <PDFField Name="Check Box 3024" Field="Check Box 3024" />
    <PDFField Name="Check Box 3025" Field="Check Box 3025" />
    <PDFField Name="Check Box 3026" Field="Check Box 3026" />
    <PDFField Name="Check Box 3027" Field="Check Box 3027" />
    <PDFField Name="Check Box 3028" Field="Check Box 3028" />
    <PDFField Name="Check Box 3029" Field="Check Box 3029" />
    <PDFField Name="Check Box 3030" Field="Check Box 3030" />
    <PDFField Name="Spells 10107" Field="Spells 10107" />
    <PDFField Name="Spells 10108" Field="Spells 10108" />
    <PDFField Name="Spells 10109" Field="Spells 10109" />
    <PDFField Name="Spells 101010" Field="Spells 101010" />
    <PDFField Name="Spells 101011" Field="Spells 101011" />
    <PDFField Name="Spells 101012" Field="Spells 101012" />
    <PDFField Name="Check Box 319" Field="Check Box 319" />
    <PDFField Name="Check Box 318" Field="Check Box 318" />
    <PDFField Name="Check Box 3053" Field="Check Box 3053" />
    <PDFField Name="Check Box 3054" Field="Check Box 3054" />
    <PDFField Name="Check Box 3055" Field="Check Box 3055" />
    <PDFField Name="Check Box 3056" Field="Check Box 3056" />
    <PDFField Name="Check Box 3057" Field="Check Box 3057" />
    <PDFField Name="Check Box 3058" Field="Check Box 3058" />
    <PDFField Name="Check Box 3059" Field="Check Box 3059" />
    <PDFField Name="Check Box 327" Field="Check Box 327" />
    <PDFField Name="Check Box 326" Field="Check Box 326" />
    <PDFField Name="Check Box 3079" Field="Check Box 3079" />
    <PDFField Name="Check Box 3080" Field="Check Box 3080" />
    <PDFField Name="Check Box 3081" Field="Check Box 3081" />
    <PDFField Name="Check Box 3082" Field="Check Box 3082" />
    <PDFField Name="Spells 101013" Field="Spells 101013" />
    <PDFField Name="Check Box 3083" Field="Check Box 3083" />
  </SpellFields>
  <LogFields>
    <PDFField Name="CharacterName" Field="CharacterName" />
    <PDFField Name="ClassLevel" Field="Class and Level" />
    <PDFField Name="PlayerName" Field="Player Name" />
    <PDFField Name="FactionName" Field="Faction" />
    <PDFField Name="DCI" Field="DCI Number" />
    <PDFField Name="Sheet" Field="Sheet Number" />


    <PDFField Name="Title1" Field="Adventure Name" />
    <PDFField Name="Session1" Field="Session" />
    <PDFField Name="Date1" Field="Date" />
    <PDFField Name="DM1" Field="DM Name and DCI" />

    <PDFField Name="XP1" Field="XP Earned" />
    <PDFField Name="XPStart1" Field="Starting XP" />
    <PDFField Name="XPEnd1" Field="XP Total" />

    <PDFField Name="Gold1" Field="Gold" />
    <PDFField Name="GoldStart1" Field="Starting Gold" />
    <PDFField Name="GoldEnd1" Field="Gold Total" />

    <PDFField Name="Downtime1" Field="Downtime" />
    <PDFField Name="DowntimeStart1" Field="Starting Downtime" />
    <PDFField Name="DowntimeEnd1" Field="Downtime Total" />

    <PDFField Name="Renown1" Field="Renown Earned" />
    <PDFField Name="RenownStart1" Field="Starting Renown" />
    <PDFField Name="RenownEnd1" Field="Renown Total" />

    <PDFField Name="MagicItems1" Field="Magic Items" />
    <PDFField Name="MagicItemsStart1" Field="Starting  of Magic Items" />
    <PDFField Name="MagicItemsEnd1" Field="Magic Items Total" />

    <PDFField Name="Notes1Line1" Field="Adventure NotesDowntime Activity 1" />
    <PDFField Name="Notes1Line2" Field="Adventure NotesDowntime Activity 2" />
    <PDFField Name="Notes1Line3" Field="Adventure NotesDowntime Activity 3" />


    <PDFField Name="Title2" Field="Adventure Name_2" />
    <PDFField Name="Session2" Field="Session_2" />
    <PDFField Name="Date2" Field="Date_2" />
    <PDFField Name="DM2" Field="DM Name and DCI_2" />

    <PDFField Name="XP2" Field="XP Earned_2" />
    <PDFField Name="XPStart2" Field="Starting XP_2" />
    <PDFField Name="XPEnd2" Field="XP Total_2" />

    <PDFField Name="Gold2" Field="Gold_2" />
    <PDFField Name="GoldStart2" Field="Starting Gold_2" />
    <PDFField Name="GoldEnd2" Field="Gold Total_2" />

    <PDFField Name="Downtime2" Field="Downtime_2" />
    <PDFField Name="DowntimeStart2" Field="Starting Downtime_2" />
    <PDFField Name="DowntimeEnd2" Field="Downtime Total_2" />

    <PDFField Name="Renown2" Field="Renown Earned_2" />
    <PDFField Name="RenownStart2" Field="Starting Renown_2" />
    <PDFField Name="RenownEnd2" Field="Renown Total_2" />

    <PDFField Name="MagicItems2" Field="Magic Items_2" />
    <PDFField Name="MagicItemsStart2" Field="Starting  of Magic Items_2" />
    <PDFField Name="MagicItemsEnd2" Field="Magic Items Total_2" />

    <PDFField Name="Notes2Line1" Field="Adventure NotesDowntime Activity 1_2" />
    <PDFField Name="Notes2Line2" Field="Adventure NotesDowntime Activity 2_2" />
    <PDFField Name="Notes2Line3" Field="Adventure NotesDowntime Activity 3_2" />


    <PDFField Name="Title3" Field="Adventure Name_3" />
    <PDFField Name="Session3" Field="Session_3" />
    <PDFField Name="Date3" Field="Date_3" />
    <PDFField Name="DM3" Field="DM Name and DCI_3" />

    <PDFField Name="XP3" Field="XP Earned_3" />
    <PDFField Name="XPStart3" Field="Starting XP_3" />
    <PDFField Name="XPEnd3" Field="XP Total_3" />

    <PDFField Name="Gold3" Field="Gold_3" />
    <PDFField Name="GoldStart3" Field="Starting Gold_3" />
    <PDFField Name="GoldEnd3" Field="Gold Total_3" />

    <PDFField Name="Downtime3" Field="Downtime_3" />
    <PDFField Name="DowntimeStart3" Field="Starting Downtime_3" />
    <PDFField Name="DowntimeEnd3" Field="Downtime Total_3" />

    <PDFField Name="Renown3" Field="Renown Earned_3" />
    <PDFField Name="RenownStart3" Field="Starting Renown_3" />
    <PDFField Name="RenownEnd3" Field="Renown Total_3" />

    <PDFField Name="MagicItems3" Field="Magic Items_3" />
    <PDFField Name="MagicItemsStart3" Field="Starting  of Magic Items_3" />
    <PDFField Name="MagicItemsEnd3" Field="Magic Items Total_3" />

    <PDFField Name="Notes3Line1" Field="Adventure NotesDowntime Activity 1_3" />
    <PDFField Name="Notes3Line2" Field="Adventure NotesDowntime Activity 2_3" />
    <PDFField Name="Notes3Line3" Field="Adventure NotesDowntime Activity 3_3" />

  </LogFields>
  <SpellbookFields>
    <PDFField Name="Name1" Field="Spell 1" />
    <PDFField Name="Classes1" Field="Spell Type 1" />
    <PDFField Name="Time1" Field="Casting Time 1" />
    <PDFField Name="Range1" Field="Range 1" />
    <PDFField Name="Components1" Field="Components 1" />
    <PDFField Name="Duration1" Field="Duration 1" />
    <PDFField Name="Description1" Field="Spell Description 1" />

    <PDFField Name="Name2" Field="Spell 4" />
    <PDFField Name="Classes2" Field="Spell Type 4" />
    <PDFField Name="Time2" Field="Casting Time 4" />
    <PDFField Name="Range2" Field="Range 4" />
    <PDFField Name="Components2" Field="Components 4" />
    <PDFField Name="Duration2" Field="Duration 4" />
    <PDFField Name="Description2" Field="Spell Description 4" />

    <PDFField Name="Name3" Field="Spell 2" />
    <PDFField Name="Classes3" Field="Spell Type 2" />
    <PDFField Name="Time3" Field="Casting Time 2" />
    <PDFField Name="Range3" Field="Range 2" />
    <PDFField Name="Components3" Field="Components 2" />
    <PDFField Name="Duration3" Field="Duration 2" />
    <PDFField Name="Description3" Field="Spell Description 2" />

    <PDFField Name="Name4" Field="Spell 5" />
    <PDFField Name="Classes4" Field="Spell Type 5" />
    <PDFField Name="Time4" Field="Casting Time 5" />
    <PDFField Name="Range4" Field="Range 5" />
    <PDFField Name="Components4" Field="Components 5" />
    <PDFField Name="Duration4" Field="Duration 5" />
    <PDFField Name="Description4" Field="Spell Description 5" />

    <PDFField Name="Name5" Field="Spell 3" />
    <PDFField Name="Classes5" Field="Spell Type 3" />
    <PDFField Name="Time5" Field="Casting Time 3" />
    <PDFField Name="Range5" Field="Range 3" />
    <PDFField Name="Components5" Field="Components 3" />
    <PDFField Name="Duration5" Field="Duration 3" />
    <PDFField Name="Description5" Field="Spell Description 3" />

    <PDFField Name="Name6" Field="Spell 6" />
    <PDFField Name="Classes6" Field="Spell Type 6" />
    <PDFField Name="Time6" Field="Casting Time 6" />
    <PDFField Name="Range6" Field="Range 6" />
    <PDFField Name="Components6" Field="Components 6" />
    <PDFField Name="Duration6" Field="Duration 6" />
    <PDFField Name="Description6" Field="Spell Description 6" />

  </SpellbookFields>
  <ActionsFields>
    <PDFField Name="CharacterName" Field="CharacterName" />
    <PDFField Name="CondtionPoisoned" Field="CondtionPoisoned" />
    <PDFField Name="CondtionInvisible" Field="CondtionInvisible" />
    <PDFField Name="CondtionFreightened" Field="CondtionFreightened" />
    <PDFField Name="CondtionBlinded" Field="CondtionBlinded" />
    <PDFField Name="CondtionStunned" Field="CondtionStunned" />
    <PDFField Name="CondtionRestrained" Field="CondtionRestrained" />
    <PDFField Name="CondtionPetrified" Field="CondtionPetrified" />
    <PDFField Name="CondtionParalyzed" Field="CondtionParalyzed" />
    <PDFField Name="CondtionIncapacitated" Field="CondtionIncapacitated" />
    <PDFField Name="CondtionGrappled" Field="CondtionGrappled" />
    <PDFField Name="CondtionDeafened" Field="CondtionDeafened" />
    <PDFField Name="CondtionCharmed" Field="CondtionCharmed" />

    <PDFField Name="DeathSaveSuccess1" Field="SavingSuccess1" />
    <PDFField Name="DeathSaveSuccess2" Field="SavingSuccess2" />
    <PDFField Name="DeathSaveSuccess3" Field="SavingSuccess3" />
    <PDFField Name="DeathSaveFail1" Field="SavingFail1" />
    <PDFField Name="DeathSaveFail2" Field="SavingFail2" />
    <PDFField Name="DeathSaveFail3" Field="SavingFail3" />
    <PDFField Name="DeathSaveStable" Field="SavingStable" />

    <PDFField Name="Speed" Field="Speed" />
    <PDFField Name="Miscellaneous" Field="Miscellaneous" />
    <PDFField Name="CombatActions" Field="CombatActions" />

    <PDFField Name="Action1Type" Field="Action1Type" />
    <PDFField Name="Action1Name" Field="Action1Name" />
    <PDFField Name="Action1Source" Field="Action1Source" />
    <PDFField Name="Action1Text" Field="Action1Text" />

    <PDFField Name="Action2Type" Field="Action2Type" />
    <PDFField Name="Action2Name" Field="Action2Name" />
    <PDFField Name="Action2Source" Field="Action2Source" />
    <PDFField Name="Action2Text" Field="Action2Text" />

    <PDFField Name="Action3Type" Field="Action3Type" />
    <PDFField Name="Action3Name" Field="Action3Name" />
    <PDFField Name="Action3Source" Field="Action3Source" />
    <PDFField Name="Action3Text" Field="Action3Text" />

    <PDFField Name="Action4Type" Field="Action4Type" />
    <PDFField Name="Action4Name" Field="Action4Name" />
    <PDFField Name="Action4Source" Field="Action4Source" />
    <PDFField Name="Action4Text" Field="Action4Text" />

    <PDFField Name="Action5Type" Field="Action5Type" />
    <PDFField Name="Action5Name" Field="Action5Name" />
    <PDFField Name="Action5Source" Field="Action5Source" />
    <PDFField Name="Action5Text" Field="Action5Text" />

    <PDFField Name="Action6Type" Field="Action6Type" />
    <PDFField Name="Action6Name" Field="Action6Name" />
    <PDFField Name="Action6Source" Field="Action6Source" />
    <PDFField Name="Action6Text" Field="Action6Text" />

    <PDFField Name="Action7Type" Field="Action7Type" />
    <PDFField Name="Action7Name" Field="Action7Name" />
    <PDFField Name="Action7Source" Field="Action7Source" />
    <PDFField Name="Action7Text" Field="Action7Text" />

    <PDFField Name="Action8Type" Field="Action8Type" />
    <PDFField Name="Action8Name" Field="Action8Name" />
    <PDFField Name="Action8Source" Field="Action8Source" />
    <PDFField Name="Action8Text" Field="Action8Text" />

    <PDFField Name="Action9Type" Field="Action9Type" />
    <PDFField Name="Action9Name" Field="Action9Name" />
    <PDFField Name="Action9Source" Field="Action9Source" />
    <PDFField Name="Action9Text" Field="Action9Text" />

    <PDFField Name="Action10Type" Field="Action10Type" />
    <PDFField Name="Action10Name" Field="Action10Name" />
    <PDFField Name="Action10Source" Field="Action10Source" />
    <PDFField Name="Action10Text" Field="Action10Text" />

    <PDFField Name="Action11Type" Field="Action11Type" />
    <PDFField Name="Action11Name" Field="Action11Name" />
    <PDFField Name="Action11Source" Field="Action11Source" />
    <PDFField Name="Action11Text" Field="Action11Text" />

    <PDFField Name="Action12Type" Field="Action12Type" />
    <PDFField Name="Action12Name" Field="Action12Name" />
    <PDFField Name="Action12Source" Field="Action12Source" />
    <PDFField Name="Action12Text" Field="Action12Text" />

  </ActionsFields>
  <ActionsFields2>
    <PDFField Name="CharacterName" Field="CharacterName" />
    <PDFField Name="CombatActions" Field="CombatActions" />

    <PDFField Name="Action1Type" Field="Action1Type" />
    <PDFField Name="Action1Name" Field="Action1Name" />
    <PDFField Name="Action1Source" Field="Action1Source" />
    <PDFField Name="Action1Text" Field="Action1Text" />

    <PDFField Name="Action2Type" Field="Action2Type" />
    <PDFField Name="Action2Name" Field="Action2Name" />
    <PDFField Name="Action2Source" Field="Action2Source" />
    <PDFField Name="Action2Text" Field="Action2Text" />

    <PDFField Name="Action3Type" Field="Action3Type" />
    <PDFField Name="Action3Name" Field="Action3Name" />
    <PDFField Name="Action3Source" Field="Action3Source" />
    <PDFField Name="Action3Text" Field="Action3Text" />

    <PDFField Name="Action4Type" Field="Action4Type" />
    <PDFField Name="Action4Name" Field="Action4Name" />
    <PDFField Name="Action4Source" Field="Action4Source" />
    <PDFField Name="Action4Text" Field="Action4Text" />

    <PDFField Name="Action5Type" Field="Action5Type" />
    <PDFField Name="Action5Name" Field="Action5Name" />
    <PDFField Name="Action5Source" Field="Action5Source" />
    <PDFField Name="Action5Text" Field="Action5Text" />

    <PDFField Name="Action6Type" Field="Action6Type" />
    <PDFField Name="Action6Name" Field="Action6Name" />
    <PDFField Name="Action6Source" Field="Action6Source" />
    <PDFField Name="Action6Text" Field="Action6Text" />

    <PDFField Name="Action7Type" Field="Action7Type" />
    <PDFField Name="Action7Name" Field="Action7Name" />
    <PDFField Name="Action7Source" Field="Action7Source" />
    <PDFField Name="Action7Text" Field="Action7Text" />

    <PDFField Name="Action8Type" Field="Action8Type" />
    <PDFField Name="Action8Name" Field="Action8Name" />
    <PDFField Name="Action8Source" Field="Action8Source" />
    <PDFField Name="Action8Text" Field="Action8Text" />

    <PDFField Name="Action9Type" Field="Action9Type" />
    <PDFField Name="Action9Name" Field="Action9Name" />
    <PDFField Name="Action9Source" Field="Action9Source" />
    <PDFField Name="Action9Text" Field="Action9Text" />

    <PDFField Name="Action10Type" Field="Action10Type" />
    <PDFField Name="Action10Name" Field="Action10Name" />
    <PDFField Name="Action10Source" Field="Action10Source" />
    <PDFField Name="Action10Text" Field="Action10Text" />

    <PDFField Name="Action11Type" Field="Action11Type" />
    <PDFField Name="Action11Name" Field="Action11Name" />
    <PDFField Name="Action11Source" Field="Action11Source" />
    <PDFField Name="Action11Text" Field="Action11Text" />

    <PDFField Name="Action12Type" Field="Action12Type" />
    <PDFField Name="Action12Name" Field="Action12Name" />
    <PDFField Name="Action12Source" Field="Action12Source" />
    <PDFField Name="Action12Text" Field="Action12Text" />
    
    <PDFField Name="Action13Type" Field="Action13Type" />
    <PDFField Name="Action13Name" Field="Action13Name" />
    <PDFField Name="Action13Source" Field="Action13Source" />
    <PDFField Name="Action13Text" Field="Action13Text" />

    <PDFField Name="Action14Type" Field="Action14Type" />
    <PDFField Name="Action14Name" Field="Action14Name" />
    <PDFField Name="Action14Source" Field="Action14Source" />
    <PDFField Name="Action14Text" Field="Action14Text" />

    <PDFField Name="Action15Type" Field="Action15Type" />
    <PDFField Name="Action15Name" Field="Action15Name" />
    <PDFField Name="Action15Source" Field="Action15Source" />
    <PDFField Name="Action15Text" Field="Action15Text" />

    <PDFField Name="Action16Type" Field="Action16Type" />
    <PDFField Name="Action16Name" Field="Action16Name" />
    <PDFField Name="Action16Source" Field="Action16Source" />
    <PDFField Name="Action16Text" Field="Action16Text" />

    <PDFField Name="Action17Type" Field="Action17Type" />
    <PDFField Name="Action17Name" Field="Action17Name" />
    <PDFField Name="Action17Source" Field="Action17Source" />
    <PDFField Name="Action17Text" Field="Action17Text" />

    <PDFField Name="Action18Type" Field="Action18Type" />
    <PDFField Name="Action18Name" Field="Action18Name" />
    <PDFField Name="Action18Source" Field="Action18Source" />
    <PDFField Name="Action18Text" Field="Action18Text" />

    <PDFField Name="Action19Type" Field="Action19Type" />
    <PDFField Name="Action19Name" Field="Action19Name" />
    <PDFField Name="Action19Source" Field="Action19Source" />
    <PDFField Name="Action19Text" Field="Action19Text" />

    <PDFField Name="Action20Type" Field="Action20Type" />
    <PDFField Name="Action20Name" Field="Action20Name" />
    <PDFField Name="Action20Source" Field="Action20Source" />
    <PDFField Name="Action20Text" Field="Action20Text" />

    <PDFField Name="Action21Type" Field="Action21Type" />
    <PDFField Name="Action21Name" Field="Action21Name" />
    <PDFField Name="Action21Source" Field="Action21Source" />
    <PDFField Name="Action21Text" Field="Action21Text" />

    <PDFField Name="Action22Type" Field="Action22Type" />
    <PDFField Name="Action22Name" Field="Action22Name" />
    <PDFField Name="Action22Source" Field="Action22Source" />
    <PDFField Name="Action22Text" Field="Action22Text" />

    <PDFField Name="Action23Type" Field="Action23Type" />
    <PDFField Name="Action23Name" Field="Action23Name" />
    <PDFField Name="Action23Source" Field="Action23Source" />
    <PDFField Name="Action23Text" Field="Action23Text" />

    <PDFField Name="Action24Type" Field="Action24Type" />
    <PDFField Name="Action24Name" Field="Action24Name" />
    <PDFField Name="Action24Source" Field="Action24Source" />
    <PDFField Name="Action24Text" Field="Action24Text" />

    <PDFField Name="Action25Type" Field="Action25Type" />
    <PDFField Name="Action25Name" Field="Action25Name" />
    <PDFField Name="Action25Source" Field="Action25Source" />
    <PDFField Name="Action25Text" Field="Action25Text" />

    <PDFField Name="Action26Type" Field="Action26Type" />
    <PDFField Name="Action26Name" Field="Action26Name" />
    <PDFField Name="Action26Source" Field="Action26Source" />
    <PDFField Name="Action26Text" Field="Action26Text" />

    <PDFField Name="Action27Type" Field="Action27Type" />
    <PDFField Name="Action27Name" Field="Action27Name" />
    <PDFField Name="Action27Source" Field="Action27Source" />
    <PDFField Name="Action27Text" Field="Action27Text" />

    <PDFField Name="Action28Type" Field="Action28Type" />
    <PDFField Name="Action28Name" Field="Action28Name" />
    <PDFField Name="Action28Source" Field="Action28Source" />
    <PDFField Name="Action28Text" Field="Action28Text" />

    <PDFField Name="Action29Type" Field="Action29Type" />
    <PDFField Name="Action29Name" Field="Action29Name" />
    <PDFField Name="Action29Source" Field="Action29Source" />
    <PDFField Name="Action29Text" Field="Action29Text" />

    <PDFField Name="Action30Type" Field="Action30Type" />
    <PDFField Name="Action30Name" Field="Action30Name" />
    <PDFField Name="Action30Source" Field="Action30Source" />
    <PDFField Name="Action30Text" Field="Action30Text" />

    <PDFField Name="Action31Type" Field="Action31Type" />
    <PDFField Name="Action31Name" Field="Action31Name" />
    <PDFField Name="Action31Source" Field="Action31Source" />
    <PDFField Name="Action31Text" Field="Action31Text" />

  </ActionsFields2>
  <MonsterFields>
    <PDFField Name="Name1" Field="Name1" />
    <PDFField Name="Type1" Field="Type1" />
    <PDFField Name="AC1" Field="AC1" />
    <PDFField Name="HP1" Field="HP1" />
    <PDFField Name="Speed1" Field="Speed1" />
    <PDFField Name="Str1" Field="Str1" />
    <PDFField Name="Dex1" Field="Dex1" />
    <PDFField Name="Con1" Field="Con1" />
    <PDFField Name="Int1" Field="Int1" />
    <PDFField Name="Wis1" Field="Wis1" />
    <PDFField Name="Cha1" Field="Cha1" />
    <PDFField Name="Trait1" Field="Description1" />

    <PDFField Name="Name2" Field="Name2" />
    <PDFField Name="Type2" Field="Type2" />
    <PDFField Name="AC2" Field="AC2" />
    <PDFField Name="HP2" Field="HP2" />
    <PDFField Name="Speed2" Field="Speed2" />
    <PDFField Name="Str2" Field="Str2" />
    <PDFField Name="Dex2" Field="Dex2" />
    <PDFField Name="Con2" Field="Con2" />
    <PDFField Name="Int2" Field="Int2" />
    <PDFField Name="Wis2" Field="Wis2" />
    <PDFField Name="Cha2" Field="Cha2" />
    <PDFField Name="Trait2" Field="Description2" />
  </MonsterFields>
  <MonstersFile>Monster.pdf</MonstersFile>
  <Name>Alternate Sheet</Name>
  <File>Alternate-PlayerSheet.pdf</File>
  <SpellFile>Default-Spellsheet.pdf</SpellFile>
  <LogFile>DnDAdvLgLogsheet.pdf</LogFile>
  <SpellbookFile>Spellbook.pdf</SpellbookFile>
  <ActionsFile>CombatSheet.pdf</ActionsFile>
  <ActionsFile2>CombatSheet2.pdf</ActionsFile2>
</PDF>
