<?xml version="1.0" encoding="utf-8"?>
<MagicProperty xmlns:xsi="http://www.w3.org/2001/XMLSchema-instance" xmlns:xsd="http://www.w3.org/2001/XMLSchema">
  <AttunementFeatures>
    <Feature>
      <Keywords />
      <Name>Alertness</Name>
      <Text>While holding the rod, you have advantage on Wisdom (Perception) checks and on rolls for initiative.</Text>
      <Level>0</Level>
      <Hidden>false</Hidden>
      <NoDisplay>false</NoDisplay>
      <Action>Hidden</Action>
      <Prerequisite />
    </Feature>
    <Feature>
      <Keywords />
      <Name>Spells</Name>
      <Text>While holding the rod, you can use an action to cast one of the following spells from it: detect evil and good, detect magic, detect poison and disease, or see invisibility.</Text>
      <Level>0</Level>
      <Hidden>false</Hidden>
      <NoDisplay>false</NoDisplay>
      <Action>Hidden</Action>
      <Prerequisite />
    </Feature>
    <BonusSpellFeature>
      <Keywords />
      <Name>Rod of Alertness</Name>
      <Text>While holding the rod, you can use an action to cast one of the following spells from it: detect evil and good, detect magic, detect poison and disease, or see invisibility.</Text>
      <Level>0</Level>
      <Hidden>true</Hidden>
      <NoDisplay>true</NoDisplay>
      <Action>Action</Action>
      <Prerequisite />
      <Spell>Detect Evil and Good</Spell>
      <SpellCastingAbility>None</SpellCastingAbility>
      <SpellCastModifier>AtWill</SpellCastModifier>
      <KeywordsToAdd />
    </BonusSpellFeature>
    <BonusSpellFeature>
      <Keywords />
      <Name>Rod of Alertness</Name>
      <Text>While holding the rod, you can use an action to cast one of the following spells from it: detect evil and good, detect magic, detect poison and disease, or see invisibility.</Text>
      <Level>0</Level>
      <Hidden>true</Hidden>
      <NoDisplay>true</NoDisplay>
      <Action>Action</Action>
      <Prerequisite />
      <Spell>Detect Magic</Spell>
      <SpellCastingAbility>None</SpellCastingAbility>
      <SpellCastModifier>AtWill</SpellCastModifier>
      <KeywordsToAdd />
    </BonusSpellFeature>
    <BonusSpellFeature>
      <Keywords />
      <Name>Rod of Alertness</Name>
      <Text>While holding the rod, you can use an action to cast one of the following spells from it: detect evil and good, detect magic, detect poison and disease, or see invisibility.</Text>
      <Level>0</Level>
      <Hidden>true</Hidden>
      <NoDisplay>true</NoDisplay>
      <Action>Action</Action>
      <Prerequisite />
      <Spell>Detect Poison and Disease</Spell>
      <SpellCastingAbility>None</SpellCastingAbility>
      <SpellCastModifier>AtWill</SpellCastModifier>
      <KeywordsToAdd />
    </BonusSpellFeature>
    <BonusSpellFeature>
      <Keywords />
      <Name>Rod of Alertness</Name>
      <Text>While holding the rod, you can use an action to cast one of the following spells from it: detect evil and good, detect magic, detect poison and disease, or see invisibility.</Text>
      <Level>0</Level>
      <Hidden>true</Hidden>
      <NoDisplay>true</NoDisplay>
      <Action>Action</Action>
      <Prerequisite />
      <Spell>See Invisibility</Spell>
      <SpellCastingAbility>None</SpellCastingAbility>
      <SpellCastModifier>AtWill</SpellCastModifier>
      <KeywordsToAdd />
    </BonusSpellFeature>
    <ResourceFeature>
      <Keywords />
      <Name>Protective Aura</Name>
      <Text>As an action, you can plant the haft end of the rod in the ground, whereupon the rod's head sheds bright light in a 60-foot radius and dim light for an additional 60 feet. While in that bright light, you and any creature that is friendly to you gain a +1 bonus to AC and saving throws and can sense the location of any invisible hostile creature that is also in the bright light.
The rod's head stops glowing and the effect ends after 10 minutes, or when a creature uses an action to pull the rod from the ground. This property can't be used again until the next dawn.</Text>
      <Level>0</Level>
      <Hidden>false</Hidden>
      <NoDisplay>false</NoDisplay>
      <Action>Action</Action>
      <Prerequisite />
      <ValueBonus>None</ValueBonus>
      <Value>1</Value>
      <ResourceID>ROD_OF_ALERTNESS</ResourceID>
      <Recharge>Dawn</Recharge>
      <ExclusionID />
    </ResourceFeature>
  </AttunementFeatures>
  <CarryFeatures />
  <EquipFeatures />
  <AttunedEquipFeatures />
  <OnUseFeatures />
  <AttunedOnUseFeatures />
  <Requirement>Rod</Requirement>
  <Name>Rod of Alertness</Name>
  <Description>This rod has a flanged head and the following properties.</Description>
  <Slot>Focus</Slot>
  <Base>Rod</Base>
  <Source>Systems Reference Document v5.1</Source>
  <PostName>of Alertness</PostName>
  <Rarity>VeryRare</Rarity>
</MagicProperty>