<?xml version="1.0" encoding="utf-8"?>
<MagicProperty xmlns:xsi="http://www.w3.org/2001/XMLSchema-instance" xmlns:xsd="http://www.w3.org/2001/XMLSchema">
  <AttunementFeatures>
    <ResourceFeature>
      <Keywords />
      <Name>Rod of Rulership</Name>
      <Text>You can use an action to present the rod and command obedience from each creature of your choice that you can see within 120 feet of you. Each target must succeed on a DC 15 Wisdom saving throw or be charmed by you for 8 hours. While charmed in this way, the creature regards you as its trusted leader. If harmed by you or your companions, or commanded to do something contrary to its nature, a target ceases to be charmed in this way. The rod can't be used again until the next dawn.</Text>
      <Level>0</Level>
      <Hidden>false</Hidden>
      <Prerequisite />
      <ValueBonus>None</ValueBonus>
      <Value>1</Value>
      <ResourceID>ROD_OF_RULERSHIP</ResourceID>
      <Recharge>Dawn</Recharge>
      <ExclusionID />
    </ResourceFeature>
  </AttunementFeatures>
  <CarryFeatures />
  <EquipFeatures />
  <AttunedEquipFeatures />
  <OnUseFeatures />
  <AttunedOnUseFeatures />
  <Requirement>Rod</Requirement>
  <Name>Rod of Rulership</Name>
  <Description>You can use an action to present the rod and command obedience from each creature of your choice that you can see within 120 feet of you. Each target must succeed on a DC 15 Wisdom saving throw or be charmed by you for 8 hours. While charmed in this way, the creature regards you as its trusted leader. If harmed by you or your companions, or commanded to do something contrary to its nature, a target ceases to be charmed in this way. The rod can't be used again until the next dawn.</Description>
  <Slot>Focus</Slot>
  <Base>Rod</Base>
  <Source>Systems Reference Document v5.1</Source>
  <PostName>of Rulership</PostName>
  <Rarity>Rare</Rarity>
</MagicProperty>