<?xml version="1.0" encoding="utf-8"?>
<MagicProperty xmlns:xsi="http://www.w3.org/2001/XMLSchema-instance" xmlns:xsd="http://www.w3.org/2001/XMLSchema">
  <AttunementFeatures>
    <ResourceFeature>
      <Keywords />
      <Name>Rod of Absorption</Name>
      <Text>While holding this rod, you can use your reaction to absorb a spell that is targeting only you and not with an area of effect. The absorbed spell's effect is canceled, and the spell's energy--not the spell itself--is stored in the rod. The energy has the same level as the spell when it was cast. The rod can absorb and store up to 50 levels of energy over the course of its existence. Once the rod absorbs 50 levels of energy, it can't absorb more. If you are targeted by a spell that the rod can't store, the rod has no effect on that spell.
When you become attuned to the rod, you know how many levels of energy the rod has absorbed over the course of its existence, and how many levels of spell energy it currently has stored.</Text>
      <Level>0</Level>
      <Hidden>false</Hidden>
      <Prerequisite />
      <ValueBonus>None</ValueBonus>
      <Value>50</Value>
      <ResourceID>ROB_OF_ABSORPTION</ResourceID>
      <Recharge>NoRecharge</Recharge>
      <ExclusionID />
    </ResourceFeature>
    <ResourceFeature>
      <Keywords />
      <Name>Rod of Absorption - Stored Energy</Name>
      <Text>If you are a spellcaster holding the rod, you can convert energy stored in it into spell slots to cast spells you have prepared or know. You can create spell slots only of a level equal to or lower than your own spell slots, up to a maximum of 5th level. You use the stored levels in place of your slots, but otherwise cast the spell as normal. For example, you can use 3 levels stored in the rod as a 3rd-level spell slot.
A newly found rod has 1d10 levels of spell energy stored in it already. A rod that can no longer absorb spell energy and has no energy remaining becomes nonmagical.</Text>
      <Level>0</Level>
      <Hidden>false</Hidden>
      <Prerequisite />
      <ValueBonus>None</ValueBonus>
      <Value>50</Value>
      <ResourceID>ROB_OF_ABSORPTION_STORED</ResourceID>
      <Recharge>Special</Recharge>
      <ExclusionID />
    </ResourceFeature>
  </AttunementFeatures>
  <CarryFeatures />
  <EquipFeatures />
  <AttunedEquipFeatures />
  <OnUseFeatures />
  <AttunedOnUseFeatures />
  <Requirement>Rod</Requirement>
  <Name>Rod of Absorption</Name>
  <Description>While holding this rod, you can use your reaction to absorb a spell that is targeting only you and not with an area of effect. The absorbed spell's effect is canceled, and the spell's energy--not the spell itself--is stored in the rod. The energy has the same level as the spell when it was cast. The rod can absorb and store up to 50 levels of energy over the course of its existence. Once the rod absorbs 50 levels of energy, it can't absorb more. If you are targeted by a spell that the rod can't store, the rod has no effect on that spell.

When you become attuned to the rod, you know how many levels of energy the rod has absorbed over the course of its existence, and how many levels of spell energy it currently has stored.
If you are a spellcaster holding the rod, you can convert energy stored in it into spell slots to cast spells you have prepared or know. You can create spell slots only of a level equal to or lower than your own spell slots, up to a maximum of 5th level. You use the stored levels in place of your slots, but otherwise cast the spell as normal. For example, you can use 3 levels stored in the rod as a 3rd-level spell slot.
A newly found rod has 1d10 levels of spell energy stored in it already. A rod that can no longer absorb spell energy and has no energy remaining becomes nonmagical.</Description>
  <Slot>Focus</Slot>
  <Base>Rod</Base>
  <Source>Systems Reference Document v5.1</Source>
  <PostName>of Absorption</PostName>
  <Rarity>VeryRare</Rarity>
</MagicProperty>