<?xml version="1.0" encoding="utf-8"?>
<MagicProperty xmlns:xsi="http://www.w3.org/2001/XMLSchema-instance" xmlns:xsd="http://www.w3.org/2001/XMLSchema">
  <AttunementFeatures>
    <Feature>
      <Keywords />
      <Name>Random Properties</Name>
      <Text>An Orb of Dragonkind has the following random properties:
 • 2 minor beneficial properties
 • 1 minor detrimental property
 • 1 major detrimental property
</Text>
      <Level>0</Level>
      <Hidden>true</Hidden>
      <Prerequisite />
    </Feature>
    <ResourceFeature>
      <Keywords />
      <Name>Orb of Dragonkind - Spells </Name>
      <Text>The orb has 7 charges and regains 1d4 + 3 expended charges daily at dawn. If you control the orb, you can use an action and expend 1 or more charges to cast one of the following spells (save DC 18) from it: cure wounds (5th-level version, 3 charges), daylight (1 charge), death ward (2 charges), or scrying (3 charges).
You can also use an action to cast the detect magic spell from the orb without using any charges.</Text>
      <Level>0</Level>
      <Hidden>false</Hidden>
      <Prerequisite />
      <ValueBonus>None</ValueBonus>
      <Value>7</Value>
      <ResourceID>ORB_OF_DRAGONKIND</ResourceID>
      <Recharge>Dawn</Recharge>
      <ExclusionID />
    </ResourceFeature>
    <ResourceFeature>
      <Keywords />
      <Name>Orb of Dragonkind - Call Dragons</Name>
      <Text>While you control the orb, you can use an action to cause the artifact to issue a telepathic call that extends in all directions for 40 miles. Evil dragons in range feel compelled to come to the orb as soon as possible by the most direct route. Dragon deities such as Tiamat are unaffected by this call. Dragons drawn to the orb might be hostile toward you for compelling them against their will. Once you have used this property, it can't be used again for 1 hour.</Text>
      <Level>0</Level>
      <Hidden>false</Hidden>
      <Prerequisite />
      <ValueBonus>None</ValueBonus>
      <Value>1</Value>
      <ResourceID>ORB_OF_DRAGONKIND_CALL_DRAGONS</ResourceID>
      <Recharge>Special</Recharge>
      <ExclusionID />
    </ResourceFeature>
    <BonusSpellFeature>
      <Keywords />
      <Name />
      <Text />
      <Level>0</Level>
      <Hidden>true</Hidden>
      <Prerequisite />
      <Spell>Cure Wounds</Spell>
      <SpellCastingAbility>None</SpellCastingAbility>
      <SpellCastModifier>Charges</SpellCastModifier>
      <KeywordsToAdd />
    </BonusSpellFeature>
    <BonusSpellFeature>
      <Keywords />
      <Name />
      <Text />
      <Level>0</Level>
      <Hidden>true</Hidden>
      <Prerequisite />
      <Spell>Daylight</Spell>
      <SpellCastingAbility>None</SpellCastingAbility>
      <SpellCastModifier>Charges</SpellCastModifier>
      <KeywordsToAdd />
    </BonusSpellFeature>
    <BonusSpellFeature>
      <Keywords />
      <Name />
      <Text />
      <Level>0</Level>
      <Hidden>true</Hidden>
      <Prerequisite />
      <Spell>Death Ward</Spell>
      <SpellCastingAbility>None</SpellCastingAbility>
      <SpellCastModifier>Charges</SpellCastModifier>
      <KeywordsToAdd />
    </BonusSpellFeature>
    <BonusSpellFeature>
      <Keywords />
      <Name />
      <Text />
      <Level>0</Level>
      <Hidden>true</Hidden>
      <Prerequisite />
      <Spell>Scrying</Spell>
      <SpellCastingAbility>None</SpellCastingAbility>
      <SpellCastModifier>Charges</SpellCastModifier>
      <KeywordsToAdd />
    </BonusSpellFeature>
    <BonusSpellFeature>
      <Keywords />
      <Name />
      <Text />
      <Level>0</Level>
      <Hidden>true</Hidden>
      <Prerequisite />
      <Spell>Detect Magic</Spell>
      <SpellCastingAbility>None</SpellCastingAbility>
      <SpellCastModifier>AtWill</SpellCastModifier>
      <KeywordsToAdd />
    </BonusSpellFeature>
  </AttunementFeatures>
  <CarryFeatures>
    <Feature>
      <Keywords />
      <Name>Destroying an Orb</Name>
      <Text>An Orb of Dragonkind appears fragile but is impervious to most damage, including the attacks and breath weapons of dragons. A disintegrate spell or one good hit from a +3 magic weapon is sufficient to destroy an orb, however.</Text>
      <Level>0</Level>
      <Hidden>true</Hidden>
      <Prerequisite />
    </Feature>
  </CarryFeatures>
  <EquipFeatures />
  <AttunedEquipFeatures />
  <OnUseFeatures />
  <AttunedOnUseFeatures />
  <Requirement>Wondrous Item</Requirement>
  <Name>Orb of Dragonkind</Name>
  <Description>Ages past, elves and humans waged a terrible war against evil dragons. When the world seemed doomed, powerful wizards came together and worked their greatest magic, forging five Orbs of Dragonkind (or Dragon Orbs) to help them defeat the dragons. One orb was taken to each of the five wizard towers, and there they were used to speed the war toward a victorious end. The wizards used the orbs to lure dragons to them, then destroyed the dragons with powerful magic.
As the wizard towers fell in later ages, the orbs were destroyed or faded into legend, and only three are thought to survive. Their magic has been warped and twisted over the centuries, so although their primary purpose of calling dragons still functions, they also allow some measure of control over dragons.
Each orb contains the essence of an evil dragon, a presence that resents any attempt to coax magic from it. Those lacking in force of personality might find themselves enslaved to an orb.
An orb is an etched crystal globe about 10 inches in diameter. When used, it grows to about 20 inches in diameter, and mist swirls inside it.
While attuned to an orb, you can use an action to peer into the orb's depths and speak its command word. You must then make a DC 15 Charisma check. On a successful check, you control the orb for as long as you remain attuned to it. On a failed check, you become charmed by the orb for as long as you remain attuned to it.
While you are charmed by the orb, you can't voluntarily end your attunement to it, and the orb casts suggestion on you at will (save DC 18), urging you to work toward the evil ends it desires. The dragon essence within the orb might want many things: the annihilation of a particular people, freedom from the orb, to spread suffering in the world, to advance the worship of Tiamat, or something else the GM decides.</Description>
  <Slot>Wonderous</Slot>
  <Base>Orb</Base>
  <Source>Systems Reference Document v5.1</Source>
  <Rarity>Artifact</Rarity>
</MagicProperty>