<?xml version="1.0" encoding="utf-8"?>
<MagicProperty xmlns:xsi="http://www.w3.org/2001/XMLSchema-instance" xmlns:xsd="http://www.w3.org/2001/XMLSchema">
  <AttunementFeatures />
  <CarryFeatures />
  <EquipFeatures />
  <AttunedEquipFeatures>
    <Feature>
      <Keywords />
      <Name>Animated Shield</Name>
      <Text>While holding this shield, you can speak its command word as a bonus action to cause it to animate. The shield leaps into the air and hovers in your space to protect you as if you were wielding it, leaving your hands free. The shield remains animated for 1 minute, until you use a bonus action to end this effect, or until you are incapacitated or die, at which point the shield falls to the ground or into your hand if you have one free.</Text>
      <Level>0</Level>
      <Hidden>false</Hidden>
      <Prerequisite />
    </Feature>
  </AttunedEquipFeatures>
  <OnUseFeatures />
  <AttunedOnUseFeatures />
  <Requirement>Armor (shield)</Requirement>
  <Name>Animated Shield</Name>
  <Description>While holding this shield, you can speak its command word as a bonus action to cause it to animate. The shield leaps into the air and hovers in your space to protect you as if you were wielding it, leaving your hands free. The shield remains animated for 1 minute, until you use a bonus action to end this effect, or until you are incapacitated or die, at which point the shield falls to the ground or into your hand if you have one free.</Description>
  <Slot>Weapon</Slot>
  <Base>Shield</Base>
  <Source>Systems Reference Document v5.1</Source>
  <PrependName>Animated</PrependName>
  <Rarity>VeryRare</Rarity>
</MagicProperty>