<?xml version="1.0" encoding="utf-8"?>
<MagicProperty xmlns:xsi="http://www.w3.org/2001/XMLSchema-instance" xmlns:xsd="http://www.w3.org/2001/XMLSchema">
  <AttunementFeatures>
    <Feature>
      <Keywords />
      <Name>Arrow-Catching Shield</Name>
      <Text>You gain a +2 bonus to AC against ranged attacks while you wield this shield. This bonus is in addition to the shield’s normal bonus to AC. In addition, whenever an attacker makes a ranged attack against a target within 5 feet of you, you can use your reaction to become the target of the attack instead.</Text>
      <Level>0</Level>
      <Hidden>false</Hidden>
      <NoDisplay>false</NoDisplay>
      <Action>Hidden</Action>
      <Prerequisite />
    </Feature>
  </AttunementFeatures>
  <CarryFeatures />
  <EquipFeatures />
  <AttunedEquipFeatures />
  <OnUseFeatures />
  <AttunedOnUseFeatures />
  <Requirement>Armor (shield)</Requirement>
  <Name>Arrow-Catching Shield</Name>
  <Description>While holding this shield, you can speak its command word as a bonus action to cause it to animate. The shield leaps into the air and hovers in your space to protect you as if you were wielding it, leaving your hands free. The shield remains animated for 1 minute, until you use a bonus action to end this effect, or until you are incapacitated or die, at which point the shield falls to the ground or into your hand if you have one free.</Description>
  <Slot>Weapon</Slot>
  <Base>Shield</Base>
  <Source>Systems Reference Document v5.1</Source>
  <PrependName>Arrow-Catching</PrependName>
  <Rarity>Rare</Rarity>
</MagicProperty>