<?xml version="1.0" encoding="utf-8"?>
<MagicProperty xmlns:xsi="http://www.w3.org/2001/XMLSchema-instance" xmlns:xsd="http://www.w3.org/2001/XMLSchema">
  <AttunementFeatures />
  <CarryFeatures />
  <EquipFeatures>
    <BonusFeature>
      <Keywords />
      <Name>Demon Armor</Name>
      <Text>You gain a +1 bonus to AC</Text>
      <Level>0</Level>
      <Hidden>true</Hidden>
      <NoDisplay>false</NoDisplay>
      <Action>Hidden</Action>
      <Prerequisite />
      <Condition>true</Condition>
      <Skills />
      <SkillBonus>0</SkillBonus>
      <SkillPassive>false</SkillPassive>
      <AttackBonus>0</AttackBonus>
      <DamageBonus>0</DamageBonus>
      <SaveDCBonus>0</SaveDCBonus>
      <ACBonus>1</ACBonus>
      <InitiativeBonus>0</InitiativeBonus>
      <DamageBonusModifier>None</DamageBonusModifier>
      <BaseAbility>None</BaseAbility>
      <SavingThrowBonus>0</SavingThrowBonus>
      <ProficiencyBonus>0</ProficiencyBonus>
      <SavingThrowAbility>None</SavingThrowAbility>
      <SizeChange>0</SizeChange>
      <ProficiencyOptions />
    </BonusFeature>
    <BonusFeature>
      <Keywords />
      <Name>Demon Armor Claws</Name>
      <Text>The armor's clawed gauntlets turn unarmed strikes with your hands into magic weapons that deal slashing damage, with a +1 bonus to attack rolls and damage rolls and a damage die of 1d8.</Text>
      <Level>0</Level>
      <Hidden>false</Hidden>
      <NoDisplay>false</NoDisplay>
      <Action>Hidden</Action>
      <Prerequisite />
      <Condition>Name = "Unarmed Strike"</Condition>
      <Skills />
      <SkillBonus>0</SkillBonus>
      <SkillPassive>false</SkillPassive>
      <AttackBonus>1</AttackBonus>
      <DamageBonus>0</DamageBonus>
      <SaveDCBonus>0</SaveDCBonus>
      <InitiativeBonus>0</InitiativeBonus>
      <DamageBonusText>+1d8</DamageBonusText>
      <DamageBonusModifier>None</DamageBonusModifier>
      <BaseAbility>None</BaseAbility>
      <SavingThrowBonus>0</SavingThrowBonus>
      <ProficiencyBonus>0</ProficiencyBonus>
      <SavingThrowAbility>None</SavingThrowAbility>
      <SizeChange>0</SizeChange>
      <ProficiencyOptions />
    </BonusFeature>
    <LanguageProficiencyFeature>
      <Keywords />
      <Name>Demon Armor Language</Name>
      <Text>You can understand and speak Abyssal</Text>
      <Level>0</Level>
      <Hidden>false</Hidden>
      <NoDisplay>false</NoDisplay>
      <Action>Hidden</Action>
      <Prerequisite />
      <Languages>
        <string>Abyssal</string>
      </Languages>
    </LanguageProficiencyFeature>
    <Feature>
      <Keywords />
      <Name>Curse</Name>
      <Text>Once you don this cursed armor, you can't doff it unless you are targeted by the remove curse spell or similar magic. While wearing the armor, you have disadvantage on attack rolls against demons and on saving throws against their spells and special abilities.</Text>
      <Level>0</Level>
      <Hidden>false</Hidden>
      <NoDisplay>false</NoDisplay>
      <Action>Hidden</Action>
      <Prerequisite />
    </Feature>
  </EquipFeatures>
  <AttunedEquipFeatures />
  <OnUseFeatures />
  <AttunedOnUseFeatures />
  <Requirement>Plate</Requirement>
  <Name>Demon Armor</Name>
  <Description>While wearing this armor, you gain a +1 bonus to AC, and you can understand and speak Abyssal. In addition, the armor's clawed gauntlets turn unarmed strikes with your hands into magic weapons that deal slashing damage, with a +1 bonus to attack rolls and damage rolls and a damage die of 1d8.</Description>
  <Slot>Armor</Slot>
  <Base>Armor and Plate</Base>
  <Source>Systems Reference Document v5.1</Source>
  <PrependName>Demon</PrependName>
  <Rarity>VeryRare</Rarity>
</MagicProperty>