<?xml version="1.0" encoding="utf-8"?>
<MagicProperty xmlns:xsi="http://www.w3.org/2001/XMLSchema-instance" xmlns:xsd="http://www.w3.org/2001/XMLSchema">
  <AttunementFeatures />
  <CarryFeatures />
  <EquipFeatures>
    <BonusFeature>
      <Keywords />
      <Name>Dwarven Plate</Name>
      <Text>You gain a +2 bonus to AC. In addition, if an effect moves you against your will along the ground, you can use your reaction to reduce the distance you are moved by up to 10 feet.</Text>
      <Level>0</Level>
      <Hidden>false</Hidden>
      <Prerequisite />
      <Condition>true</Condition>
      <Skills />
      <SkillBonus>0</SkillBonus>
      <SkillPassive>false</SkillPassive>
      <AttackBonus>0</AttackBonus>
      <DamageBonus>0</DamageBonus>
      <SaveDCBonus>0</SaveDCBonus>
      <ACBonus>2</ACBonus>
      <InitiativeBonus>0</InitiativeBonus>
      <DamageBonusModifier>None</DamageBonusModifier>
      <BaseAbility>None</BaseAbility>
      <SavingThrowBonus>0</SavingThrowBonus>
      <ProficiencyBonus>0</ProficiencyBonus>
      <SavingThrowAbility>None</SavingThrowAbility>
      <ProficiencyOptions />
    </BonusFeature>
  </EquipFeatures>
  <AttunedEquipFeatures />
  <OnUseFeatures />
  <AttunedOnUseFeatures />
  <Requirement>Armor (plate)</Requirement>
  <Name>Dwarven Plate</Name>
  <Description>While wearing this armor, you gain a +2 bonus to AC. In addition, if an effect moves you against your will along the ground, you can use your reaction to reduce the distance you are moved by up to 10 feet.</Description>
  <Slot>Armor</Slot>
  <Base>Armor and Plate</Base>
  <Source>Systems Reference Document v5.1</Source>
  <PrependName>Dwarven </PrependName>
  <Rarity>VeryRare</Rarity>
</MagicProperty>