<?xml version="1.0" encoding="utf-8"?>
<MagicProperty xmlns:xsi="http://www.w3.org/2001/XMLSchema-instance" xmlns:xsd="http://www.w3.org/2001/XMLSchema">
  <AttunementFeatures />
  <CarryFeatures />
  <EquipFeatures>
    <BonusFeature>
      <Keywords />
      <Name>Elven Chain</Name>
      <Text>You gain a +1 bonus to AC while you wear this armor. You are considered proficient with this armor even if you lack proficiency with medium armor.</Text>
      <Level>0</Level>
      <Hidden>false</Hidden>
      <Prerequisite />
      <Condition>true</Condition>
      <Skills />
      <SkillBonus>0</SkillBonus>
      <SkillPassive>false</SkillPassive>
      <AttackBonus>0</AttackBonus>
      <DamageBonus>0</DamageBonus>
      <SaveDCBonus>0</SaveDCBonus>
      <ACBonus>1</ACBonus>
      <InitiativeBonus>0</InitiativeBonus>
      <DamageBonusModifier>None</DamageBonusModifier>
      <BaseAbility>None</BaseAbility>
      <SavingThrowBonus>0</SavingThrowBonus>
      <ProficiencyBonus>0</ProficiencyBonus>
      <SavingThrowAbility>None</SavingThrowAbility>
      <ProficiencyOptions />
    </BonusFeature>
  </EquipFeatures>
  <AttunedEquipFeatures />
  <OnUseFeatures />
  <AttunedOnUseFeatures />
  <Requirement>Armor (chain shirt)</Requirement>
  <Name>Elven Chain</Name>
  <Description>You gain a +1 bonus to AC while you wear this armor. You are considered proficient with this armor even if you lack proficiency with medium armor.</Description>
  <Slot>Armor</Slot>
  <Base>Armor and Chainshirt</Base>
  <Source>Systems Reference Document v5.1</Source>
  <PrependName>Elven </PrependName>
  <Rarity>Rare</Rarity>
</MagicProperty>