<?xml version="1.0" encoding="utf-8"?>
<MagicProperty xmlns:xsi="http://www.w3.org/2001/XMLSchema-instance" xmlns:xsd="http://www.w3.org/2001/XMLSchema">
  <AttunementFeatures />
  <CarryFeatures />
  <EquipFeatures />
  <AttunedEquipFeatures>
    <ResourceFeature>
      <Keywords />
      <Name>Plate Armor of Etherealness</Name>
      <Text>While you're wearing this armor, you can speak its command word as an action to gain the effect of the etherealness spell, which last for 10 minutes or until you remove the armor or use an action to speak the command word again. This property of the armor can't be used again until the next dawn.</Text>
      <Level>0</Level>
      <Hidden>false</Hidden>
      <Prerequisite />
      <ValueBonus>None</ValueBonus>
      <Value>1</Value>
      <ResourceID>ARMOR_OF_ETHEREALNESS</ResourceID>
      <Recharge>Dawn</Recharge>
      <ExclusionID />
    </ResourceFeature>
  </AttunedEquipFeatures>
  <OnUseFeatures />
  <AttunedOnUseFeatures />
  <Requirement>Armor (plate)</Requirement>
  <Name>Plate Armor of Etherealness</Name>
  <Description>While you're wearing this armor, you can speak its command word as an action to gain the effect of the etherealness spell, which last for 10 minutes or until you remove the armor or use an action to speak the command word again. This property of the armor can't be used again until the next dawn.</Description>
  <Slot>Armor</Slot>
  <Base>Armor and Plate</Base>
  <Source>Systems Reference Document v5.1</Source>
  <PostName>of Etherealness</PostName>
  <Rarity>Legendary</Rarity>
</MagicProperty>