<?xml version="1.0" encoding="utf-8"?>
<MagicProperty xmlns:xsi="http://www.w3.org/2001/XMLSchema-instance" xmlns:xsd="http://www.w3.org/2001/XMLSchema">
  <AttunementFeatures>
    <Feature>
      <Keywords />
      <Name>Curse</Name>
      <Text>This shield is cursed. Attuning to it curses you until you are targeted by the remove curse spell or similar magic. Removing the shield fails to end the curse on you. Whenever a ranged weapon attack is made against a target within 10 feet of you, the curse causes you to become the target instead.</Text>
      <Level>0</Level>
      <Hidden>false</Hidden>
      <Prerequisite />
    </Feature>
  </AttunementFeatures>
  <CarryFeatures />
  <EquipFeatures />
  <AttunedEquipFeatures>
    <Feature>
      <Keywords />
      <Name>Shield of Missile Attraction</Name>
      <Text>While holding this shield, you have resistance to damage from ranged weapon attacks.</Text>
      <Level>0</Level>
      <Hidden>false</Hidden>
      <Prerequisite />
    </Feature>
  </AttunedEquipFeatures>
  <OnUseFeatures />
  <AttunedOnUseFeatures />
  <Requirement>Armor (shield)</Requirement>
  <Name>Shield of Missile Attraction</Name>
  <Description>While holding this shield, you have resistance to damage from ranged weapon attacks.</Description>
  <Slot>Wonderous</Slot>
  <Base>Shield</Base>
  <Source>Systems Reference Document v5.1</Source>
  <PostName>of Missile Attraction</PostName>
  <Rarity>Rare</Rarity>
</MagicProperty>