<?xml version="1.0" encoding="utf-8"?>
<Item xmlns:xsi="http://www.w3.org/2001/XMLSchema-instance" xmlns:xsd="http://www.w3.org/2001/XMLSchema">
  <Keywords />
  <StackSize>1</StackSize>
  <Name>Acid</Name>
  <Description>As an action, you can splash the contents of this vial onto a creature within 5 feet of you or throw the vial up to 20 feet, shattering it on impact. In either case, make a ranged attack against a creature or object, treating the acid as an improvised weapon. On a hit, the target takes 2d6 acid damage.</Description>
  <Price>
    <cp>0</cp>
    <sp>0</sp>
    <ep>0</ep>
    <gp>25</gp>
    <pp>0</pp>
  </Price>
  <Source>Systems Reference Document v5.1</Source>
  <Weight>1</Weight>
  <Unit>vials</Unit>
  <SingleUnit>vial</SingleUnit>
</Item>