<?xml version="1.0" encoding="utf-8"?>
<Item xmlns:xsi="http://www.w3.org/2001/XMLSchema-instance" xmlns:xsd="http://www.w3.org/2001/XMLSchema">
  <Keywords />
  <StackSize>1</StackSize>
  <Name>Backpack</Name>
  <Description>Capacity: 1 cubic foot/30 pounds of gear. You can also strap items, such as a bedroll or a coil of rope, to the outside of a backpack.</Description>
  <Price>
    <cp>0</cp>
    <sp>0</sp>
    <ep>0</ep>
    <gp>2</gp>
    <pp>0</pp>
  </Price>
  <Source>Systems Reference Document v5.1</Source>
  <Weight>5</Weight>
</Item>