<?xml version="1.0" encoding="utf-8"?>
<Item xmlns:xsi="http://www.w3.org/2001/XMLSchema-instance" xmlns:xsd="http://www.w3.org/2001/XMLSchema">
  <Keywords />
  <StackSize>1</StackSize>
  <Name>Climber's Kit</Name>
  <Description>A climber’s kit includes special pitons, boot tips, gloves, and a harness. You can use the climber’s kit as an action to anchor yourself; when you do, you can’t fall more than 25 feet from the point where you anchored yourself, and you can’t climb more than 25 feet away from that point without undoing the anchor.</Description>
  <Price>
    <cp>0</cp>
    <sp>0</sp>
    <ep>0</ep>
    <gp>25</gp>
    <pp>0</pp>
  </Price>
  <Source>Systems Reference Document v5.1</Source>
  <Weight>12</Weight>
</Item>