<?xml version="1.0" encoding="utf-8"?>
<Item xmlns:xsi="http://www.w3.org/2001/XMLSchema-instance" xmlns:xsd="http://www.w3.org/2001/XMLSchema">
  <Keywords />
  <StackSize>1</StackSize>
  <Name>Lamp</Name>
  <Description>A lamp casts bright light in a 15-foot radius and dim light for an additional 30 feet. Once lit, it burns for 6 hours on a flask (1 pint) of oil.</Description>
  <Price>
    <cp>0</cp>
    <sp>5</sp>
    <ep>0</ep>
    <gp>0</gp>
    <pp>0</pp>
  </Price>
  <Source>Systems Reference Document v5.1</Source>
  <Weight>1</Weight>
</Item>