<?xml version="1.0" encoding="utf-8"?>
<Item xmlns:xsi="http://www.w3.org/2001/XMLSchema-instance" xmlns:xsd="http://www.w3.org/2001/XMLSchema" xsi:type="Pack">
  <Keywords />
  <StackSize>1</StackSize>
  <Name>Priest’s Pack</Name>
  <Description> Includes a backpack, a blanket, 10 candles, a tinderbox, an alms box, 2 blocks of incense, a censer, vestments, 2 days of rations, and a waterskin.</Description>
  <Price>
    <cp>0</cp>
    <sp>0</sp>
    <ep>0</ep>
    <gp>19</gp>
    <pp>0</pp>
  </Price>
  <Source>Systems Reference Document v5.1</Source>
  <Weight>23</Weight>
  <Contents>
    <string>Backpack</string>
    <string>Blanket</string>
    <string>Alms Box</string>
    <string>Candle</string>
    <string>Candle</string>
    <string>Candle</string>
    <string>Candle</string>
    <string>Candle</string>
    <string>Candle</string>
    <string>Candle</string>
    <string>Candle</string>
    <string>Candle</string>
    <string>Candle</string>
    <string>Incense, Block</string>
    <string>Incense, Block</string>
    <string>Censer</string>
    <string>Clothes, Fine</string>
    <string>Rations</string>
    <string>Rations</string>
    <string>Waterskin</string>
  </Contents>
</Item>