<?xml version="1.0" encoding="utf-8"?>
<Item xmlns:xsi="http://www.w3.org/2001/XMLSchema-instance" xmlns:xsd="http://www.w3.org/2001/XMLSchema">
  <Keywords>
    <Keyword>
      <Name>arcane</Name>
    </Keyword>
    <Keyword>
      <Name>focus</Name>
    </Keyword>
    <Keyword>
      <Name>staff</Name>
    </Keyword>
  </Keywords>
  <StackSize>1</StackSize>
  <Name>Staff</Name>
  <Description>An arcane focus is a special item— an orb, a crystal, a rod, a specially constructed staff, a wand-like length of wood, or some similar item— designed to channel the power of arcane spells. A sorcerer, warlock, or wizard can use such an item as a spellcasting focus.</Description>
  <Price>
    <cp>0</cp>
    <sp>0</sp>
    <ep>0</ep>
    <gp>5</gp>
    <pp>0</pp>
  </Price>
  <Source>Systems Reference Document v5.1</Source>
  <Weight>4</Weight>
</Item>