<?xml version="1.0" encoding="utf-8"?>
<FeatureContainer xmlns:xsi="http://www.w3.org/2001/XMLSchema-instance" xmlns:xsd="http://www.w3.org/2001/XMLSchema">
  <Features>
    <Feature>
      <Keywords />
      <Name>Favored Terrain: Desert</Name>
      <Text>You favor the desert</Text>
      <Level>1</Level>
      <Hidden>false</Hidden>
      <NoDisplay>false</NoDisplay>
      <Action>Hidden</Action>
      <Prerequisite />
    </Feature>
  </Features>
  <Source>Systems Reference Document v5.1</Source>
</FeatureContainer>