<?xml version="1.0" encoding="utf-8"?>
<FeatureContainer xmlns:xsi="http://www.w3.org/2001/XMLSchema-instance" xmlns:xsd="http://www.w3.org/2001/XMLSchema">
  <Features>
    <Feature>
      <Keywords />
      <Name>Grappler</Name>
      <Text>You’ve developed the skills necessary to hold your own in close-quarters grappling.
You gain the following benefits: 
• You have advantage on attack rolls against a creature you are grappling.
• You can use your action to try to pin a creature grappled by you. To do so, make another grapple check. If you succeed, you and the creature are both restrained until the grapple ends.</Text>
      <Level>0</Level>
      <Hidden>false</Hidden>
      <Prerequisite>Strength 13 or higher</Prerequisite>
    </Feature>
  </Features>
  <Source>Systems Reference Document v5.1</Source>
</FeatureContainer>