<?xml version="1.0" encoding="utf-8"?>
<FeatureContainer xmlns:xsi="http://www.w3.org/2001/XMLSchema-instance" xmlns:xsd="http://www.w3.org/2001/XMLSchema">
  <Features>
    <MultiFeature>
      <Keywords />
      <Name>Manual of Bodily Health (read)</Name>
      <Text>This book contains health and diet tips, and its words are charged with magic. If you spend 48 hours over a period of 6 days or fewer studying the book's contents and practicing its guidelines, your Constitution score increases by 2, as does your maximum for that score. The manual then loses its magic, but regains it in a century.</Text>
      <Level>0</Level>
      <Hidden>true</Hidden>
      <Prerequisite />
      <Features>
        <AbilityScoreFeature>
          <Keywords />
          <Name />
          <Text />
          <Level>0</Level>
          <Hidden>false</Hidden>
          <Modifier>Maximum</Modifier>
          <Strength>0</Strength>
          <Constitution>2</Constitution>
          <Dexterity>0</Dexterity>
          <Intelligence>0</Intelligence>
          <Wisdom>0</Wisdom>
          <Charisma>0</Charisma>
        </AbilityScoreFeature>
        <AbilityScoreFeature>
          <Keywords />
          <Name />
          <Text />
          <Level>0</Level>
          <Hidden>false</Hidden>
          <Modifier>AddScore</Modifier>
          <Strength>0</Strength>
          <Constitution>2</Constitution>
          <Dexterity>0</Dexterity>
          <Intelligence>0</Intelligence>
          <Wisdom>0</Wisdom>
          <Charisma>0</Charisma>
        </AbilityScoreFeature>
      </Features>
      <Source>Systems Reference Document v5.1</Source>
    </MultiFeature>
    <MultiFeature>
      <Keywords />
      <Name>Manual of Gainful Exercise (read)</Name>
      <Text>This book describes fitness exercises, and its words are charged with magic. If you spend 48 hours over a period of 6 days or fewer studying the book's contents and practicing its guidelines, your Strength score increases by 2, as does your maximum for that score. The manual then loses its magic, but regains it in a century.</Text>
      <Level>0</Level>
      <Hidden>true</Hidden>
      <Prerequisite />
      <Features>
        <AbilityScoreFeature>
          <Keywords />
          <Name />
          <Text />
          <Level>0</Level>
          <Hidden>false</Hidden>
          <Modifier>Maximum</Modifier>
          <Strength>2</Strength>
          <Constitution>0</Constitution>
          <Dexterity>0</Dexterity>
          <Intelligence>0</Intelligence>
          <Wisdom>0</Wisdom>
          <Charisma>0</Charisma>
        </AbilityScoreFeature>
        <AbilityScoreFeature>
          <Keywords />
          <Name />
          <Text />
          <Level>0</Level>
          <Hidden>false</Hidden>
          <Modifier>AddScore</Modifier>
          <Strength>2</Strength>
          <Constitution>0</Constitution>
          <Dexterity>0</Dexterity>
          <Intelligence>0</Intelligence>
          <Wisdom>0</Wisdom>
          <Charisma>0</Charisma>
        </AbilityScoreFeature>
      </Features>
      <Source>Systems Reference Document v5.1</Source>
    </MultiFeature>
    <MultiFeature>
      <Keywords />
      <Name>Manual of Quickness of Action (read)</Name>
      <Text>This book contains coordination and balance exercises, and its words are charged with magic. If you spend 48 hours over a period of 6 days or fewer studying the book's contents and practicing its guidelines, your Dexterity score increases by 2, as does your maximum for that score. The manual then loses its magic, but regains it in a century.</Text>
      <Level>0</Level>
      <Hidden>true</Hidden>
      <Prerequisite />
      <Features>
        <AbilityScoreFeature>
          <Keywords />
          <Name />
          <Text />
          <Level>0</Level>
          <Hidden>false</Hidden>
          <Modifier>Maximum</Modifier>
          <Strength>0</Strength>
          <Constitution>0</Constitution>
          <Dexterity>2</Dexterity>
          <Intelligence>0</Intelligence>
          <Wisdom>0</Wisdom>
          <Charisma>0</Charisma>
        </AbilityScoreFeature>
        <AbilityScoreFeature>
          <Keywords />
          <Name />
          <Text />
          <Level>0</Level>
          <Hidden>false</Hidden>
          <Modifier>AddScore</Modifier>
          <Strength>0</Strength>
          <Constitution>0</Constitution>
          <Dexterity>2</Dexterity>
          <Intelligence>0</Intelligence>
          <Wisdom>0</Wisdom>
          <Charisma>0</Charisma>
        </AbilityScoreFeature>
      </Features>
      <Source>Systems Reference Document v5.1</Source>
    </MultiFeature>
    <MultiFeature>
      <Keywords />
      <Name>Tome of Clear Thought (read)</Name>
      <Text>This book contains memory and logic exercises, and its words are charged with magic. If you spend 48 hours over a period of 6 days or fewer studying the book's contents and practicing its guidelines, your Intelligence score increases by 2, as does your maximum for that score. The manual then loses its magic, but regains it in a century.</Text>
      <Level>0</Level>
      <Hidden>true</Hidden>
      <Prerequisite />
      <Features>
        <AbilityScoreFeature>
          <Keywords />
          <Name />
          <Text />
          <Level>0</Level>
          <Hidden>false</Hidden>
          <Modifier>Maximum</Modifier>
          <Strength>0</Strength>
          <Constitution>0</Constitution>
          <Dexterity>0</Dexterity>
          <Intelligence>2</Intelligence>
          <Wisdom>0</Wisdom>
          <Charisma>0</Charisma>
        </AbilityScoreFeature>
        <AbilityScoreFeature>
          <Keywords />
          <Name />
          <Text />
          <Level>0</Level>
          <Hidden>false</Hidden>
          <Modifier>AddScore</Modifier>
          <Strength>0</Strength>
          <Constitution>0</Constitution>
          <Dexterity>0</Dexterity>
          <Intelligence>2</Intelligence>
          <Wisdom>0</Wisdom>
          <Charisma>0</Charisma>
        </AbilityScoreFeature>
      </Features>
      <Source>Systems Reference Document v5.1</Source>
    </MultiFeature>
    <MultiFeature>
      <Keywords />
      <Name>Tome of Leadership and Influence (read)</Name>
      <Text>This book contains guidelines for influencing and charming others, and its words are charged with magic. If you spend 48 hours over a period of 6 days or fewer studying the book's contents and practicing its guidelines, your Charisma score increases by 2, as does your maximum for that score. The manual then loses its magic, but regains it in a century.</Text>
      <Level>0</Level>
      <Hidden>true</Hidden>
      <Prerequisite />
      <Features>
        <AbilityScoreFeature>
          <Keywords />
          <Name />
          <Text />
          <Level>0</Level>
          <Hidden>false</Hidden>
          <Modifier>Maximum</Modifier>
          <Strength>0</Strength>
          <Constitution>0</Constitution>
          <Dexterity>0</Dexterity>
          <Intelligence>0</Intelligence>
          <Wisdom>0</Wisdom>
          <Charisma>2</Charisma>
        </AbilityScoreFeature>
        <AbilityScoreFeature>
          <Keywords />
          <Name />
          <Text />
          <Level>0</Level>
          <Hidden>false</Hidden>
          <Modifier>AddScore</Modifier>
          <Strength>0</Strength>
          <Constitution>0</Constitution>
          <Dexterity>0</Dexterity>
          <Intelligence>0</Intelligence>
          <Wisdom>0</Wisdom>
          <Charisma>2</Charisma>
        </AbilityScoreFeature>
      </Features>
      <Source>Systems Reference Document v5.1</Source>
    </MultiFeature>
    <MultiFeature>
      <Keywords />
      <Name>Tome of Understanding (read)</Name>
      <Text>This book contains intuition and insight exercises, and its words are charged with magic. If you spend 48 hours over a period of 6 days or fewer studying the book's contents and practicing its guidelines, your Wisdom score increases by 2, as does your maximum for that score. The manual then loses its magic, but regains it in a century.</Text>
      <Level>0</Level>
      <Hidden>true</Hidden>
      <Prerequisite />
      <Features>
        <AbilityScoreFeature>
          <Keywords />
          <Name />
          <Text />
          <Level>0</Level>
          <Hidden>false</Hidden>
          <Modifier>Maximum</Modifier>
          <Strength>0</Strength>
          <Constitution>0</Constitution>
          <Dexterity>0</Dexterity>
          <Intelligence>0</Intelligence>
          <Wisdom>2</Wisdom>
          <Charisma>0</Charisma>
        </AbilityScoreFeature>
        <AbilityScoreFeature>
          <Keywords />
          <Name />
          <Text />
          <Level>0</Level>
          <Hidden>false</Hidden>
          <Modifier>AddScore</Modifier>
          <Strength>0</Strength>
          <Constitution>0</Constitution>
          <Dexterity>0</Dexterity>
          <Intelligence>0</Intelligence>
          <Wisdom>2</Wisdom>
          <Charisma>0</Charisma>
        </AbilityScoreFeature>
      </Features>
      <Source>Systems Reference Document v5.1</Source>
    </MultiFeature>
  </Features>
  <Source>Systems Reference Document v5.1</Source>
</FeatureContainer>