<?xml version="1.0" encoding="utf-8"?>
<MagicProperty xmlns:xsi="http://www.w3.org/2001/XMLSchema-instance" xmlns:xsd="http://www.w3.org/2001/XMLSchema">
  <AttunementFeatures>
    <Feature>
      <Keywords />
      <Name>Staff of the Python</Name>
      <Text>You can use an action to speak this staff's command word and throw the staff on the ground within 10 feet of you. The staff becomes a giant constrictor snake under your control and acts on its own initiative count. By using a bonus action to speak the command word again, you return the staff to its normal form in a space formerly occupied by the snake.
On your turn, you can mentally command the snake if it is within 60 feet of you and you aren't incapacitated. You decide what action the snake takes and where it moves during its next turn, or you can issue it a general command, such as to attack your enemies or guard a location.
If the snake is reduced to 0 hit points, it dies and reverts to its staff form. The staff then shatters and is destroyed. If the snake reverts to staff form before losing all its hit points, it regains all of them.</Text>
      <Level>0</Level>
      <Hidden>false</Hidden>
      <NoDisplay>false</NoDisplay>
      <Action>Action</Action>
      <Prerequisite />
    </Feature>
  </AttunementFeatures>
  <CarryFeatures />
  <EquipFeatures />
  <AttunedEquipFeatures />
  <OnUseFeatures />
  <AttunedOnUseFeatures />
  <Requirement>Staff, uncommon (requires attunement by a cleric, druid, or warlock)</Requirement>
  <Name>Staff of the Python</Name>
  <Description>You can use an action to speak this staff's command word and throw the staff on the ground within 10 feet of you. The staff becomes a giant constrictor snake under your control and acts on its own initiative count. By using a bonus action to speak the command word again, you return the staff to its normal form in a space formerly occupied by the snake.
On your turn, you can mentally command the snake if it is within 60 feet of you and you aren't incapacitated. You decide what action the snake takes and where it moves during its next turn, or you can issue it a general command, such as to attack your enemies or guard a location.
If the snake is reduced to 0 hit points, it dies and reverts to its staff form. The staff then shatters and is destroyed. If the snake reverts to staff form before losing all its hit points, it regains all of them.</Description>
  <Slot>Weapon</Slot>
  <Base>Staff</Base>
  <Source>Systems Reference Document v5.1</Source>
  <PostName>of the Python</PostName>
  <Rarity>Uncommon</Rarity>
</MagicProperty>