<?xml version="1.0" encoding="utf-8"?>
<FeatureContainer xmlns:xsi="http://www.w3.org/2001/XMLSchema-instance" xmlns:xsd="http://www.w3.org/2001/XMLSchema">
  <Features>
    <Feature>
      <Keywords />
      <Name>Favored Enemy: Monstrosities</Name>
      <Text>Monstrosities are monsters in the strictest sense—frightening creatures that are not ordinary, not truly natural, and almost never benign. Some are the results of magical experimentation gone awry (such as owlbears), and others are the product of terrible curses (including minotaurs and yuan-ti). They defy categorization, and in some sense serve as a catch-all category for creatures that don’t fit into any other type.</Text>
      <Level>1</Level>
      <Hidden>false</Hidden>
      <Prerequisite />
    </Feature>
  </Features>
  <Source>Systems Reference Document v5.1</Source>
</FeatureContainer>