<?xml version="1.0" encoding="utf-8"?>
<MagicProperty xmlns:xsi="http://www.w3.org/2001/XMLSchema-instance" xmlns:xsd="http://www.w3.org/2001/XMLSchema">
  <AttunementFeatures>
    <ResourceFeature>
      <Keywords />
      <Name>Ring of Water Elemental Command</Name>
      <Text>This ring is linked to the Elemental Plane of Water.
While wearing this ring, you have advantage on attack rolls against water elementals, and they have disadvantage on attack rolls against you. In addition, you have access to properties based on the Elemental Plane of Water.
The ring has 5 charges. It regains 1d4 + 1 expended charges daily at dawn. Spells cast from the ring have a save DC of 17.
You can expend 2 of the ring's charges to cast dominate monster on a water elemental. In addition, you can stand on and walk across liquid surfaces as if they were solid ground. You can also speak and understand Aquan.
If you help slay a water elemental while attuned to the ring, you gain access to the following additional properties:
 • You can breathe underwater and have a swimming speed equal to your walking speed.
 • You can cast the following spells from the ring, expending the necessary number of charges: create or destroy water (1 charge), control water (3 charges), ice storm (2 charges), or wall of ice (3 charges).
</Text>
      <Level>0</Level>
      <Hidden>false</Hidden>
      <NoDisplay>true</NoDisplay>
      <Action>Hidden</Action>
      <Prerequisite />
      <ValueBonus>None</ValueBonus>
      <Value>5</Value>
      <ResourceID>RING_OF_WATER_ELEMENTAL_COMMAND</ResourceID>
      <Recharge>Dawn</Recharge>
      <ExclusionID />
    </ResourceFeature>
    <BonusSpellFeature>
      <Keywords />
      <Name>Ring of Water Elemental Command</Name>
      <Text>2 charges, save DC 17</Text>
      <Level>0</Level>
      <Hidden>true</Hidden>
      <NoDisplay>true</NoDisplay>
      <Action>Default</Action>
      <Prerequisite />
      <Spell>Dominate Monster</Spell>
      <SpellCastingAbility>None</SpellCastingAbility>
      <SpellCastModifier>Charges</SpellCastModifier>
      <KeywordsToAdd />
    </BonusSpellFeature>
    <BonusSpellFeature>
      <Keywords />
      <Name>Ring of Water Elemental Command</Name>
      <Text>1 charges, save DC 17</Text>
      <Level>0</Level>
      <Hidden>true</Hidden>
      <NoDisplay>true</NoDisplay>
      <Action>Default</Action>
      <Prerequisite />
      <Spell>Create or Destroy Water</Spell>
      <SpellCastingAbility>None</SpellCastingAbility>
      <SpellCastModifier>Charges</SpellCastModifier>
      <KeywordsToAdd />
    </BonusSpellFeature>
    <BonusSpellFeature>
      <Keywords />
      <Name>Ring of Water Elemental Command</Name>
      <Text>3 charges, save DC 17</Text>
      <Level>0</Level>
      <Hidden>true</Hidden>
      <NoDisplay>true</NoDisplay>
      <Action>Default</Action>
      <Prerequisite />
      <Spell>Control Water</Spell>
      <SpellCastingAbility>None</SpellCastingAbility>
      <SpellCastModifier>Charges</SpellCastModifier>
      <KeywordsToAdd />
    </BonusSpellFeature>
    <BonusSpellFeature>
      <Keywords />
      <Name>Ring of Water Elemental Command</Name>
      <Text>2 charges, save DC 17</Text>
      <Level>0</Level>
      <Hidden>true</Hidden>
      <NoDisplay>true</NoDisplay>
      <Action>Default</Action>
      <Prerequisite />
      <Spell>Ice Storm</Spell>
      <SpellCastingAbility>None</SpellCastingAbility>
      <SpellCastModifier>Charges</SpellCastModifier>
      <KeywordsToAdd />
    </BonusSpellFeature>
    <BonusSpellFeature>
      <Keywords />
      <Name>Ring of Water Elemental Command</Name>
      <Text>3 charges, save DC 17</Text>
      <Level>0</Level>
      <Hidden>true</Hidden>
      <NoDisplay>true</NoDisplay>
      <Action>Default</Action>
      <Prerequisite />
      <Spell>Wall of Ice</Spell>
      <SpellCastingAbility>None</SpellCastingAbility>
      <SpellCastModifier>Charges</SpellCastModifier>
      <KeywordsToAdd />
    </BonusSpellFeature>
    <LanguageProficiencyFeature>
      <Keywords />
      <Name />
      <Text />
      <Level>0</Level>
      <Hidden>true</Hidden>
      <NoDisplay>true</NoDisplay>
      <Action>Hidden</Action>
      <Prerequisite />
      <Languages>
        <string>Primordial</string>
      </Languages>
    </LanguageProficiencyFeature>
  </AttunementFeatures>
  <CarryFeatures />
  <EquipFeatures />
  <AttunedEquipFeatures />
  <OnUseFeatures />
  <AttunedOnUseFeatures />
  <Requirement>Ring</Requirement>
  <Name>Ring of Water Elemental Command</Name>
  <Description>This ring is linked to the Elemental Plane of Water.
While wearing this ring, you have advantage on attack rolls against water elementals, and they have disadvantage on attack rolls against you. In addition, you have access to properties based on the Elemental Plane of Water.
The ring has 5 charges. It regains 1d4 + 1 expended charges daily at dawn. Spells cast from the ring have a save DC of 17.
You can expend 2 of the ring's charges to cast dominate monster on a water elemental. In addition, you can stand on and walk across liquid surfaces as if they were solid ground. You can also speak and understand Aquan.
If you help slay a water elemental while attuned to the ring, you gain access to the following additional properties:
 • You can breathe underwater and have a swimming speed equal to your walking speed.
 • You can cast the following spells from the ring, expending the necessary number of charges: create or destroy water (1 charge), control water (3 charges), ice storm (2 charges), or wall of ice (3 charges).
</Description>
  <Slot>Ring</Slot>
  <Source>Systems Reference Document v5.1</Source>
  <Rarity>Legendary</Rarity>
</MagicProperty>