<?xml version="1.0" encoding="utf-8"?>
<MagicProperty xmlns:xsi="http://www.w3.org/2001/XMLSchema-instance" xmlns:xsd="http://www.w3.org/2001/XMLSchema">
  <AttunementFeatures>
    <ResourceFeature>
      <Keywords />
      <Name>Ring of Fire Elemental Command</Name>
      <Text>This ring is linked to the Elemental Plane of Fire.
While wearing this ring, you have advantage on attack rolls against fire elementals, and they have disadvantage on attack rolls against you. In addition, you have access to properties based on the Elemental Plane of Fire.
The ring has 5 charges. It regains 1d4 + 1 expended charges daily at dawn. Spells cast from the ring have a save DC of 17.
You can expend 2 of the ring's charges to cast dominate monster on a fire elemental. In addition, you have resistance to fire damage. You can also speak and understand Ignan.
If you help slay a fire elemental while attuned to the ring, you gain access to the following additional properties:
 • You are immune to fire damage.
 • You can cast the following spells from the ring, expending the necessary number of charges: burning hands (1 charge), fireball (2 charges), and wall of fire (3 charges).</Text>
      <Level>0</Level>
      <Hidden>false</Hidden>
      <NoDisplay>true</NoDisplay>
      <Action>Hidden</Action>
      <Prerequisite />
      <ValueBonus>None</ValueBonus>
      <Value>5</Value>
      <ResourceID>RING_OF_FIRE_ELEMENTAL_COMMAND</ResourceID>
      <Recharge>Dawn</Recharge>
      <ExclusionID />
    </ResourceFeature>
    <BonusSpellFeature>
      <Keywords />
      <Name>Ring of Fire Elemental Command</Name>
      <Text>2 charges, save DC 17</Text>
      <Level>0</Level>
      <Hidden>true</Hidden>
      <NoDisplay>true</NoDisplay>
      <Action>Default</Action>
      <Prerequisite />
      <Spell>Dominate Monster</Spell>
      <SpellCastingAbility>None</SpellCastingAbility>
      <SpellCastModifier>Charges</SpellCastModifier>
      <KeywordsToAdd />
    </BonusSpellFeature>
    <BonusSpellFeature>
      <Keywords />
      <Name>Ring of Fire Elemental Command</Name>
      <Text>1 charge, save DC 17</Text>
      <Level>0</Level>
      <Hidden>true</Hidden>
      <NoDisplay>true</NoDisplay>
      <Action>Default</Action>
      <Prerequisite />
      <Spell>Burning Hands</Spell>
      <SpellCastingAbility>None</SpellCastingAbility>
      <SpellCastModifier>Charges</SpellCastModifier>
      <KeywordsToAdd />
    </BonusSpellFeature>
    <BonusSpellFeature>
      <Keywords />
      <Name>Ring of Fire Elemental Command</Name>
      <Text>2 charges, save DC 17</Text>
      <Level>0</Level>
      <Hidden>true</Hidden>
      <NoDisplay>true</NoDisplay>
      <Action>Default</Action>
      <Prerequisite />
      <Spell>Fireball</Spell>
      <SpellCastingAbility>None</SpellCastingAbility>
      <SpellCastModifier>Charges</SpellCastModifier>
      <KeywordsToAdd />
    </BonusSpellFeature>
    <BonusSpellFeature>
      <Keywords />
      <Name>Ring of Fire Elemental Command</Name>
      <Text>3 charges, save DC 17</Text>
      <Level>0</Level>
      <Hidden>true</Hidden>
      <NoDisplay>true</NoDisplay>
      <Action>Default</Action>
      <Prerequisite />
      <Spell>Wall of Fire</Spell>
      <SpellCastingAbility>None</SpellCastingAbility>
      <SpellCastModifier>Charges</SpellCastModifier>
      <KeywordsToAdd />
    </BonusSpellFeature>
    <ResistanceFeature>
      <Keywords />
      <Name />
      <Text />
      <Level>0</Level>
      <Hidden>true</Hidden>
      <NoDisplay>true</NoDisplay>
      <Action>Hidden</Action>
      <Prerequisite />
      <Resistances />
      <Vulnerabilities />
      <Immunities>
        <string>fire</string>
      </Immunities>
      <SavingThrowAdvantages />
    </ResistanceFeature>
    <LanguageProficiencyFeature>
      <Keywords />
      <Name />
      <Text />
      <Level>0</Level>
      <Hidden>true</Hidden>
      <NoDisplay>true</NoDisplay>
      <Action>Hidden</Action>
      <Prerequisite />
      <Languages>
        <string>Primordial</string>
      </Languages>
    </LanguageProficiencyFeature>
  </AttunementFeatures>
  <CarryFeatures />
  <EquipFeatures />
  <AttunedEquipFeatures />
  <OnUseFeatures />
  <AttunedOnUseFeatures />
  <Requirement>Ring</Requirement>
  <Name>Ring of Fire Elemental Command</Name>
  <Description>This ring is linked to the Elemental Plane of Fire.
While wearing this ring, you have advantage on attack rolls against fire elementals, and they have disadvantage on attack rolls against you. In addition, you have access to properties based on the Elemental Plane of Fire.
The ring has 5 charges. It regains 1d4 + 1 expended charges daily at dawn. Spells cast from the ring have a save DC of 17.
You can expend 2 of the ring's charges to cast dominate monster on a fire elemental. In addition, you have resistance to fire damage. You can also speak and understand Ignan.
If you help slay a fire elemental while attuned to the ring, you gain access to the following additional properties:
 • You are immune to fire damage.
 • You can cast the following spells from the ring, expending the necessary number of charges: burning hands (1 charge), fireball (2 charges), and wall of fire (3 charges).</Description>
  <Slot>Ring</Slot>
  <Source>Systems Reference Document v5.1</Source>
  <Rarity>Legendary</Rarity>
</MagicProperty>