<?xml version="1.0" encoding="utf-8"?>
<FeatureContainer xmlns:xsi="http://www.w3.org/2001/XMLSchema-instance" xmlns:xsd="http://www.w3.org/2001/XMLSchema">
  <Features>
    <SpellModifyFeature>
      <Keywords />
      <Name>Distant Spell</Name>
      <Text>When you cast a spell that has a range of 5 feet or greater, you can spend 1 sorcery point to double the range of the spell. When you cast a spell that has a range of touch, you can spend 1 sorcery point to make the range of the spell 30 feet.</Text>
      <Level>0</Level>
      <Hidden>false</Hidden>
      <NoDisplay>false</NoDisplay>
      <Action>Other</Action>
      <Prerequisite />
      <Spells>Ranged or Touch</Spells>
    </SpellModifyFeature>
  </Features>
  <Source>Systems Reference Document v5.1</Source>
</FeatureContainer>