<?xml version="1.0" encoding="utf-8"?>
<FeatureContainer xmlns:xsi="http://www.w3.org/2001/XMLSchema-instance" xmlns:xsd="http://www.w3.org/2001/XMLSchema">
  <Features>
    <SpellModifyFeature>
      <Keywords />
      <Name>Empowered Spell</Name>
      <Text>When you roll damage for a spell, you can spend 1 sorcery point to reroll a number of the damage dice up to your Charisma modifier (minimum of one). You must use the new rolls.
You can use Empowered Spell even if you have already used a different Metamagic option during the casting of the spell.</Text>
      <Level>0</Level>
      <Hidden>false</Hidden>
      <Prerequisite />
      <Spells>Acid or Cold or Fire or Force or Lighting or Necrotic or Psychic or Radiant or Thunder or Poison</Spells>
    </SpellModifyFeature>
  </Features>
  <Source>Systems Reference Document v5.1</Source>
</FeatureContainer>