<?xml version="1.0" encoding="utf-8"?>
<FeatureContainer xmlns:xsi="http://www.w3.org/2001/XMLSchema-instance" xmlns:xsd="http://www.w3.org/2001/XMLSchema">
  <Features>
    <SpellModifyFeature>
      <Keywords />
      <Name>Extended Spell</Name>
      <Text>When you cast a spell that has a duration of 1 minute or longer, you can spend 1 sorcery point to double its duration, to a maximum duration of 24 hours.</Text>
      <Level>0</Level>
      <Hidden>false</Hidden>
      <Prerequisite />
      <Spells>!Concentration and !Instantaneous</Spells>
    </SpellModifyFeature>
  </Features>
  <Source>Systems Reference Document v5.1</Source>
</FeatureContainer>