<?xml version="1.0" encoding="utf-8"?>
<FeatureContainer xmlns:xsi="http://www.w3.org/2001/XMLSchema-instance" xmlns:xsd="http://www.w3.org/2001/XMLSchema">
  <Features>
    <SpellModifyFeature>
      <Keywords />
      <Name>Subtle Spell</Name>
      <Text>When you cast a spell, you can spend 1 sorcery point to cast it without any somatic or verbal components.</Text>
      <Level>0</Level>
      <Hidden>false</Hidden>
      <Prerequisite />
      <Spells>Verbal or Somatic</Spells>
    </SpellModifyFeature>
  </Features>
  <Source>Systems Reference Document v5.1</Source>
</FeatureContainer>