<?xml version="1.0" encoding="utf-8"?>
<FeatureContainer xmlns:xsi="http://www.w3.org/2001/XMLSchema-instance" xmlns:xsd="http://www.w3.org/2001/XMLSchema">
  <Features>
    <SpellModifyFeature>
      <Keywords />
      <Name>Twinned Spell</Name>
      <Text>When you cast a spell that targets only one creature and doesn’t have a range of self, you can spend a number of sorcery points equal to the spell’s level to target a second creature in range with the same spell (1 sorcery point if the spell is a cantrip). 
To be eligible, a spell must be incapable of targeting more than one creature at the spell’s current level. For example, magic missile and scorching ray aren’t eligible, but ray of frost is.
</Text>
      <Level>0</Level>
      <Hidden>false</Hidden>
      <Prerequisite />
      <Spells>!Self</Spells>
    </SpellModifyFeature>
  </Features>
  <Source>Systems Reference Document v5.1</Source>
</FeatureContainer>