<?xml version="1.0" encoding="utf-8"?>
<Item xmlns:xsi="http://www.w3.org/2001/XMLSchema-instance" xmlns:xsd="http://www.w3.org/2001/XMLSchema" xsi:type="Weapon">
  <Keywords>
    <Keyword>
      <Name>finesse</Name>
    </Keyword>
    <Keyword>
      <Name>light</Name>
    </Keyword>
    <Keyword>
      <Name>martial</Name>
    </Keyword>
    <Keyword>
      <Name>melee</Name>
    </Keyword>
    <Keyword>
      <Name>piercing</Name>
    </Keyword>
    <Keyword>
      <Name>shortsword</Name>
    </Keyword>
    <Keyword>
      <Name>sword</Name>
    </Keyword>
  </Keywords>
  <StackSize>1</StackSize>
  <Name>Shortsword</Name>
  <Description />
  <Price>
    <cp>0</cp>
    <sp>0</sp>
    <ep>0</ep>
    <gp>10</gp>
    <pp>0</pp>
  </Price>
  <Source>Systems Reference Document v5.1</Source>
  <Weight>2</Weight>
  <Damage>1d6</Damage>
  <DamageType>piercing</DamageType>
</Item>