<?xml version="1.0" encoding="utf-8"?>
<MagicProperty xmlns:xsi="http://www.w3.org/2001/XMLSchema-instance" xmlns:xsd="http://www.w3.org/2001/XMLSchema">
  <AttunementFeatures>
    <ResourceFeature>
      <Keywords />
      <Name>Staff of Power - Charges</Name>
      <Text>The staff has 20 charges for the following properties. The staff regains 2d8 + 4 expended charges daily at dawn. If you expend the last charge, roll a d20. On a 1, the staff retains its +2 bonus to attack and damage rolls but loses all other properties. On a 20, the staff regains 1d8 + 2 charges.</Text>
      <Level>0</Level>
      <Hidden>false</Hidden>
      <Prerequisite />
      <ValueBonus>None</ValueBonus>
      <Value>20</Value>
      <ResourceID>STAFF_OF_POWER</ResourceID>
      <Recharge>Dawn</Recharge>
      <ExclusionID />
    </ResourceFeature>
    <Feature>
      <Keywords />
      <Name>Staff of Power</Name>
      <Text>This staff can be wielded as a magic quarterstaff that grants a +2 bonus to attack and damage rolls made with it. While holding it, you gain a +2 bonus to Armor Class, saving throws, and spell attack rolls.</Text>
      <Level>0</Level>
      <Hidden>false</Hidden>
      <Prerequisite />
    </Feature>
    <Feature>
      <Keywords />
      <Name>Power Strike</Name>
      <Text>When you hit with a melee attack using the staff, you can expend 1 charge to deal an extra 1d6 force damage to the target.</Text>
      <Level>0</Level>
      <Hidden>false</Hidden>
      <Prerequisite />
    </Feature>
    <BonusSpellFeature>
      <Keywords />
      <Name>Spells</Name>
      <Text>While holding this staff, you can use an action to expend 1 or more of its charges to cast one of the following spells from it, using your spell save DC and spell attack bonus: cone of cold (5 charges), fireball (5th-level version, 5 charges), globe of invulnerability (6 charges), hold monster (5 charges), levitate (2 charges), lightning bolt (5th-level version, 5 charges), magic missile (1 charge), ray of enfeeblement (1 charge), or wall of force (5 charges).</Text>
      <Level>0</Level>
      <Hidden>false</Hidden>
      <Prerequisite />
      <Spell>Cone of Cold</Spell>
      <SpellCastingAbility>None</SpellCastingAbility>
      <SpellCastModifier>Charges</SpellCastModifier>
      <KeywordsToAdd />
    </BonusSpellFeature>
    <BonusSpellFeature>
      <Keywords />
      <Name />
      <Text />
      <Level>0</Level>
      <Hidden>true</Hidden>
      <Prerequisite />
      <Spell>Fireball</Spell>
      <SpellCastingAbility>None</SpellCastingAbility>
      <SpellCastModifier>Charges</SpellCastModifier>
      <KeywordsToAdd />
    </BonusSpellFeature>
    <BonusSpellFeature>
      <Keywords />
      <Name />
      <Text />
      <Level>0</Level>
      <Hidden>true</Hidden>
      <Prerequisite />
      <Spell>Globe of Invulnerability</Spell>
      <SpellCastingAbility>None</SpellCastingAbility>
      <SpellCastModifier>Charges</SpellCastModifier>
      <KeywordsToAdd />
    </BonusSpellFeature>
    <BonusSpellFeature>
      <Keywords />
      <Name />
      <Text />
      <Level>0</Level>
      <Hidden>true</Hidden>
      <Prerequisite />
      <Spell>Hold Monster</Spell>
      <SpellCastingAbility>None</SpellCastingAbility>
      <SpellCastModifier>Charges</SpellCastModifier>
      <KeywordsToAdd />
    </BonusSpellFeature>
    <BonusSpellFeature>
      <Keywords />
      <Name />
      <Text />
      <Level>0</Level>
      <Hidden>true</Hidden>
      <Prerequisite />
      <Spell>Levitate</Spell>
      <SpellCastingAbility>None</SpellCastingAbility>
      <SpellCastModifier>Charges</SpellCastModifier>
      <KeywordsToAdd />
    </BonusSpellFeature>
    <BonusSpellFeature>
      <Keywords />
      <Name />
      <Text />
      <Level>0</Level>
      <Hidden>true</Hidden>
      <Prerequisite />
      <Spell>Lightning Bolt</Spell>
      <SpellCastingAbility>None</SpellCastingAbility>
      <SpellCastModifier>Charges</SpellCastModifier>
      <KeywordsToAdd />
    </BonusSpellFeature>
    <BonusSpellFeature>
      <Keywords />
      <Name />
      <Text />
      <Level>0</Level>
      <Hidden>true</Hidden>
      <Prerequisite />
      <Spell>Magic Missile</Spell>
      <SpellCastingAbility>None</SpellCastingAbility>
      <SpellCastModifier>Charges</SpellCastModifier>
      <KeywordsToAdd />
    </BonusSpellFeature>
    <BonusSpellFeature>
      <Keywords />
      <Name />
      <Text />
      <Level>0</Level>
      <Hidden>true</Hidden>
      <Prerequisite />
      <Spell>Ray of Enfeeblement</Spell>
      <SpellCastingAbility>None</SpellCastingAbility>
      <SpellCastModifier>Charges</SpellCastModifier>
      <KeywordsToAdd />
    </BonusSpellFeature>
    <BonusSpellFeature>
      <Keywords />
      <Name />
      <Text />
      <Level>0</Level>
      <Hidden>true</Hidden>
      <Prerequisite />
      <Spell>Wall of Force</Spell>
      <SpellCastingAbility>None</SpellCastingAbility>
      <SpellCastModifier>Charges</SpellCastModifier>
      <KeywordsToAdd />
    </BonusSpellFeature>
    <Feature>
      <Keywords />
      <Name>Retributive Strike</Name>
      <Text>You can use an action to break the staff over your knee or against a solid surface, performing a retributive strike. The staff is destroyed and releases its remaining magic in an explosion that expands to fill a 30-foot-radius sphere centered on it.
You have a 50 percent chance to instantly travel to a random plane of existence, avoiding the explosion. If you fail to avoid the effect, you take force damage equal to 16 × the number of charges in the staff. Every other creature in the area must make a DC 17 Dexterity saving throw. On a failed save, a creature takes an amount of damage based on how far away it is from the point of origin, as shown in the following table. On a successful save, a creature takes half as much damage.
Distance from Origin: Damage
10 ft. away or closer: 8 x the number of charges in the staff
11 to 20 ft. away: 6 x the number of charges in the staff
21 to 30 ft. away: 4 x the number of charges in the staff</Text>
      <Level>0</Level>
      <Hidden>false</Hidden>
      <Prerequisite />
    </Feature>
  </AttunementFeatures>
  <CarryFeatures />
  <EquipFeatures />
  <AttunedEquipFeatures>
    <BonusFeature>
      <Keywords />
      <Name />
      <Text />
      <Level>0</Level>
      <Hidden>true</Hidden>
      <Prerequisite />
      <Skills />
      <SkillBonus>0</SkillBonus>
      <SkillPassive>false</SkillPassive>
      <AttackBonus>0</AttackBonus>
      <DamageBonus>0</DamageBonus>
      <SaveDCBonus>0</SaveDCBonus>
      <ACBonus>2</ACBonus>
      <InitiativeBonus>0</InitiativeBonus>
      <DamageBonusModifier>None</DamageBonusModifier>
      <BaseAbility>None</BaseAbility>
      <SavingThrowBonus>2</SavingThrowBonus>
      <ProficiencyBonus>0</ProficiencyBonus>
      <SavingThrowAbility>Strength Constitution Dexterity Intelligence Wisdom Charisma</SavingThrowAbility>
      <ProficiencyOptions />
    </BonusFeature>
    <BonusFeature>
      <Keywords />
      <Name />
      <Text />
      <Level>0</Level>
      <Hidden>true</Hidden>
      <Prerequisite />
      <Condition>Spell</Condition>
      <Skills />
      <SkillBonus>0</SkillBonus>
      <SkillPassive>false</SkillPassive>
      <AttackBonus>2</AttackBonus>
      <DamageBonus>0</DamageBonus>
      <SaveDCBonus>0</SaveDCBonus>
      <InitiativeBonus>0</InitiativeBonus>
      <DamageBonusModifier>None</DamageBonusModifier>
      <BaseAbility>None</BaseAbility>
      <SavingThrowBonus>0</SavingThrowBonus>
      <ProficiencyBonus>0</ProficiencyBonus>
      <SavingThrowAbility>None</SavingThrowAbility>
      <ProficiencyOptions />
    </BonusFeature>
  </AttunedEquipFeatures>
  <OnUseFeatures />
  <AttunedOnUseFeatures>
    <BonusFeature>
      <Keywords />
      <Name />
      <Text />
      <Level>0</Level>
      <Hidden>true</Hidden>
      <Prerequisite />
      <Condition>Weapon</Condition>
      <Skills />
      <SkillBonus>0</SkillBonus>
      <SkillPassive>false</SkillPassive>
      <AttackBonus>2</AttackBonus>
      <DamageBonus>2</DamageBonus>
      <SaveDCBonus>0</SaveDCBonus>
      <InitiativeBonus>0</InitiativeBonus>
      <DamageBonusModifier>None</DamageBonusModifier>
      <BaseAbility>None</BaseAbility>
      <SavingThrowBonus>0</SavingThrowBonus>
      <ProficiencyBonus>0</ProficiencyBonus>
      <SavingThrowAbility>None</SavingThrowAbility>
      <BaseItemChange>Quarterstaff</BaseItemChange>
      <ProficiencyOptions />
    </BonusFeature>
  </AttunedOnUseFeatures>
  <Requirement>Staff, very rare (requires attunement by a sorcerer, warlock, or wizard)</Requirement>
  <Name>Staff of Power</Name>
  <Description>This staff can be wielded as a magic quarterstaff that grants a +2 bonus to attack and damage rolls made with it. While holding it, you gain a +2 bonus to Armor Class, saving throws, and spell attack rolls.
The staff has 20 charges for the following properties. The staff regains 2d8 + 4 expended charges daily at dawn. If you expend the last charge, roll a d20. On a 1, the staff retains its +2 bonus to attack and damage rolls but loses all other properties. On a 20, the staff regains 1d8 + 2 charges.</Description>
  <Slot>Weapon</Slot>
  <Base>Staff</Base>
  <Source>Systems Reference Document v5.1</Source>
  <PostName>of Power</PostName>
  <Rarity>VeryRare</Rarity>
</MagicProperty>