<?xml version="1.0" encoding="utf-8"?>
<MagicProperty xmlns:xsi="http://www.w3.org/2001/XMLSchema-instance" xmlns:xsd="http://www.w3.org/2001/XMLSchema">
  <AttunementFeatures>
    <ResourceFeature>
      <Keywords />
      <Name>Staff of Charming</Name>
      <Text>If you are holding the staff and fail a saving throw against an enchantment spell that targets only you, you can turn your failed save into a successful one. You can't use this property of the staff again until the next dawn. If you succeed on a save against an enchantment spell that targets only you, with or without the staff's intervention, you can use your reaction to expend 1 charge from the staff and turn the spell back on its caster as if you had cast the spell.</Text>
      <Level>0</Level>
      <Hidden>false</Hidden>
      <NoDisplay>true</NoDisplay>
      <Action>Other</Action>
      <Prerequisite />
      <ValueBonus>None</ValueBonus>
      <Value>1</Value>
      <ResourceID>STAFF_OF_CHARMING_SAVE</ResourceID>
      <Recharge>Dawn</Recharge>
      <ExclusionID />
    </ResourceFeature>
    <ResourceFeature>
      <Keywords />
      <Name>Staff of Charming</Name>
      <Text>While holding this staff, you can use an action to expend 1 of its 10 charges to cast charm person, command, or comprehend languages from it using your spell save DC. The staff can also be used as a magic quarterstaff.
The staff regains 1d8 + 2 expended charges daily at dawn. If you expend the last charge, roll a d20. On a 1, the staff becomes a nonmagical quarterstaff.</Text>
      <Level>0</Level>
      <Hidden>false</Hidden>
      <NoDisplay>true</NoDisplay>
      <Action>Hidden</Action>
      <Prerequisite />
      <ValueBonus>None</ValueBonus>
      <Value>10</Value>
      <ResourceID>STAFF_OF_CHARMING</ResourceID>
      <Recharge>Dawn</Recharge>
      <ExclusionID />
    </ResourceFeature>
    <BonusSpellFeature>
      <Keywords />
      <Name>Staff of Charming</Name>
      <Text>1 charge</Text>
      <Level>0</Level>
      <Hidden>true</Hidden>
      <NoDisplay>true</NoDisplay>
      <Action>Hidden</Action>
      <Prerequisite />
      <Spell>Charm Person</Spell>
      <SpellCastingAbility>None</SpellCastingAbility>
      <SpellCastModifier>Charges</SpellCastModifier>
      <KeywordsToAdd />
    </BonusSpellFeature>
    <BonusSpellFeature>
      <Keywords />
      <Name>Staff of Charming</Name>
      <Text>1 charge</Text>
      <Level>0</Level>
      <Hidden>true</Hidden>
      <NoDisplay>true</NoDisplay>
      <Action>Action</Action>
      <Prerequisite />
      <Spell>Command</Spell>
      <SpellCastingAbility>None</SpellCastingAbility>
      <SpellCastModifier>Unmodified</SpellCastModifier>
      <KeywordsToAdd />
    </BonusSpellFeature>
    <BonusSpellFeature>
      <Keywords />
      <Name>Staff of Charming</Name>
      <Text>1 charge</Text>
      <Level>0</Level>
      <Hidden>true</Hidden>
      <NoDisplay>true</NoDisplay>
      <Action>Action</Action>
      <Prerequisite />
      <Spell>Comprehend Languages</Spell>
      <SpellCastingAbility>None</SpellCastingAbility>
      <SpellCastModifier>Unmodified</SpellCastModifier>
      <KeywordsToAdd />
    </BonusSpellFeature>
  </AttunementFeatures>
  <CarryFeatures />
  <EquipFeatures />
  <AttunedEquipFeatures />
  <OnUseFeatures />
  <AttunedOnUseFeatures />
  <Requirement>Staff, rare (requires attunement by a bard, cleric, druid, sorcerer, warlock, or wizard)</Requirement>
  <Name>Staff of Charming</Name>
  <Description>While holding this staff, you can use an action to expend 1 of its 10 charges to cast charm person, command, or comprehend languages from it using your spell save DC. The staff can also be used as a magic quarterstaff.
If you are holding the staff and fail a saving throw against an enchantment spell that targets only you, you can turn your failed save into a successful one. You can't use this property of the staff again until the next dawn. If you succeed on a save against an enchantment spell that targets only you, with or without the staff's intervention, you can use your reaction to expend 1 charge from the staff and turn the spell back on its caster as if you had cast the spell.
The staff regains 1d8 + 2 expended charges daily at dawn. If you expend the last charge, roll a d20. On a 1, the staff becomes a nonmagical quarterstaff.</Description>
  <Slot>Weapon</Slot>
  <Base>Staff</Base>
  <Source>Systems Reference Document v5.1</Source>
  <PostName>of Charming</PostName>
  <Rarity>Rare</Rarity>
</MagicProperty>