<?xml version="1.0" encoding="utf-8"?>
<MagicProperty xmlns:xsi="http://www.w3.org/2001/XMLSchema-instance" xmlns:xsd="http://www.w3.org/2001/XMLSchema">
  <AttunementFeatures>
    <ResourceFeature>
      <Keywords />
      <Name>Staff of Fire</Name>
      <Text>You have resistance to fire damage while you hold this staff.
The staff has 10 charges. While holding it, you can use an action to expend 1 or more of its charges to cast one of the following spells from it, using your spell save DC: burning hands (1 charge), fireball (3 charges), or wall of fire (4 charges).
The staff regains 1d6 + 4 expended charges daily at dawn. If you expend the last charge, roll a d20. On a 1, the staff blackens, crumbles into cinders, and is destroyed.</Text>
      <Level>0</Level>
      <Hidden>false</Hidden>
      <Prerequisite />
      <ValueBonus>None</ValueBonus>
      <Value>10</Value>
      <ResourceID>STAFF_OF_FIRE</ResourceID>
      <Recharge>Dawn</Recharge>
      <ExclusionID />
    </ResourceFeature>
    <BonusSpellFeature>
      <Keywords />
      <Name />
      <Text />
      <Level>0</Level>
      <Hidden>true</Hidden>
      <Prerequisite />
      <Spell>Burning Hands</Spell>
      <SpellCastingAbility>None</SpellCastingAbility>
      <SpellCastModifier>Charges</SpellCastModifier>
      <KeywordsToAdd />
    </BonusSpellFeature>
    <BonusSpellFeature>
      <Keywords />
      <Name />
      <Text />
      <Level>0</Level>
      <Hidden>true</Hidden>
      <Prerequisite />
      <Spell>Fireball</Spell>
      <SpellCastingAbility>None</SpellCastingAbility>
      <SpellCastModifier>Charges</SpellCastModifier>
      <KeywordsToAdd />
    </BonusSpellFeature>
    <BonusSpellFeature>
      <Keywords />
      <Name />
      <Text />
      <Level>0</Level>
      <Hidden>true</Hidden>
      <Prerequisite />
      <Spell>Wall of Fire</Spell>
      <SpellCastingAbility>None</SpellCastingAbility>
      <SpellCastModifier>Charges</SpellCastModifier>
      <KeywordsToAdd />
    </BonusSpellFeature>
  </AttunementFeatures>
  <CarryFeatures />
  <EquipFeatures />
  <AttunedEquipFeatures />
  <OnUseFeatures />
  <AttunedOnUseFeatures />
  <Requirement>Staff, very rare (requires attunement by a druid, sorcerer, warlock, or wizard)</Requirement>
  <Name>Staff of Fire</Name>
  <Description>You have resistance to fire damage while you hold this staff.
The staff has 10 charges. While holding it, you can use an action to expend 1 or more of its charges to cast one of the following spells from it, using your spell save DC: burning hands (1 charge), fireball (3 charges), or wall of fire (4 charges).
The staff regains 1d6 + 4 expended charges daily at dawn. If you expend the last charge, roll a d20. On a 1, the staff blackens, crumbles into cinders, and is destroyed.</Description>
  <Slot>Weapon</Slot>
  <Base>Staff</Base>
  <Source>Systems Reference Document v5.1</Source>
  <PostName>of Fire</PostName>
  <Rarity>VeryRare</Rarity>
</MagicProperty>