<?xml version="1.0" encoding="utf-8"?>
<MagicProperty xmlns:xsi="http://www.w3.org/2001/XMLSchema-instance" xmlns:xsd="http://www.w3.org/2001/XMLSchema">
  <AttunementFeatures>
    <BonusFeature>
      <Keywords />
      <Name>Staff of the Woodlands</Name>
      <Text>This staff can be wielded as a magic quarterstaff that grants a +2 bonus to attack and damage rolls made with it. While holding it, you have a +2 bonus to spell attack rolls.</Text>
      <Level>0</Level>
      <Hidden>false</Hidden>
      <Prerequisite />
      <Condition>Spell</Condition>
      <Skills />
      <SkillBonus>0</SkillBonus>
      <SkillPassive>false</SkillPassive>
      <AttackBonus>2</AttackBonus>
      <DamageBonus>0</DamageBonus>
      <SaveDCBonus>0</SaveDCBonus>
      <ACBonus>0</ACBonus>
      <InitiativeBonus>0</InitiativeBonus>
      <DamageBonusModifier>None</DamageBonusModifier>
      <BaseAbility>None</BaseAbility>
      <SavingThrowBonus>0</SavingThrowBonus>
      <ProficiencyBonus>0</ProficiencyBonus>
      <SavingThrowAbility>None</SavingThrowAbility>
      <ProficiencyOptions />
    </BonusFeature>
    <ResourceFeature>
      <Keywords />
      <Name>Staff of the Woodlands - Charges</Name>
      <Text>The staff has 10 charges for the following properties. It regains 1d6 + 4 expended charges daily at dawn. If you expend the last charge, roll a d20. On a 1, the staff loses its properties and becomes a nonmagical quarterstaff.</Text>
      <Level>0</Level>
      <Hidden>false</Hidden>
      <Prerequisite />
      <ValueBonus>None</ValueBonus>
      <Value>10</Value>
      <ResourceID>STAFF_OF_THE_WOODLANDS</ResourceID>
      <Recharge>Dawn</Recharge>
      <ExclusionID />
    </ResourceFeature>
    <Feature>
      <Keywords />
      <Name>Tree Form</Name>
      <Text>You can use an action to plant one end of the staff in fertile earth and expend 1 charge to transform the staff into a healthy tree. The tree is 60 feet tall and has a 5-foot-diameter trunk, and its branches at the top spread out in a 20-foot radius. The tree appears ordinary but radiates a faint aura of transmutation magic if targeted by detect magic. While touching the tree and using another action to speak its command word, you return the staff to its normal form. Any creature in the tree falls when it reverts to a staff.</Text>
      <Level>0</Level>
      <Hidden>false</Hidden>
      <Prerequisite />
    </Feature>
    <BonusSpellFeature>
      <Keywords />
      <Name>Spells</Name>
      <Text>You can use an action to expend 1 or more of the staff's charges to cast one of the following spells from it, using your spell save DC: animal friendship (1 charge), awaken (5 charges), barkskin (2 charges), locate animals or plants (2 charges), speak with animals (1 charge), speak with plants (3 charges), or wall of thorns (6 charges).
You can also use an action to cast the pass without trace spell from the staff without using any charges.</Text>
      <Level>0</Level>
      <Hidden>false</Hidden>
      <Prerequisite />
      <Spell>Animal Friendship</Spell>
      <SpellCastingAbility>None</SpellCastingAbility>
      <SpellCastModifier>Charges</SpellCastModifier>
      <KeywordsToAdd />
    </BonusSpellFeature>
    <BonusSpellFeature>
      <Keywords />
      <Name />
      <Text />
      <Level>0</Level>
      <Hidden>true</Hidden>
      <Prerequisite />
      <Spell>Awaken</Spell>
      <SpellCastingAbility>None</SpellCastingAbility>
      <SpellCastModifier>Charges</SpellCastModifier>
      <KeywordsToAdd />
    </BonusSpellFeature>
    <BonusSpellFeature>
      <Keywords />
      <Name />
      <Text />
      <Level>0</Level>
      <Hidden>true</Hidden>
      <Prerequisite />
      <Spell>Barkskin</Spell>
      <SpellCastingAbility>None</SpellCastingAbility>
      <SpellCastModifier>Charges</SpellCastModifier>
      <KeywordsToAdd />
    </BonusSpellFeature>
    <BonusSpellFeature>
      <Keywords />
      <Name />
      <Text />
      <Level>0</Level>
      <Hidden>true</Hidden>
      <Prerequisite />
      <Spell>Locate Animals or Plants</Spell>
      <SpellCastingAbility>None</SpellCastingAbility>
      <SpellCastModifier>Charges</SpellCastModifier>
      <KeywordsToAdd />
    </BonusSpellFeature>
    <BonusSpellFeature>
      <Keywords />
      <Name />
      <Text />
      <Level>0</Level>
      <Hidden>true</Hidden>
      <Prerequisite />
      <Spell>Speak with Animals</Spell>
      <SpellCastingAbility>None</SpellCastingAbility>
      <SpellCastModifier>Charges</SpellCastModifier>
      <KeywordsToAdd />
    </BonusSpellFeature>
    <BonusSpellFeature>
      <Keywords />
      <Name />
      <Text />
      <Level>0</Level>
      <Hidden>true</Hidden>
      <Prerequisite />
      <Spell>Speak with Plants</Spell>
      <SpellCastingAbility>None</SpellCastingAbility>
      <SpellCastModifier>Charges</SpellCastModifier>
      <KeywordsToAdd />
    </BonusSpellFeature>
    <BonusSpellFeature>
      <Keywords />
      <Name />
      <Text />
      <Level>0</Level>
      <Hidden>true</Hidden>
      <Prerequisite />
      <Spell>Wall of Thorns</Spell>
      <SpellCastingAbility>None</SpellCastingAbility>
      <SpellCastModifier>Charges</SpellCastModifier>
      <KeywordsToAdd />
    </BonusSpellFeature>
    <BonusSpellFeature>
      <Keywords />
      <Name />
      <Text />
      <Level>0</Level>
      <Hidden>true</Hidden>
      <Prerequisite />
      <Spell>Pass without Trace</Spell>
      <SpellCastingAbility>None</SpellCastingAbility>
      <SpellCastModifier>AtWill</SpellCastModifier>
      <KeywordsToAdd />
    </BonusSpellFeature>
  </AttunementFeatures>
  <CarryFeatures />
  <EquipFeatures />
  <AttunedEquipFeatures />
  <OnUseFeatures />
  <AttunedOnUseFeatures>
    <BonusFeature>
      <Keywords />
      <Name />
      <Text />
      <Level>0</Level>
      <Hidden>true</Hidden>
      <Prerequisite />
      <Condition>Weapon</Condition>
      <Skills />
      <SkillBonus>0</SkillBonus>
      <SkillPassive>false</SkillPassive>
      <AttackBonus>2</AttackBonus>
      <DamageBonus>2</DamageBonus>
      <SaveDCBonus>0</SaveDCBonus>
      <InitiativeBonus>0</InitiativeBonus>
      <DamageBonusModifier>None</DamageBonusModifier>
      <BaseAbility>None</BaseAbility>
      <SavingThrowBonus>0</SavingThrowBonus>
      <ProficiencyBonus>0</ProficiencyBonus>
      <SavingThrowAbility>None</SavingThrowAbility>
      <BaseItemChange>Quarterstaff</BaseItemChange>
      <ProficiencyOptions />
    </BonusFeature>
  </AttunedOnUseFeatures>
  <Requirement>Staff, rare (requires attunement by a druid)</Requirement>
  <Name>Staff of the Woodlands</Name>
  <Description>This staff can be wielded as a magic quarterstaff that grants a +2 bonus to attack and damage rolls made with it. While holding it, you have a +2 bonus to spell attack rolls.
The staff has 10 charges for the following properties. It regains 1d6 + 4 expended charges daily at dawn. If you expend the last charge, roll a d20. On a 1, the staff loses its properties and becomes a nonmagical quarterstaff.</Description>
  <Slot>Weapon</Slot>
  <Base>Staff</Base>
  <Source>Systems Reference Document v5.1</Source>
  <PostName>of the Woodlands</PostName>
  <Rarity>Rare</Rarity>
</MagicProperty>