<?xml version="1.0" encoding="utf-8"?>
<MagicProperty xmlns:xsi="http://www.w3.org/2001/XMLSchema-instance" xmlns:xsd="http://www.w3.org/2001/XMLSchema">
  <AttunementFeatures>
    <ResourceFeature>
      <Keywords />
      <Name>Staff of Withering</Name>
      <Text>This staff has 3 charges and regains 1d3 expended charges daily at dawn.
The staff can be wielded as a magic quarterstaff. On a hit, it deals damage as a normal quarterstaff, and you can expend 1 charge to deal an extra 2d10 necrotic damage to the target. In addition, the target must succeed on a DC 15 Constitution saving throw or have disadvantage for 1 hour on any ability check or saving throw that uses Strength or Constitution.</Text>
      <Level>0</Level>
      <Hidden>false</Hidden>
      <NoDisplay>false</NoDisplay>
      <Action>Other</Action>
      <Prerequisite />
      <ValueBonus>None</ValueBonus>
      <Value>3</Value>
      <ResourceID>STAFF_OF_WITHERING</ResourceID>
      <Recharge>Dawn</Recharge>
      <ExclusionID />
    </ResourceFeature>
  </AttunementFeatures>
  <CarryFeatures />
  <EquipFeatures />
  <AttunedEquipFeatures />
  <OnUseFeatures />
  <AttunedOnUseFeatures>
    <BonusFeature>
      <Keywords />
      <Name />
      <Text />
      <Level>0</Level>
      <Hidden>true</Hidden>
      <NoDisplay>false</NoDisplay>
      <Action>Hidden</Action>
      <Prerequisite />
      <Condition>Weapon</Condition>
      <Skills />
      <SkillBonus>0</SkillBonus>
      <SkillPassive>false</SkillPassive>
      <AttackBonus>0</AttackBonus>
      <DamageBonus>0</DamageBonus>
      <SaveDCBonus>0</SaveDCBonus>
      <InitiativeBonus>0</InitiativeBonus>
      <DamageBonusModifier>None</DamageBonusModifier>
      <BaseAbility>None</BaseAbility>
      <SavingThrowBonus>0</SavingThrowBonus>
      <ProficiencyBonus>0</ProficiencyBonus>
      <SavingThrowAbility>None</SavingThrowAbility>
      <BaseItemChange>Quarterstaff</BaseItemChange>
      <SizeChange>0</SizeChange>
      <ProficiencyOptions />
    </BonusFeature>
  </AttunedOnUseFeatures>
  <Requirement>Staff, rare (requires attunement by a cleric, druid, or warlock)</Requirement>
  <Name>Staff of Withering</Name>
  <Description>This staff has 3 charges and regains 1d3 expended charges daily at dawn.
The staff can be wielded as a magic quarterstaff. On a hit, it deals damage as a normal quarterstaff, and you can expend 1 charge to deal an extra 2d10 necrotic damage to the target. In addition, the target must succeed on a DC 15 Constitution saving throw or have disadvantage for 1 hour on any ability check or saving throw that uses Strength or Constitution.</Description>
  <Slot>Weapon</Slot>
  <Base>Staff</Base>
  <Source>Systems Reference Document v5.1</Source>
  <PostName>of Withering</PostName>
  <Rarity>Rare</Rarity>
</MagicProperty>