<?xml version="1.0" encoding="utf-8"?>
<MagicProperty xmlns:xsi="http://www.w3.org/2001/XMLSchema-instance" xmlns:xsd="http://www.w3.org/2001/XMLSchema">
  <AttunementFeatures>
    <Feature>
      <Keywords />
      <Name>Staff of Thunder and Lightning</Name>
      <Text>This staff can be wielded as a magic quarterstaff that grants a +2 bonus to attack and damage rolls made with it. It also has the following additional properties. When one of these properties is used, it can't be used again until the next dawn.</Text>
      <Level>0</Level>
      <Hidden>false</Hidden>
      <Prerequisite />
    </Feature>
    <ResourceFeature>
      <Keywords />
      <Name>Lightning</Name>
      <Text>When you hit with a melee attack using the staff, you can cause the target to take an extra 2d6 lightning damage.</Text>
      <Level>0</Level>
      <Hidden>false</Hidden>
      <Prerequisite />
      <ValueBonus>None</ValueBonus>
      <Value>1</Value>
      <ResourceID>STAFF_OF_THUNDER_AND_LIGHTNING_LIGHTNING</ResourceID>
      <Recharge>Dawn</Recharge>
      <ExclusionID />
    </ResourceFeature>
    <ResourceFeature>
      <Keywords />
      <Name>Thunder</Name>
      <Text>When you hit with a melee attack using the staff, you can cause the staff to emit a crack of thunder, audible out to 300 feet. The target you hit must succeed on a DC 17 Constitution saving throw or become stunned until the end of your next turn.</Text>
      <Level>0</Level>
      <Hidden>false</Hidden>
      <Prerequisite />
      <ValueBonus>None</ValueBonus>
      <Value>1</Value>
      <ResourceID>STAFF_OF_THUNDER_AND_LIGHTNING_THUNDER</ResourceID>
      <Recharge>Dawn</Recharge>
      <ExclusionID />
    </ResourceFeature>
    <ResourceFeature>
      <Keywords />
      <Name>Lightning Strike</Name>
      <Text>You can use an action to cause a bolt of lightning to leap from the staff's tip in a line that is 5 feet wide and 120 feet long. Each creature in that line must make a DC 17 Dexterity saving throw, taking 9d6 lightning damage on a failed save, or half as much damage on a successful one.</Text>
      <Level>0</Level>
      <Hidden>false</Hidden>
      <Prerequisite />
      <ValueBonus>None</ValueBonus>
      <Value>1</Value>
      <ResourceID>STAFF_OF_THUNDER_AND_LIGHTNING_LIGHTNING_STRIKE</ResourceID>
      <Recharge>Dawn</Recharge>
      <ExclusionID />
    </ResourceFeature>
    <ResourceFeature>
      <Keywords />
      <Name>Thunderclap</Name>
      <Text>You can use an action to cause the staff to issue a deafening thunderclap, audible out to 600 feet. Each creature within 60 feet of you (not including you) must make a DC 17 Constitution saving throw. On a failed save, a creature takes 2d6 thunder damage and becomes deafened for 1 minute. On a successful save, a creature takes half damage and isn't deafened.</Text>
      <Level>0</Level>
      <Hidden>false</Hidden>
      <Prerequisite />
      <ValueBonus>None</ValueBonus>
      <Value>1</Value>
      <ResourceID>STAFF_OF_THUNDER_AND_LIGHTNING_THUNDERCLAP</ResourceID>
      <Recharge>Dawn</Recharge>
      <ExclusionID />
    </ResourceFeature>
    <ResourceFeature>
      <Keywords />
      <Name>Thunder and Lightning</Name>
      <Text>You can use an action to use the Lightning Strike and Thunderclap properties at the same time. Doing so doesn't expend the daily use of those properties, only the use of this one.</Text>
      <Level>0</Level>
      <Hidden>false</Hidden>
      <Prerequisite />
      <ValueBonus>None</ValueBonus>
      <Value>1</Value>
      <ResourceID>STAFF_OF_THUNDER_AND_LIGHTNING_THUNDER_AND_LIGHTNING</ResourceID>
      <Recharge>Dawn</Recharge>
      <ExclusionID />
    </ResourceFeature>
  </AttunementFeatures>
  <CarryFeatures />
  <EquipFeatures />
  <AttunedEquipFeatures />
  <OnUseFeatures />
  <AttunedOnUseFeatures>
    <BonusFeature>
      <Keywords />
      <Name />
      <Text />
      <Level>0</Level>
      <Hidden>true</Hidden>
      <Prerequisite />
      <Condition>Weapon</Condition>
      <Skills />
      <SkillBonus>0</SkillBonus>
      <SkillPassive>false</SkillPassive>
      <AttackBonus>2</AttackBonus>
      <DamageBonus>2</DamageBonus>
      <SaveDCBonus>0</SaveDCBonus>
      <InitiativeBonus>0</InitiativeBonus>
      <DamageBonusModifier>None</DamageBonusModifier>
      <BaseAbility>None</BaseAbility>
      <SavingThrowBonus>0</SavingThrowBonus>
      <ProficiencyBonus>0</ProficiencyBonus>
      <SavingThrowAbility>None</SavingThrowAbility>
      <BaseItemChange>Quarterstaff</BaseItemChange>
      <ProficiencyOptions />
    </BonusFeature>
  </AttunedOnUseFeatures>
  <Requirement>Staff</Requirement>
  <Name>Staff of Thunder and Lightning</Name>
  <Description>This staff can be wielded as a magic quarterstaff that grants a +2 bonus to attack and damage rolls made with it. It also has the following additional properties. When one of these properties is used, it can't be used again until the next dawn.</Description>
  <Slot>Weapon</Slot>
  <Base>Staff</Base>
  <Source>Systems Reference Document v5.1</Source>
  <PostName>of Thunder and Lightning</PostName>
  <Rarity>VeryRare</Rarity>
</MagicProperty>