<?xml version="1.0" encoding="utf-8"?>
<MagicProperty xmlns:xsi="http://www.w3.org/2001/XMLSchema-instance" xmlns:xsd="http://www.w3.org/2001/XMLSchema">
  <AttunementFeatures>
    <ResourceFeature>
      <Keywords />
      <Name>Staff of Swarming Insects</Name>
      <Text>This staff has 10 charges and regains 1d6 + 4 expended charges daily at dawn. If you expend the last charge, roll a d20. On a 1, a swarm of insects consumes and destroys the staff, then disperses.</Text>
      <Level>0</Level>
      <Hidden>false</Hidden>
      <Prerequisite />
      <ValueBonus>None</ValueBonus>
      <Value>10</Value>
      <ResourceID>STAFF_OF_SWARMING_INSECTS</ResourceID>
      <Recharge>Dawn</Recharge>
      <ExclusionID />
    </ResourceFeature>
    <BonusSpellFeature>
      <Keywords />
      <Name>Spells</Name>
      <Text>While holding the staff, you can use an action to expend some of its charges to cast one of the following spells from it, using your spell save DC: giant insect (4 charges) or insect plague (5 charges).</Text>
      <Level>0</Level>
      <Hidden>false</Hidden>
      <Prerequisite />
      <Spell>Giant Insect</Spell>
      <SpellCastingAbility>None</SpellCastingAbility>
      <SpellCastModifier>Charges</SpellCastModifier>
      <KeywordsToAdd />
    </BonusSpellFeature>
    <BonusSpellFeature>
      <Keywords />
      <Name />
      <Text />
      <Level>0</Level>
      <Hidden>true</Hidden>
      <Prerequisite />
      <Spell>Insect Plague</Spell>
      <SpellCastingAbility>None</SpellCastingAbility>
      <SpellCastModifier>Charges</SpellCastModifier>
      <KeywordsToAdd />
    </BonusSpellFeature>
    <Feature>
      <Keywords />
      <Name>Insect Cloud</Name>
      <Text>While holding the staff, you can use an action and expend 1 charge to cause a swarm of harmless flying insects to spread out in a 30-foot radius from you. The insects remain for 10 minutes, making the area heavily obscured for creatures other than you. The swarm moves with you, remaining centered on you. A wind of at least 10 miles per hour disperses the swarm and ends the effect.</Text>
      <Level>0</Level>
      <Hidden>false</Hidden>
      <Prerequisite />
    </Feature>
  </AttunementFeatures>
  <CarryFeatures />
  <EquipFeatures />
  <AttunedEquipFeatures />
  <OnUseFeatures>
    <BonusFeature>
      <Keywords />
      <Name />
      <Text />
      <Level>0</Level>
      <Hidden>true</Hidden>
      <Prerequisite />
      <Condition>Weapon</Condition>
      <Skills />
      <SkillBonus>0</SkillBonus>
      <SkillPassive>false</SkillPassive>
      <AttackBonus>3</AttackBonus>
      <DamageBonus>3</DamageBonus>
      <SaveDCBonus>0</SaveDCBonus>
      <InitiativeBonus>0</InitiativeBonus>
      <DamageBonusModifier>None</DamageBonusModifier>
      <BaseAbility>None</BaseAbility>
      <SavingThrowBonus>0</SavingThrowBonus>
      <ProficiencyBonus>0</ProficiencyBonus>
      <SavingThrowAbility>None</SavingThrowAbility>
      <BaseItemChange>Quarterstaff</BaseItemChange>
      <ProficiencyOptions />
    </BonusFeature>
  </OnUseFeatures>
  <AttunedOnUseFeatures />
  <Requirement>Staff, rare (requires attunement by a bard, cleric, druid, sorcerer, warlock, or wizard)</Requirement>
  <Name>Staff of Swarming Insects</Name>
  <Description>This staff has 10 charges and regains 1d6 + 4 expended charges daily at dawn. If you expend the last charge, roll a d20. On a 1, a swarm of insects consumes and destroys the staff, then disperses.</Description>
  <Slot>Weapon</Slot>
  <Base>Staff</Base>
  <Source>Systems Reference Document v5.1</Source>
  <PostName>of Swarming Insects</PostName>
  <Rarity>Rare</Rarity>
</MagicProperty>