<?xml version="1.0" encoding="utf-8"?>
<MagicProperty xmlns:xsi="http://www.w3.org/2001/XMLSchema-instance" xmlns:xsd="http://www.w3.org/2001/XMLSchema">
  <AttunementFeatures>
    <ResourceFeature>
      <Keywords />
      <Name>Wand of Binding</Name>
      <Text>This wand has 7 charges for the following properties. It regains 1d6 + 1 expended charges daily at dawn. If you expend the wand's last charge, roll a d20. On a 1, the wand crumbles into ashes and is destroyed.</Text>
      <Level>0</Level>
      <Hidden>false</Hidden>
      <NoDisplay>false</NoDisplay>
      <Action>Hidden</Action>
      <Prerequisite />
      <ValueBonus>None</ValueBonus>
      <Value>7</Value>
      <ResourceID>WAND_OF_BINDING</ResourceID>
      <Recharge>Dawn</Recharge>
      <ExclusionID />
    </ResourceFeature>
  </AttunementFeatures>
  <CarryFeatures />
  <EquipFeatures />
  <AttunedEquipFeatures>
    <Feature>
      <Keywords />
      <Name>Spells</Name>
      <Text>While holding the wand, you can use an action to expend some of its charges to cast one of the following spells (save DC 17): hold monster (5 charges) or hold person (2 charges).</Text>
      <Level>0</Level>
      <Hidden>false</Hidden>
      <NoDisplay>false</NoDisplay>
      <Action>Hidden</Action>
      <Prerequisite />
    </Feature>
    <BonusSpellFeature>
      <Keywords />
      <Name>Wand of Binding</Name>
      <Text>5 charges, save DC 17</Text>
      <Level>0</Level>
      <Hidden>true</Hidden>
      <NoDisplay>true</NoDisplay>
      <Action>Action</Action>
      <Prerequisite />
      <Spell>Hold Monster</Spell>
      <SpellCastingAbility>None</SpellCastingAbility>
      <SpellCastModifier>Charges</SpellCastModifier>
      <KeywordsToAdd />
    </BonusSpellFeature>
    <BonusSpellFeature>
      <Keywords />
      <Name>Wand of Binding</Name>
      <Text>2 charges, save DC 17</Text>
      <Level>0</Level>
      <Hidden>true</Hidden>
      <NoDisplay>true</NoDisplay>
      <Action>Action</Action>
      <Prerequisite />
      <Spell>Hold Person</Spell>
      <SpellCastingAbility>None</SpellCastingAbility>
      <SpellCastModifier>Charges</SpellCastModifier>
      <KeywordsToAdd />
    </BonusSpellFeature>
    <Feature>
      <Keywords />
      <Name>Assisted Escape</Name>
      <Text>While holding the wand, you can use your reaction to expend 1 charge and gain advantage on a saving throw you make to avoid being paralyzed or restrained, or you can expend 1 charge and gain advantage on any check you make to escape a grapple.</Text>
      <Level>0</Level>
      <Hidden>false</Hidden>
      <NoDisplay>false</NoDisplay>
      <Action>Reaction</Action>
      <Prerequisite />
    </Feature>
  </AttunedEquipFeatures>
  <OnUseFeatures />
  <AttunedOnUseFeatures />
  <Requirement>Wand, rare (requires attunement by a spellcaster)</Requirement>
  <Name>Wand of Binding</Name>
  <Description>This wand has 7 charges for the following properties. It regains 1d6 + 1 expended charges daily at dawn. If you expend the wand's last charge, roll a d20. On a 1, the wand crumbles into ashes and is destroyed.</Description>
  <Slot>Focus</Slot>
  <Base>Wand</Base>
  <Source>Systems Reference Document v5.1</Source>
  <PostName>of Binding</PostName>
  <Rarity>Rare</Rarity>
</MagicProperty>