<?xml version="1.0" encoding="utf-8"?>
<MagicProperty xmlns:xsi="http://www.w3.org/2001/XMLSchema-instance" xmlns:xsd="http://www.w3.org/2001/XMLSchema">
  <AttunementFeatures />
  <CarryFeatures>
    <ResourceFeature>
      <Keywords />
      <Name>Wand of Magic Detection</Name>
      <Text>This wand has 3 charges. While holding it, you can expend 1 charge as an action to cast the detect magic spell from it. The wand regains 1d3 expended charges daily at dawn.</Text>
      <Level>0</Level>
      <Hidden>false</Hidden>
      <NoDisplay>true</NoDisplay>
      <Action>Hidden</Action>
      <Prerequisite />
      <ValueBonus>None</ValueBonus>
      <Value>3</Value>
      <ResourceID>WAND_OF_MAGIC_DETECTION</ResourceID>
      <Recharge>Dawn</Recharge>
      <ExclusionID />
    </ResourceFeature>
  </CarryFeatures>
  <EquipFeatures>
    <BonusSpellFeature>
      <Keywords />
      <Name>Wand of Magic Detection</Name>
      <Text>While holding it, you can expend 1 charge as an action to cast the detect magic spell from it.</Text>
      <Level>0</Level>
      <Hidden>true</Hidden>
      <NoDisplay>true</NoDisplay>
      <Action>Action</Action>
      <Prerequisite />
      <Spell>Detect Magic</Spell>
      <SpellCastingAbility>None</SpellCastingAbility>
      <SpellCastModifier>Charges</SpellCastModifier>
      <KeywordsToAdd />
    </BonusSpellFeature>
  </EquipFeatures>
  <AttunedEquipFeatures />
  <OnUseFeatures />
  <AttunedOnUseFeatures />
  <Requirement>Wand</Requirement>
  <Name>Wand of Magic Detection</Name>
  <Description>This wand has 3 charges. While holding it, you can expend 1 charge as an action to cast the detect magic spell from it. The wand regains 1d3 expended charges daily at dawn.</Description>
  <Slot>Focus</Slot>
  <Base>Wand</Base>
  <Source>Systems Reference Document v5.1</Source>
  <PostName>of Magic Detection</PostName>
  <Rarity>Uncommon</Rarity>
</MagicProperty>