<?xml version="1.0" encoding="utf-8"?>
<MagicProperty xmlns:xsi="http://www.w3.org/2001/XMLSchema-instance" xmlns:xsd="http://www.w3.org/2001/XMLSchema">
  <AttunementFeatures>
    <ResourceFeature>
      <Keywords />
      <Name>Ring of Air Elemental Command</Name>
      <Text> This ring is linked to the Elemental Plane of Air.
While wearing this ring, you have advantage on attack rolls against air elementals, and they have disadvantage on attack rolls against you. In addition, you have access to properties based on the Elemental Plane of Air.
The ring has 5 charges. It regains 1d4 + 1 expended charges daily at dawn. Spells cast from the ring have a save DC of 17.
You can expend 2 of the ring's charges to cast dominate monster on an air elemental. In addition, when you fall, you descend 60 feet per round and take no damage from falling. You can also speak and understand Auran.
If you help slay an air elemental while attuned to the ring, you gain access to the following additional properties:
 • You have resistance to lightning damage.
 • You have a flying speed equal to your walking speed and can hover.
 • You can cast the following spells from the ring, expending the necessary number of charges: chain lightning (3 charges), gust of wind (2 charges), or wind wall (1 charge).</Text>
      <Level>0</Level>
      <Hidden>false</Hidden>
      <NoDisplay>true</NoDisplay>
      <Action>Hidden</Action>
      <Prerequisite />
      <ValueBonus>None</ValueBonus>
      <Value>5</Value>
      <ResourceID>RING_OF_AIR_ELEMENTAL_COMMAND</ResourceID>
      <Recharge>Dawn</Recharge>
      <ExclusionID />
    </ResourceFeature>
    <BonusSpellFeature>
      <Keywords />
      <Name>Ring of Air Elemental Command</Name>
      <Text>2 charges, save DC 17</Text>
      <Level>0</Level>
      <Hidden>true</Hidden>
      <NoDisplay>true</NoDisplay>
      <Action>Default</Action>
      <Prerequisite />
      <Spell>Dominate Monster</Spell>
      <SpellCastingAbility>None</SpellCastingAbility>
      <SpellCastModifier>Charges</SpellCastModifier>
      <KeywordsToAdd />
    </BonusSpellFeature>
    <BonusSpellFeature>
      <Keywords />
      <Name>Ring of Air Elemental Command</Name>
      <Text>3 charges, save DC 17</Text>
      <Level>0</Level>
      <Hidden>true</Hidden>
      <NoDisplay>true</NoDisplay>
      <Action>Default</Action>
      <Prerequisite />
      <Spell>Chain Lightning</Spell>
      <SpellCastingAbility>None</SpellCastingAbility>
      <SpellCastModifier>Charges</SpellCastModifier>
      <KeywordsToAdd />
    </BonusSpellFeature>
    <BonusSpellFeature>
      <Keywords />
      <Name>Ring of Air Elemental Command</Name>
      <Text>2 charges, save DC 17</Text>
      <Level>0</Level>
      <Hidden>true</Hidden>
      <NoDisplay>true</NoDisplay>
      <Action>Default</Action>
      <Prerequisite />
      <Spell>Gust of Wind</Spell>
      <SpellCastingAbility>None</SpellCastingAbility>
      <SpellCastModifier>Charges</SpellCastModifier>
      <KeywordsToAdd />
    </BonusSpellFeature>
    <BonusSpellFeature>
      <Keywords />
      <Name>Ring of Air Elemental Command</Name>
      <Text>1 charge, save DC 17</Text>
      <Level>0</Level>
      <Hidden>true</Hidden>
      <NoDisplay>true</NoDisplay>
      <Action>Default</Action>
      <Prerequisite />
      <Spell>Wind Wall</Spell>
      <SpellCastingAbility>None</SpellCastingAbility>
      <SpellCastModifier>Charges</SpellCastModifier>
      <KeywordsToAdd />
    </BonusSpellFeature>
    <ResistanceFeature>
      <Keywords />
      <Name />
      <Text />
      <Level>0</Level>
      <Hidden>true</Hidden>
      <NoDisplay>true</NoDisplay>
      <Action>Hidden</Action>
      <Prerequisite />
      <Resistances>
        <string>lightning</string>
      </Resistances>
      <Vulnerabilities />
      <Immunities />
      <SavingThrowAdvantages />
    </ResistanceFeature>
    <LanguageProficiencyFeature>
      <Keywords />
      <Name />
      <Text />
      <Level>0</Level>
      <Hidden>true</Hidden>
      <NoDisplay>true</NoDisplay>
      <Action>Hidden</Action>
      <Prerequisite />
      <Languages>
        <string>Primordial</string>
      </Languages>
    </LanguageProficiencyFeature>
  </AttunementFeatures>
  <CarryFeatures />
  <EquipFeatures />
  <AttunedEquipFeatures />
  <OnUseFeatures />
  <AttunedOnUseFeatures />
  <Requirement>Ring</Requirement>
  <Name>Ring of Air Elemental Command</Name>
  <Description>This ring is linked to the Elemental Plane of Air.
While wearing this ring, you have advantage on attack rolls against air elementals, and they have disadvantage on attack rolls against you. In addition, you have access to properties based on the Elemental Plane of Air.
The ring has 5 charges. It regains 1d4 + 1 expended charges daily at dawn. Spells cast from the ring have a save DC of 17.
You can expend 2 of the ring's charges to cast dominate monster on an air elemental. In addition, when you fall, you descend 60 feet per round and take no damage from falling. You can also speak and understand Auran.
If you help slay an air elemental while attuned to the ring, you gain access to the following additional properties:
 • You have resistance to lightning damage.
 • You have a flying speed equal to your walking speed and can hover.
 • You can cast the following spells from the ring, expending the necessary number of charges: chain lightning (3 charges), gust of wind (2 charges), or wind wall (1 charge).
</Description>
  <Slot>Ring</Slot>
  <Source>Systems Reference Document v5.1</Source>
  <Rarity>Legendary</Rarity>
</MagicProperty>