<?xml version="1.0" encoding="utf-8"?>
<MagicProperty xmlns:xsi="http://www.w3.org/2001/XMLSchema-instance" xmlns:xsd="http://www.w3.org/2001/XMLSchema">
  <AttunementFeatures>
    <BonusSpellFeature>
      <Keywords />
      <Name>Ring of Jumping</Name>
      <Text>While wearing this ring, you can cast the jump spell from it as a bonus action at will, but can target only yourself when you do so.</Text>
      <Level>0</Level>
      <Hidden>false</Hidden>
      <NoDisplay>false</NoDisplay>
      <Action>Bonus</Action>
      <Prerequisite />
      <Spell>Jump</Spell>
      <SpellCastingAbility>None</SpellCastingAbility>
      <SpellCastModifier>AtWill</SpellCastModifier>
      <KeywordsToAdd />
    </BonusSpellFeature>
  </AttunementFeatures>
  <CarryFeatures />
  <EquipFeatures />
  <AttunedEquipFeatures />
  <OnUseFeatures />
  <AttunedOnUseFeatures />
  <Requirement>Ring</Requirement>
  <Name>Ring of Jumping</Name>
  <Description>While wearing this ring, you can cast the jump spell from it as a bonus action at will, but can target only yourself when you do so.</Description>
  <Slot>Ring</Slot>
  <Source>Systems Reference Document v5.1</Source>
  <Rarity>Uncommon</Rarity>
</MagicProperty>