<?xml version="1.0" encoding="utf-8"?>
<MagicProperty xmlns:xsi="http://www.w3.org/2001/XMLSchema-instance" xmlns:xsd="http://www.w3.org/2001/XMLSchema">
  <AttunementFeatures>
    <BonusSpellFeature>
      <Keywords />
      <Name>Ring of Telekinesis</Name>
      <Text>While wearing this ring, you can cast the telekinesis spell at will, but you can target only objects that aren't being worn or carried.</Text>
      <Level>0</Level>
      <Hidden>false</Hidden>
      <Prerequisite />
      <Spell>Telekinesis</Spell>
      <SpellCastingAbility>None</SpellCastingAbility>
      <SpellCastModifier>AtWill</SpellCastModifier>
      <KeywordsToAdd />
    </BonusSpellFeature>
  </AttunementFeatures>
  <CarryFeatures />
  <EquipFeatures />
  <OnUseFeatures />
  <Requirement>Ring</Requirement>
  <Name>Ring of Telekinesis</Name>
  <Description>While wearing this ring, you can cast the telekinesis spell at will, but you can target only objects that aren't being worn or carried.</Description>
  <Slot>Ring</Slot>
  <Source>Systems Reference Document v5.1</Source>
  <Rarity>VeryRare</Rarity>
</MagicProperty>