<?xml version="1.0" encoding="utf-8"?>
<MagicProperty xmlns:xsi="http://www.w3.org/2001/XMLSchema-instance" xmlns:xsd="http://www.w3.org/2001/XMLSchema">
  <AttunementFeatures>
    <Feature>
      <Keywords />
      <Name>Ring of Warmth</Name>
      <Text>While wearing this ring, you have resistance to cold damage. In addition, you and everything you wear and carry are unharmed by temperatures as low as −50 degrees Fahrenheit.</Text>
      <Level>0</Level>
      <Hidden>false</Hidden>
      <Prerequisite />
    </Feature>
  </AttunementFeatures>
  <CarryFeatures />
  <EquipFeatures />
  <OnUseFeatures />
  <Requirement>Ring</Requirement>
  <Name>Ring of Warmth</Name>
  <Description>While wearing this ring, you have resistance to cold damage. In addition, you and everything you wear and carry are unharmed by temperatures as low as −50 degrees Fahrenheit.</Description>
  <Slot>Ring</Slot>
  <Source>Systems Reference Document v5.1</Source>
  <Rarity>Uncommon</Rarity>
</MagicProperty>