<?xml version="1.0" encoding="utf-8"?>
<MagicProperty xmlns:xsi="http://www.w3.org/2001/XMLSchema-instance" xmlns:xsd="http://www.w3.org/2001/XMLSchema">
  <AttunementFeatures>
    <Feature>
      <Keywords />
      <Name>Ring of Invisibility</Name>
      <Text>While wearing this ring, you can turn invisible as an action. Anything you are wearing or carrying is invisible with you. You remain invisible until the ring is removed, until you attack or cast a spell, or until you use a bonus action to become visible again.</Text>
      <Level>0</Level>
      <Hidden>false</Hidden>
      <Prerequisite />
    </Feature>
  </AttunementFeatures>
  <CarryFeatures />
  <EquipFeatures />
  <OnUseFeatures />
  <Requirement>Ring</Requirement>
  <Name>Ring of Invisibility</Name>
  <Description>While wearing this ring, you can turn invisible as an action. Anything you are wearing or carrying is invisible with you. You remain invisible until the ring is removed, until you attack or cast a spell, or until you use a bonus action to become visible again.</Description>
  <Slot>Ring</Slot>
  <Source>Systems Reference Document v5.1</Source>
  <Rarity>Legendary</Rarity>
</MagicProperty>