<?xml version="1.0" encoding="utf-8"?>
<MagicProperty xmlns:xsi="http://www.w3.org/2001/XMLSchema-instance" xmlns:xsd="http://www.w3.org/2001/XMLSchema">
  <AttunementFeatures />
  <CarryFeatures>
    <ResourceFeature>
      <Keywords />
      <Name>Ring of Animal Influence</Name>
      <Text>This ring has 3 charges, and it regains 1d3 expended charges daily at dawn. While wearing the ring, you can use an action to expend 1 of its charges to cast one of the following spells:
 • Animal friendship (save DC 13)
 • Fear (save DC 13), targeting only beasts that have an Intelligence of 3 or lower
 • Speak with animals</Text>
      <Level>0</Level>
      <Hidden>false</Hidden>
      <Prerequisite />
      <ValueBonus>None</ValueBonus>
      <Value>3</Value>
      <ResourceID>RING_OF_ANIMAL_INFLUENCE</ResourceID>
      <Recharge>Dawn</Recharge>
      <ExclusionID />
    </ResourceFeature>
    <BonusSpellFeature>
      <Keywords />
      <Name />
      <Text />
      <Level>0</Level>
      <Hidden>false</Hidden>
      <Prerequisite />
      <Spell>Animal Friendship</Spell>
      <SpellCastingAbility>None</SpellCastingAbility>
      <SpellCastModifier>Charges</SpellCastModifier>
      <KeywordsToAdd />
    </BonusSpellFeature>
    <BonusSpellFeature>
      <Keywords />
      <Name />
      <Text />
      <Level>0</Level>
      <Hidden>false</Hidden>
      <Prerequisite />
      <Spell>Fear</Spell>
      <SpellCastingAbility>None</SpellCastingAbility>
      <SpellCastModifier>Charges</SpellCastModifier>
      <KeywordsToAdd />
    </BonusSpellFeature>
    <BonusSpellFeature>
      <Keywords />
      <Name />
      <Text />
      <Level>0</Level>
      <Hidden>false</Hidden>
      <Prerequisite />
      <Spell>Speak with Animals</Spell>
      <SpellCastingAbility>None</SpellCastingAbility>
      <SpellCastModifier>Charges</SpellCastModifier>
      <KeywordsToAdd />
    </BonusSpellFeature>
  </CarryFeatures>
  <EquipFeatures />
  <OnUseFeatures />
  <Requirement>Ring</Requirement>
  <Name>Ring of Animal Influence</Name>
  <Description>This ring has 3 charges, and it regains 1d3 expended charges daily at dawn. While wearing the ring, you can use an action to expend 1 of its charges to cast one of the following spells:
 • Animal friendship (save DC 13)
 • Fear (save DC 13), targeting only beasts that have an Intelligence of 3 or lower
 • Speak with animals</Description>
  <Slot>Ring</Slot>
  <Source>Systems Reference Document v5.1</Source>
  <Rarity>Rare</Rarity>
</MagicProperty>