<?xml version="1.0" encoding="utf-8"?>
<MagicProperty xmlns:xsi="http://www.w3.org/2001/XMLSchema-instance" xmlns:xsd="http://www.w3.org/2001/XMLSchema">
  <AttunementFeatures>
    <Feature>
      <Keywords />
      <Name>Ring of Regeneration</Name>
      <Text>While wearing this ring, you regain 1d6 hit points every 10 minutes, provided that you have at least 1 hit point. If you lose a body part, the ring causes the missing part to regrow and return to full functionality after 1d6 + 1 days if you have at least 1 hit point the whole time.</Text>
      <Level>0</Level>
      <Hidden>false</Hidden>
      <Prerequisite />
    </Feature>
  </AttunementFeatures>
  <CarryFeatures />
  <EquipFeatures />
  <OnUseFeatures />
  <Requirement>Ring</Requirement>
  <Name>Ring of Regeneration</Name>
  <Description>While wearing this ring, you regain 1d6 hit points every 10 minutes, provided that you have at least 1 hit point. If you lose a body part, the ring causes the missing part to regrow and return to full functionality after 1d6 + 1 days if you have at least 1 hit point the whole time.</Description>
  <Slot>Ring</Slot>
  <Source>Systems Reference Document v5.1</Source>
  <Rarity>VeryRare</Rarity>
</MagicProperty>