<?xml version="1.0" encoding="utf-8"?>
<MagicProperty xmlns:xsi="http://www.w3.org/2001/XMLSchema-instance" xmlns:xsd="http://www.w3.org/2001/XMLSchema">
  <AttunementFeatures>
    <ResourceFeature>
      <Keywords />
      <Name>Ring of the Ram</Name>
      <Text>This ring has 3 charges, and it regains 1d3 expended charges daily at dawn. While wearing the ring, you can use an action to expend 1 to 3 of its charges to attack one creature you can see within 60 feet of you. The ring produces a spectral ram's head and makes its attack roll with a +7 bonus. On a hit, for each charge you spend, the target takes 2d10 force damage and is pushed 5 feet away from you.
Alternatively, you can expend 1 to 3 of the ring's charges as an action to try to break an object you can see within 60 feet of you that isn't being worn or carried. The ring makes a Strength check with a +5 bonus for each charge you spend.</Text>
      <Level>0</Level>
      <Hidden>false</Hidden>
      <Prerequisite />
      <ValueBonus>None</ValueBonus>
      <Value>3</Value>
      <ResourceID>RING_OF_THE_RAM</ResourceID>
      <Recharge>Dawn</Recharge>
      <ExclusionID />
    </ResourceFeature>
  </AttunementFeatures>
  <CarryFeatures />
  <EquipFeatures />
  <OnUseFeatures />
  <Requirement>Ring</Requirement>
  <Name>Ring of the Ram</Name>
  <Description>This ring has 3 charges, and it regains 1d3 expended charges daily at dawn. While wearing the ring, you can use an action to expend 1 to 3 of its charges to attack one creature you can see within 60 feet of you. The ring produces a spectral ram's head and makes its attack roll with a +7 bonus. On a hit, for each charge you spend, the target takes 2d10 force damage and is pushed 5 feet away from you.
Alternatively, you can expend 1 to 3 of the ring's charges as an action to try to break an object you can see within 60 feet of you that isn't being worn or carried. The ring makes a Strength check with a +5 bonus for each charge you spend.</Description>
  <Slot>Ring</Slot>
  <Source>Systems Reference Document v5.1</Source>
  <Rarity>Rare</Rarity>
</MagicProperty>