<?xml version="1.0" encoding="utf-8"?>
<MagicProperty xmlns:xsi="http://www.w3.org/2001/XMLSchema-instance" xmlns:xsd="http://www.w3.org/2001/XMLSchema">
  <AttunementFeatures>
    <Feature>
      <Keywords />
      <Name>Ring of Free Action</Name>
      <Text>While you wear this ring, difficult terrain doesn't cost you extra movement. In addition, magic can neither reduce your speed nor cause you to be paralyzed or restrained.</Text>
      <Level>0</Level>
      <Hidden>false</Hidden>
      <NoDisplay>false</NoDisplay>
      <Action>Hidden</Action>
      <Prerequisite />
    </Feature>
  </AttunementFeatures>
  <CarryFeatures />
  <EquipFeatures />
  <AttunedEquipFeatures />
  <OnUseFeatures />
  <AttunedOnUseFeatures />
  <Requirement>Ring</Requirement>
  <Name>Ring of Free Action</Name>
  <Description>While you wear this ring, difficult terrain doesn't cost you extra movement. In addition, magic can neither reduce your speed nor cause you to be paralyzed or restrained.</Description>
  <Slot>Ring</Slot>
  <Source>Systems Reference Document v5.1</Source>
  <Rarity>Rare</Rarity>
</MagicProperty>