<?xml version="1.0" encoding="utf-8"?>
<MagicProperty xmlns:xsi="http://www.w3.org/2001/XMLSchema-instance" xmlns:xsd="http://www.w3.org/2001/XMLSchema">
  <AttunementFeatures>
    <Feature>
      <Keywords />
      <Name>Spinel Ring of Resistance (Thunder)</Name>
      <Text>You have resistance to thunder damage while wearing this ring.</Text>
      <Level>0</Level>
      <Hidden>false</Hidden>
      <Prerequisite />
    </Feature>
  </AttunementFeatures>
  <CarryFeatures />
  <EquipFeatures />
  <OnUseFeatures />
  <Requirement>Ring</Requirement>
  <Name>Spinel Ring of Resistance (Thunder)</Name>
  <Description>You have resistance to one damage type while wearing this ring. The gem in the ring indicates the type, which the DM chooses or determines randomly. 
d10 - Damage Type - Gem
1 - Acid - Pearl
2 - Cold - Tourmaline
3 - Fire - Garnet
4 - Force - Sapphire
5 - Lightning - Citrine
6 - Necrotic - Jet
7 - Poison - Amethyst
8 - Psychic - Jade
9 - Radiant - Topaz
10 - Thunder - Spinel</Description>
  <Slot>Ring</Slot>
  <Source>Systems Reference Document v5.1</Source>
  <Rarity>Rare</Rarity>
</MagicProperty>