<?xml version="1.0" encoding="utf-8"?>
<Item xmlns:xsi="http://www.w3.org/2001/XMLSchema-instance" xmlns:xsd="http://www.w3.org/2001/XMLSchema" xsi:type="Tool">
  <Keywords>
    <Keyword>
      <Name>disguise</Name>
    </Keyword>
  </Keywords>
  <StackSize>1</StackSize>
  <Name>Disguise kit</Name>
  <Description>This pouch of cosmetics, hair dye, and small props lets you create disguises that change your physical appearance. Proficiency with this kit lets you add your proficiency bonus to any ability checks you make to create a visual disguise.</Description>
  <Price>
    <cp>0</cp>
    <sp>0</sp>
    <ep>0</ep>
    <gp>25</gp>
    <pp>0</pp>
  </Price>
  <Source>Systems Reference Document v5.1</Source>
  <Weight>3</Weight>
</Item>