<?xml version="1.0" encoding="utf-8"?>
<Item xmlns:xsi="http://www.w3.org/2001/XMLSchema-instance" xmlns:xsd="http://www.w3.org/2001/XMLSchema" xsi:type="Tool">
  <Keywords>
    <Keyword>
      <Name>navigator</Name>
    </Keyword>
  </Keywords>
  <StackSize>1</StackSize>
  <Name>Navigator's tools</Name>
  <Description>This set of instruments is used for navigation at sea. Proficiency with navigator's tools lets you chart a ship's course and follow navigation charts. In addition, these tools allow you to add your proficiency bonus to any ability check you make to avoid getting lost at sea.</Description>
  <Price>
    <cp>0</cp>
    <sp>0</sp>
    <ep>0</ep>
    <gp>25</gp>
    <pp>0</pp>
  </Price>
  <Source>Systems Reference Document v5.1</Source>
  <Weight>2</Weight>
</Item>