<?xml version="1.0" encoding="utf-8"?>
<Item xmlns:xsi="http://www.w3.org/2001/XMLSchema-instance" xmlns:xsd="http://www.w3.org/2001/XMLSchema" xsi:type="Weapon">
  <Keywords>
    <Keyword>
      <Name>ammunition</Name>
    </Keyword>
    <Range>
      <Name>range</Name>
      <Short>100</Short>
      <Long>400</Long>
    </Range>
    <Keyword>
      <Name>heavy</Name>
    </Keyword>
    <Keyword>
      <Name>loading</Name>
    </Keyword>
    <Keyword>
      <Name>two-handed</Name>
    </Keyword>
    <Keyword>
      <Name>martial</Name>
    </Keyword>
    <Keyword>
      <Name>ranged</Name>
    </Keyword>
    <Keyword>
      <Name>piercing</Name>
    </Keyword>
    <Keyword>
      <Name>crossbow</Name>
    </Keyword>
  </Keywords>
  <StackSize>1</StackSize>
  <Name>Crossbow, Heavy</Name>
  <Description />
  <Price>
    <cp>0</cp>
    <sp>0</sp>
    <ep>0</ep>
    <gp>50</gp>
    <pp>0</pp>
  </Price>
  <Source>Systems Reference Document v5.1</Source>
  <Weight>18</Weight>
  <Damage>1d10</Damage>
  <DamageType>piercing</DamageType>
</Item>