<?xml version="1.0" encoding="utf-8"?>
<Item xmlns:xsi="http://www.w3.org/2001/XMLSchema-instance" xmlns:xsd="http://www.w3.org/2001/XMLSchema" xsi:type="Tool">
  <Keywords>
    <Keyword>
      <Name>vehicle</Name>
    </Keyword>
    <Keyword>
      <Name>water</Name>
    </Keyword>
  </Keywords>
  <StackSize>1</StackSize>
  <Name>Vehicle, water</Name>
  <Description />
  <Price>
    <cp>0</cp>
    <sp>0</sp>
    <ep>0</ep>
    <gp>0</gp>
    <pp>0</pp>
  </Price>
  <Source>Systems Reference Document v5.1</Source>
  <Weight>0</Weight>
</Item>