<?xml version="1.0" encoding="utf-8"?>
<Item xmlns:xsi="http://www.w3.org/2001/XMLSchema-instance" xmlns:xsd="http://www.w3.org/2001/XMLSchema" xsi:type="Armor">
  <Keywords>
    <Keyword>
      <Name>medium</Name>
    </Keyword>
    <Keyword>
      <Name>chainshirt</Name>
    </Keyword>
  </Keywords>
  <StackSize>1</StackSize>
  <Name>Chain Shirt</Name>
  <Description>Made of interlocking metal rings, a chain shirt is worn between layers of clothing or leather. This armor offers modest protection to the wearer’s upper body and allows the sound of the rings rubbing against one another to be muffled by outer layers.</Description>
  <Price>
    <cp>0</cp>
    <sp>0</sp>
    <ep>0</ep>
    <gp>50</gp>
    <pp>0</pp>
  </Price>
  <Source>Systems Reference Document v5.1</Source>
  <Weight>20</Weight>
  <BaseAC>13</BaseAC>
  <StealthDisadvantage>false</StealthDisadvantage>
  <StrengthRequired>0</StrengthRequired>
</Item>