<?xml version="1.0" encoding="utf-8"?>
<Item xmlns:xsi="http://www.w3.org/2001/XMLSchema-instance" xmlns:xsd="http://www.w3.org/2001/XMLSchema" xsi:type="Armor">
  <Keywords>
    <Keyword>
      <Name>medium</Name>
    </Keyword>
    <Keyword>
      <Name>halfplate</Name>
    </Keyword>
  </Keywords>
  <StackSize>1</StackSize>
  <Name>Half Plate</Name>
  <Description>Half plate consists of shaped metal plates that cover most of the wearer’s body. It does not include leg protection beyond simple greaves that are attached with leather straps.</Description>
  <Price>
    <cp>0</cp>
    <sp>0</sp>
    <ep>0</ep>
    <gp>750</gp>
    <pp>0</pp>
  </Price>
  <Source>Systems Reference Document v5.1</Source>
  <Weight>40</Weight>
  <BaseAC>15</BaseAC>
  <StealthDisadvantage>true</StealthDisadvantage>
  <StrengthRequired>0</StrengthRequired>
</Item>