<?xml version="1.0" encoding="utf-8"?>
<Item xmlns:xsi="http://www.w3.org/2001/XMLSchema-instance" xmlns:xsd="http://www.w3.org/2001/XMLSchema" xsi:type="Armor">
  <Keywords>
    <Keyword>
      <Name>medium</Name>
    </Keyword>
    <Keyword>
      <Name>hide</Name>
    </Keyword>
  </Keywords>
  <StackSize>1</StackSize>
  <Name>Hide</Name>
  <Description>This crude armor consists of thick furs and pelts. It is commonly worn by barbarian tribes, evil humanoids, and other folk who lack access to the tools and materials needed to create better armor.</Description>
  <Price>
    <cp>0</cp>
    <sp>0</sp>
    <ep>0</ep>
    <gp>10</gp>
    <pp>0</pp>
  </Price>
  <Source>Systems Reference Document v5.1</Source>
  <Weight>12</Weight>
  <BaseAC>12</BaseAC>
  <StealthDisadvantage>false</StealthDisadvantage>
  <StrengthRequired>0</StrengthRequired>
</Item>
