<?xml version="1.0" encoding="utf-8"?>
<Item xmlns:xsi="http://www.w3.org/2001/XMLSchema-instance" xmlns:xsd="http://www.w3.org/2001/XMLSchema" xsi:type="Armor">
  <Keywords>
    <Keyword>
      <Name>medium</Name>
    </Keyword>
    <Keyword>
      <Name>scalemail</Name>
    </Keyword>
  </Keywords>
  <StackSize>1</StackSize>
  <Name>Scale Mail</Name>
  <Description>This armor consists of a coat and leggings (and perhaps a separate skirt) of leather covered with overlapping pieces of metal, much like the scales of a fish. The suit includes gauntlets.</Description>
  <Price>
    <cp>0</cp>
    <sp>0</sp>
    <ep>0</ep>
    <gp>50</gp>
    <pp>0</pp>
  </Price>
  <Source>Systems Reference Document v5.1</Source>
  <Weight>45</Weight>
  <BaseAC>14</BaseAC>
  <StealthDisadvantage>true</StealthDisadvantage>
  <StrengthRequired>0</StrengthRequired>
</Item>