<?xml version="1.0" encoding="utf-8"?>
<Item xmlns:xsi="http://www.w3.org/2001/XMLSchema-instance" xmlns:xsd="http://www.w3.org/2001/XMLSchema" xsi:type="Tool">
  <Keywords>
    <Keyword>
      <Name>artisan</Name>
    </Keyword>
    <Keyword>
      <Name>brewer</Name>
    </Keyword>
  </Keywords>
  <StackSize>1</StackSize>
  <Name>Brewer’s supplies</Name>
  <Description>These special tools include the items needed to pursue a craft or trade. The table shows examples of the most common types of tools, each providing items related to a single craft. Proficiency with a set of artisan’s tools lets you add your proficiency bonus to any ability checks you make using the tools in your craft. Each type of artisan’s tools requires a separate proficiency.</Description>
  <Price>
    <cp>0</cp>
    <sp>0</sp>
    <ep>0</ep>
    <gp>20</gp>
    <pp>0</pp>
  </Price>
  <Source>Systems Reference Document v5.1</Source>
  <Weight>9</Weight>
</Item>