<?xml version="1.0" encoding="utf-8"?>
<Item xmlns:xsi="http://www.w3.org/2001/XMLSchema-instance" xmlns:xsd="http://www.w3.org/2001/XMLSchema" xsi:type="Pack">
  <Keywords />
  <StackSize>1</StackSize>
  <Name>Burglar’s Pack</Name>
  <Description>Includes a backpack, a bag of 1,000 ball bearings, 10 feet of string, a bell, 5 candles, a crowbar, a hammer, 10 pitons, a hooded lantern, 2 flasks of oil, 5 days rations, a tinderbox, and a waterskin. The pack also has 50 feet of hempen rope strapped to the side of it.</Description>
  <Price>
    <cp>0</cp>
    <sp>0</sp>
    <ep>0</ep>
    <gp>16</gp>
    <pp>0</pp>
  </Price>
  <Source>Systems Reference Document v5.1</Source>
  <Weight>47.5</Weight>
  <Contents>
    <string>Backpack</string>
    <string>Ball Bearings</string>
    <string>String, 10 feet</string>
    <string>Bell</string>
    <string>Candle</string>
    <string>Candle</string>
    <string>Candle</string>
    <string>Candle</string>
    <string>Candle</string>
    <string>Crowbar</string>
    <string>Hammer</string>
    <string>Piton</string>
    <string>Piton</string>
    <string>Piton</string>
    <string>Piton</string>
    <string>Piton</string>
    <string>Piton</string>
    <string>Piton</string>
    <string>Piton</string>
    <string>Piton</string>
    <string>Piton</string>
    <string>Lantern, Hooded</string>
    <string>Oil</string>
    <string>Oil</string>
    <string>Rations</string>
    <string>Rations</string>
    <string>Rations</string>
    <string>Rations</string>
    <string>Rations</string>
    <string>Tinderbox</string>
    <string>Waterskin</string>
    <string>Rope, Hempen</string>
  </Contents>
</Item>