<?xml version="1.0" encoding="utf-8"?>
<Item xmlns:xsi="http://www.w3.org/2001/XMLSchema-instance" xmlns:xsd="http://www.w3.org/2001/XMLSchema" xsi:type="Pack">
  <Keywords />
  <StackSize>1</StackSize>
  <Name>Explorer’s Pack</Name>
  <Description>Includes a backpack, a bedroll, a mess kit, a tinderbox, 10 torches, 10 days of rations, and a waterskin. The pack also has 50 feet of hempen rope strapped to the side of it.</Description>
  <Price>
    <cp>0</cp>
    <sp>0</sp>
    <ep>0</ep>
    <gp>10</gp>
    <pp>0</pp>
  </Price>
  <Source>Systems Reference Document v5.1</Source>
  <Weight>59</Weight>
  <Contents>
    <string>Backpack</string>
    <string>Bedroll</string>
    <string>Mess Kit</string>
    <string>Torch</string>
    <string>Torch</string>
    <string>Torch</string>
    <string>Torch</string>
    <string>Torch</string>
    <string>Torch</string>
    <string>Torch</string>
    <string>Torch</string>
    <string>Torch</string>
    <string>Torch</string>
    <string>Rations</string>
    <string>Rations</string>
    <string>Rations</string>
    <string>Rations</string>
    <string>Rations</string>
    <string>Rations</string>
    <string>Rations</string>
    <string>Rations</string>
    <string>Rations</string>
    <string>Rations</string>
    <string>Tinderbox</string>
    <string>Waterskin</string>
    <string>Rope, Hempen</string>
  </Contents>
</Item>