<?xml version="1.0" encoding="utf-8"?>
<Item xmlns:xsi="http://www.w3.org/2001/XMLSchema-instance" xmlns:xsd="http://www.w3.org/2001/XMLSchema" xsi:type="Pack">
  <Keywords />
  <StackSize>1</StackSize>
  <Name>Scholar’s Pack</Name>
  <Description>Includes a backpack, a book of lore, a bottle of ink, an ink pen, 10 sheets of parchment, a little bag of sand, and a small knife.</Description>
  <Price>
    <cp>0</cp>
    <sp>0</sp>
    <ep>0</ep>
    <gp>40</gp>
    <pp>0</pp>
  </Price>
  <Source>Systems Reference Document v5.1</Source>
  <Weight>10</Weight>
  <Contents>
    <string>Backpack</string>
    <string>Book</string>
    <string>Ink</string>
    <string>Ink Pen</string>
    <string>Parchment</string>
    <string>Parchment</string>
    <string>Parchment</string>
    <string>Parchment</string>
    <string>Parchment</string>
    <string>Parchment</string>
    <string>Parchment</string>
    <string>Parchment</string>
    <string>Parchment</string>
    <string>Parchment</string>
    <string>A little bag of sand</string>
    <string>A small knife</string>
  </Contents>
</Item>