<?xml version="1.0" encoding="utf-8"?>
<FeatureContainer xmlns:xsi="http://www.w3.org/2001/XMLSchema-instance" xmlns:xsd="http://www.w3.org/2001/XMLSchema">
  <Features>
    <MultiFeature>
      <Keywords>
        <Keyword>
          <Name>druid</Name>
        </Keyword>
        <Keyword>
          <Name>land</Name>
        </Keyword>
      </Keywords>
      <Name>Arctic</Name>
      <Text>Circle of the Arctic</Text>
      <Level>3</Level>
      <Hidden>true</Hidden>
      <Prerequisite />
      <Features>
        <BonusSpellPrepareFeature>
          <Keywords />
          <Name>Circle Spells</Name>
          <Text>hold person, spike growth</Text>
          <Level>3</Level>
          <Hidden>true</Hidden>
          <Prerequisite />
          <Spells>
            <string>hold person</string>
            <string>spike growth</string>
          </Spells>
          <SpellcastingID>DRUID</SpellcastingID>
          <KeywordsToAdd>
            <Keyword>
              <Name>druid</Name>
            </Keyword>
          </KeywordsToAdd>
        </BonusSpellPrepareFeature>
        <BonusSpellPrepareFeature>
          <Keywords />
          <Name>Circle Spells</Name>
          <Text>sleet storm, slow</Text>
          <Level>5</Level>
          <Hidden>true</Hidden>
          <Prerequisite />
          <Spells>
            <string>sleet storm</string>
            <string>slow</string>
          </Spells>
          <SpellcastingID>DRUID</SpellcastingID>
          <KeywordsToAdd>
            <Keyword>
              <Name>druid</Name>
            </Keyword>
          </KeywordsToAdd>
        </BonusSpellPrepareFeature>
        <BonusSpellPrepareFeature>
          <Keywords />
          <Name>Circle Spells</Name>
          <Text>freedom of movement, ice storm</Text>
          <Level>7</Level>
          <Hidden>true</Hidden>
          <Prerequisite />
          <Spells>
            <string>freedom of movement</string>
            <string>ice storm</string>
          </Spells>
          <SpellcastingID>DRUID</SpellcastingID>
          <KeywordsToAdd>
            <Keyword>
              <Name>druid</Name>
            </Keyword>
          </KeywordsToAdd>
        </BonusSpellPrepareFeature>
        <BonusSpellPrepareFeature>
          <Keywords />
          <Name>Circle Spells</Name>
          <Text>commune with nature, cone of cold</Text>
          <Level>9</Level>
          <Hidden>true</Hidden>
          <Prerequisite />
          <Spells>
            <string>commune with nature</string>
            <string>cone of cold</string>
          </Spells>
          <SpellcastingID>DRUID</SpellcastingID>
          <KeywordsToAdd>
            <Keyword>
              <Name>druid</Name>
            </Keyword>
          </KeywordsToAdd>
        </BonusSpellPrepareFeature>
      </Features>
      <Source>Systems Reference Document v5.1</Source>
    </MultiFeature>
  </Features>
  <Source>Systems Reference Document v5.1</Source>
</FeatureContainer>