<?xml version="1.0" encoding="utf-8"?>
<FeatureContainer xmlns:xsi="http://www.w3.org/2001/XMLSchema-instance" xmlns:xsd="http://www.w3.org/2001/XMLSchema">
  <Features>
    <MultiFeature>
      <Keywords>
        <Keyword>
          <Name>druid</Name>
        </Keyword>
        <Keyword>
          <Name>land</Name>
        </Keyword>
      </Keywords>
      <Name>Coast</Name>
      <Text>Circle of the Coast</Text>
      <Level>3</Level>
      <Hidden>true</Hidden>
      <Prerequisite />
      <Features>
        <BonusSpellPrepareFeature>
          <Keywords />
          <Name>Circle Spells</Name>
          <Text>mirror image, misty step</Text>
          <Level>3</Level>
          <Hidden>true</Hidden>
          <Prerequisite />
          <Spells>
            <string>mirror image</string>
            <string>misty step</string>
          </Spells>
          <SpellcastingID>DRUID</SpellcastingID>
          <KeywordsToAdd>
            <Keyword>
              <Name>druid</Name>
            </Keyword>
          </KeywordsToAdd>
        </BonusSpellPrepareFeature>
        <BonusSpellPrepareFeature>
          <Keywords />
          <Name>Circle Spells</Name>
          <Text>water breathing, water walk</Text>
          <Level>5</Level>
          <Hidden>true</Hidden>
          <Prerequisite />
          <Spells>
            <string>water breathing</string>
            <string>water walk</string>
          </Spells>
          <SpellcastingID>DRUID</SpellcastingID>
          <KeywordsToAdd>
            <Keyword>
              <Name>druid</Name>
            </Keyword>
          </KeywordsToAdd>
        </BonusSpellPrepareFeature>
        <BonusSpellPrepareFeature>
          <Keywords />
          <Name>Circle Spells</Name>
          <Text>control water, freedom of movement</Text>
          <Level>7</Level>
          <Hidden>true</Hidden>
          <Prerequisite />
          <Spells>
            <string>control water</string>
            <string>freedom of movement</string>
          </Spells>
          <SpellcastingID>DRUID</SpellcastingID>
          <KeywordsToAdd>
            <Keyword>
              <Name>druid</Name>
            </Keyword>
          </KeywordsToAdd>
        </BonusSpellPrepareFeature>
        <BonusSpellPrepareFeature>
          <Keywords />
          <Name>Circle Spells</Name>
          <Text>conjure elemental, scrying</Text>
          <Level>9</Level>
          <Hidden>true</Hidden>
          <Prerequisite />
          <Spells>
            <string>conjure elemental</string>
            <string>scrying</string>
          </Spells>
          <SpellcastingID>DRUID</SpellcastingID>
          <KeywordsToAdd>
            <Keyword>
              <Name>druid</Name>
            </Keyword>
          </KeywordsToAdd>
        </BonusSpellPrepareFeature>
      </Features>
      <Source>Systems Reference Document v5.1</Source>
    </MultiFeature>
  </Features>
  <Source>Systems Reference Document v5.1</Source>
</FeatureContainer>