<?xml version="1.0" encoding="utf-8"?>
<FeatureContainer xmlns:xsi="http://www.w3.org/2001/XMLSchema-instance" xmlns:xsd="http://www.w3.org/2001/XMLSchema">
  <Features>
    <MultiFeature>
      <Keywords>
        <Keyword>
          <Name>druid</Name>
        </Keyword>
        <Keyword>
          <Name>land</Name>
        </Keyword>
      </Keywords>
      <Name>Grassland</Name>
      <Text>Circle of the Grassland</Text>
      <Level>3</Level>
      <Hidden>true</Hidden>
      <Prerequisite />
      <Features>
        <BonusSpellPrepareFeature>
          <Keywords />
          <Name>Circle Spells</Name>
          <Text>invisibility, pass without trace</Text>
          <Level>3</Level>
          <Hidden>true</Hidden>
          <Prerequisite />
          <Spells>
            <string>invisibility</string>
            <string>pass without trace</string>
          </Spells>
          <SpellcastingID>DRUID</SpellcastingID>
          <KeywordsToAdd>
            <Keyword>
              <Name>druid</Name>
            </Keyword>
          </KeywordsToAdd>
        </BonusSpellPrepareFeature>
        <BonusSpellPrepareFeature>
          <Keywords />
          <Name>Circle Spells</Name>
          <Text>daylight, haste</Text>
          <Level>5</Level>
          <Hidden>true</Hidden>
          <Prerequisite />
          <Spells>
            <string>daylight</string>
            <string>haste</string>
          </Spells>
          <SpellcastingID>DRUID</SpellcastingID>
          <KeywordsToAdd>
            <Keyword>
              <Name>druid</Name>
            </Keyword>
          </KeywordsToAdd>
        </BonusSpellPrepareFeature>
        <BonusSpellPrepareFeature>
          <Keywords />
          <Name>Circle Spells</Name>
          <Text>divination, freedom of movement</Text>
          <Level>7</Level>
          <Hidden>true</Hidden>
          <Prerequisite />
          <Spells>
            <string>divination</string>
            <string>freedom of movement</string>
          </Spells>
          <SpellcastingID>DRUID</SpellcastingID>
          <KeywordsToAdd>
            <Keyword>
              <Name>druid</Name>
            </Keyword>
          </KeywordsToAdd>
        </BonusSpellPrepareFeature>
        <BonusSpellPrepareFeature>
          <Keywords />
          <Name>Circle Spells</Name>
          <Text>dream, insect plague</Text>
          <Level>9</Level>
          <Hidden>true</Hidden>
          <Prerequisite />
          <Spells>
            <string>dream</string>
            <string>insect plague</string>
          </Spells>
          <SpellcastingID>DRUID</SpellcastingID>
          <KeywordsToAdd>
            <Keyword>
              <Name>druid</Name>
            </Keyword>
          </KeywordsToAdd>
        </BonusSpellPrepareFeature>
      </Features>
      <Source>Systems Reference Document v5.1</Source>
    </MultiFeature>
  </Features>
  <Source>Systems Reference Document v5.1</Source>
</FeatureContainer>