<?xml version="1.0" encoding="utf-8"?>
<Item xmlns:xsi="http://www.w3.org/2001/XMLSchema-instance" xmlns:xsd="http://www.w3.org/2001/XMLSchema" xsi:type="Weapon">
  <Keywords>
    <Keyword>
      <Name>two-handed</Name>
    </Keyword>
    <Keyword>
      <Name>simple</Name>
    </Keyword>
    <Keyword>
      <Name>melee</Name>
    </Keyword>
    <Keyword>
      <Name>bludgeoning</Name>
    </Keyword>
    <Keyword>
      <Name>club</Name>
    </Keyword>
  </Keywords>
  <StackSize>1</StackSize>
  <Name>Greatclub</Name>
  <Price>
    <cp>0</cp>
    <sp>2</sp>
    <ep>0</ep>
    <gp>0</gp>
    <pp>0</pp>
  </Price>
  <Source>Systems Reference Document v5.1</Source>
  <Weight>10</Weight>
  <Damage>1d8</Damage>
  <DamageType>bludgeoning</DamageType>
</Item>