<?xml version="1.0" encoding="utf-8"?>
<Item xmlns:xsi="http://www.w3.org/2001/XMLSchema-instance" xmlns:xsd="http://www.w3.org/2001/XMLSchema" xsi:type="Weapon">
  <Keywords>
    <Keyword>
      <Name>thrown</Name>
    </Keyword>
    <Keyword>
      <Name>light</Name>
    </Keyword>
    <Range>
      <Name>range</Name>
      <Short>20</Short>
      <Long>60</Long>
    </Range>
    <Keyword>
      <Name>melee</Name>
    </Keyword>
    <Keyword>
      <Name>simple</Name>
    </Keyword>
    <Keyword>
      <Name>slashing</Name>
    </Keyword>
    <Keyword>
      <Name>axe</Name>
    </Keyword>
  </Keywords>
  <StackSize>1</StackSize>
  <Name>Handaxe</Name>
  <Price>
    <cp>0</cp>
    <sp>0</sp>
    <ep>0</ep>
    <gp>5</gp>
    <pp>0</pp>
  </Price>
  <Source>Systems Reference Document v5.1</Source>
  <Weight>2</Weight>
  <Damage>1d6</Damage>
  <DamageType>slashing</DamageType>
</Item>