<?xml version="1.0" encoding="utf-8"?>
<Item xmlns:xsi="http://www.w3.org/2001/XMLSchema-instance" xmlns:xsd="http://www.w3.org/2001/XMLSchema" xsi:type="Weapon">
  <Keywords>
    <Keyword>
      <Name>melee</Name>
    </Keyword>
    <Keyword>
      <Name>simple</Name>
    </Keyword>
    <Keyword>
      <Name>bludgeoning</Name>
    </Keyword>
    <Keyword>
      <Name>mace</Name>
    </Keyword>
  </Keywords>
  <StackSize>1</StackSize>
  <Name>Mace</Name>
  <Price>
    <cp>0</cp>
    <sp>0</sp>
    <ep>0</ep>
    <gp>5</gp>
    <pp>0</pp>
  </Price>
  <Source>Systems Reference Document v5.1</Source>
  <Weight>4</Weight>
  <Damage>1d6</Damage>
  <DamageType>bludgeoning</DamageType>
</Item>