<?xml version="1.0" encoding="utf-8"?>
<ClassDefinition xmlns:xsi="http://www.w3.org/2001/XMLSchema-instance" xmlns:xsd="http://www.w3.org/2001/XMLSchema">
  <Features>
    <MultiFeature>
      <Keywords />
      <Name>Rage</Name>
      <Text>In battle, you fight with primal ferocity.
On your turn,  you can enter a rage as a bonus action.
While raging, you gain the following benefits if you  aren’t wearing heavy armor:
• You have advantage on Strength checks and Strength saving throws.
• When you make a melee weapon attack using Strength, you gain a bonus to the damage roll that  increases as you gain levels as a barbarian, as  shown in the Rage Damage column of the  Barbarian table.
• You have resistance to bludgeoning, piercing, and  slashing damage.
If you are able to cast spells, you can’t cast them or  concentrate on them while raging.
Your rage lasts for 1 minute. It ends early if you  are knocked unconscious or if your turn ends and  you haven’t attacked a hostile creature since your  last turn or taken damage since then. You can also  end your rage on your turn as a bonus action.
Once you have raged the number of times shown  for your barbarian level in the Rages column of the  Barbarian table (starting at 2), you must finish a long rest before  you can rage again.</Text>
      <Level>1</Level>
      <Hidden>false</Hidden>
      <NoDisplay>false</NoDisplay>
      <Action>Hidden</Action>
      <Prerequisite />
      <Features>
        <ResourceFeature>
          <Keywords />
          <Name>Rage</Name>
          <Text>On your turn,  you can enter a rage as a bonus action.
Your rage lasts for 1 minute. It ends early if you  are knocked unconscious or if your turn ends and  you haven’t attacked a hostile creature since your  last turn or taken damage since then. You can also end your rage on your turn as a bonus action.</Text>
          <Level>1</Level>
          <Hidden>true</Hidden>
          <NoDisplay>true</NoDisplay>
          <Action>Hidden</Action>
          <Prerequisite />
          <ValueBonus>None</ValueBonus>
          <Value>2</Value>
          <ResourceID>BARBARIAN_RAGE</ResourceID>
          <Recharge>LongRest</Recharge>
          <ExclusionID />
        </ResourceFeature>
        <ResourceFeature>
          <Keywords />
          <Name>Rage Effects</Name>
          <Text>While raging, you gain the following benefits if you  aren’t wearing heavy armor:
• You have advantage on Strength checks and  Strength saving throws.
• When you make a melee weapon attack using  Strength, you gain a bonus to the damage roll that  increases as you gain levels as a barbarian, as  shown in the Rage Damage column of the  Barbarian table.
• You have resistance to bludgeoning, piercing, and  slashing damage.
If you are able to cast spells, you can’t cast them or  concentrate on them while raging.
Once you have raged the number of times shown  for your barbarian level in the Rages column of the  Barbarian table (starting at 2), you must finish a long rest before  you can rage again.</Text>
          <Level>1</Level>
          <Hidden>true</Hidden>
          <NoDisplay>true</NoDisplay>
          <Action>Hidden</Action>
          <Prerequisite />
          <ValueBonus>None</ValueBonus>
          <Value>0</Value>
          <ResourceID>BARBARIAN_RAGE</ResourceID>
          <Recharge>LongRest</Recharge>
          <ExclusionID />
        </ResourceFeature>
        <ResourceFeature>
          <Keywords />
          <Name>Rage Damage</Name>
          <Text>The bonus to the damage rolls while raging is +2.</Text>
          <Level>1</Level>
          <Hidden>false</Hidden>
          <NoDisplay>false</NoDisplay>
          <Action>Hidden</Action>
          <Prerequisite />
          <ValueBonus>None</ValueBonus>
          <Value>0</Value>
          <ResourceID>BARBARIAN_RAGE</ResourceID>
          <Recharge>LongRest</Recharge>
          <ExclusionID />
        </ResourceFeature>
        <ResourceFeature>
          <Keywords />
          <Name>Rages</Name>
          <Text>3</Text>
          <Level>3</Level>
          <Hidden>true</Hidden>
          <NoDisplay>false</NoDisplay>
          <Action>Hidden</Action>
          <Prerequisite />
          <ValueBonus>None</ValueBonus>
          <Value>1</Value>
          <ResourceID>BARBARIAN_RAGE</ResourceID>
          <Recharge>LongRest</Recharge>
          <ExclusionID />
        </ResourceFeature>
        <ResourceFeature>
          <Keywords />
          <Name>Rages</Name>
          <Text>4</Text>
          <Level>6</Level>
          <Hidden>true</Hidden>
          <NoDisplay>false</NoDisplay>
          <Action>Hidden</Action>
          <Prerequisite />
          <ValueBonus>None</ValueBonus>
          <Value>1</Value>
          <ResourceID>BARBARIAN_RAGE</ResourceID>
          <Recharge>LongRest</Recharge>
          <ExclusionID />
        </ResourceFeature>
        <ResourceFeature>
          <Keywords />
          <Name>Rage Damage</Name>
          <Text>The bonus to the damage rolls while raging is increased to +3.</Text>
          <Level>9</Level>
          <Hidden>false</Hidden>
          <NoDisplay>false</NoDisplay>
          <Action>Hidden</Action>
          <Prerequisite />
          <ValueBonus>None</ValueBonus>
          <Value>0</Value>
          <ResourceID>BARBARIAN_RAGE</ResourceID>
          <Recharge>LongRest</Recharge>
          <ExclusionID />
        </ResourceFeature>
        <ResourceFeature>
          <Keywords />
          <Name>Rages</Name>
          <Text>5</Text>
          <Level>12</Level>
          <Hidden>true</Hidden>
          <NoDisplay>false</NoDisplay>
          <Action>Hidden</Action>
          <Prerequisite />
          <ValueBonus>None</ValueBonus>
          <Value>1</Value>
          <ResourceID>BARBARIAN_RAGE</ResourceID>
          <Recharge>LongRest</Recharge>
          <ExclusionID />
        </ResourceFeature>
        <ResourceFeature>
          <Keywords />
          <Name>Rage Damage</Name>
          <Text>The bonus to the damage rolls while raging is increased to +4.</Text>
          <Level>16</Level>
          <Hidden>false</Hidden>
          <NoDisplay>false</NoDisplay>
          <Action>Hidden</Action>
          <Prerequisite />
          <ValueBonus>None</ValueBonus>
          <Value>0</Value>
          <ResourceID>BARBARIAN_RAGE</ResourceID>
          <Recharge>LongRest</Recharge>
          <ExclusionID />
        </ResourceFeature>
        <ResourceFeature>
          <Keywords />
          <Name>Rages</Name>
          <Text>6</Text>
          <Level>17</Level>
          <Hidden>true</Hidden>
          <NoDisplay>false</NoDisplay>
          <Action>Hidden</Action>
          <Prerequisite />
          <ValueBonus>None</ValueBonus>
          <Value>1</Value>
          <ResourceID>BARBARIAN_RAGE</ResourceID>
          <Recharge>LongRest</Recharge>
          <ExclusionID />
        </ResourceFeature>
        <ResourceFeature>
          <Keywords />
          <Name>Rages</Name>
          <Text>Unlimited</Text>
          <Level>20</Level>
          <Hidden>true</Hidden>
          <NoDisplay>false</NoDisplay>
          <Action>Hidden</Action>
          <Prerequisite />
          <ValueBonus>None</ValueBonus>
          <Value>0</Value>
          <ResourceID>BARBARIAN_RAGE</ResourceID>
          <Recharge>AtWill</Recharge>
          <ExclusionID />
        </ResourceFeature>
      </Features>
    </MultiFeature>
    <ACFeature>
      <Keywords />
      <Name>Unarmored Defense</Name>
      <Text>While you are not wearing any armor, your Armor Class equals 10 + your Dexterity modifier +  your  Constitution modifier. You can use a shield and still gain this benefit.</Text>
      <Level>1</Level>
      <Hidden>false</Hidden>
      <NoDisplay>false</NoDisplay>
      <Action>Hidden</Action>
      <Prerequisite />
      <Expression>if(Unarmored, 10 + DexMod + ConMod + ShieldBonus, 0)</Expression>
    </ACFeature>
    <Feature>
      <Keywords />
      <Name>Reckless Attack</Name>
      <Text>Starting at 2nd level, you can throw aside all concern for defense to attack with fierce desperation. When  you make your first attack on your turn, you can decide to attack recklessly. Doing so gives you  advantage on melee weapon attack rolls using Strength during this turn, but attack rolls against you have advantage until your next turn.</Text>
      <Level>2</Level>
      <Hidden>false</Hidden>
      <NoDisplay>false</NoDisplay>
      <Action>Other</Action>
      <Prerequisite />
    </Feature>
    <Feature>
      <Keywords />
      <Name>Danger Sense</Name>
      <Text>At 2nd level, you gain an uncanny sense of when things nearby aren’t as they should be, giving you an edge when you dodge away from danger.
You have advantage on Dexterity saving throws against effects that you can see, such as traps and spells. To gain this benefit, you can’t be blinded, deafened, or incapacitated.</Text>
      <Level>2</Level>
      <Hidden>false</Hidden>
      <NoDisplay>false</NoDisplay>
      <Action>Hidden</Action>
      <Prerequisite />
    </Feature>
    <SubClassFeature>
      <Keywords />
      <Name>Primal Path</Name>
      <Text>At 3rd level, you choose a path that shapes the nature of your rage. Choose the Path of the Berserker or the Path of the Totem Warrior, both detailed at the end of the class description. Your choice grants you features at 3rd level and again at 6th, 10th, and 14th levels.</Text>
      <Level>3</Level>
      <Hidden>true</Hidden>
      <NoDisplay>false</NoDisplay>
      <Action>Hidden</Action>
      <Prerequisite />
      <ParentClass>Barbarian</ParentClass>
    </SubClassFeature>
    <AbilityScoreFeatFeature>
      <Keywords />
      <Name>Ability Score Improvement</Name>
      <Text>When you reach 4th level, and again at 8th, 12th, 16th, and 19th level, you can increase one ability score of your choice by 2, or you can increase two ability scores of your choice by 1. As normal, you can’t increase an ability score above 20 using this feature. </Text>
      <Level>4</Level>
      <Hidden>true</Hidden>
      <NoDisplay>false</NoDisplay>
      <Action>Hidden</Action>
      <Prerequisite />
      <UniqueID>BARBARIAN_ABILITY</UniqueID>
    </AbilityScoreFeatFeature>
    <AbilityScoreFeatFeature>
      <Keywords />
      <Name />
      <Text />
      <Level>8</Level>
      <Hidden>true</Hidden>
      <NoDisplay>false</NoDisplay>
      <Action>Hidden</Action>
      <Prerequisite />
      <UniqueID>BARBARIAN_ABILITY</UniqueID>
    </AbilityScoreFeatFeature>
    <AbilityScoreFeatFeature>
      <Keywords />
      <Name />
      <Text />
      <Level>12</Level>
      <Hidden>true</Hidden>
      <NoDisplay>false</NoDisplay>
      <Action>Hidden</Action>
      <Prerequisite />
      <UniqueID>BARBARIAN_ABILITY</UniqueID>
    </AbilityScoreFeatFeature>
    <AbilityScoreFeatFeature>
      <Keywords />
      <Name />
      <Text />
      <Level>16</Level>
      <Hidden>true</Hidden>
      <NoDisplay>false</NoDisplay>
      <Action>Hidden</Action>
      <Prerequisite />
      <UniqueID>BARBARIAN_ABILITY</UniqueID>
    </AbilityScoreFeatFeature>
    <AbilityScoreFeatFeature>
      <Keywords />
      <Name />
      <Text />
      <Level>19</Level>
      <Hidden>true</Hidden>
      <NoDisplay>false</NoDisplay>
      <Action>Hidden</Action>
      <Prerequisite />
      <UniqueID>BARBARIAN_ABILITY</UniqueID>
    </AbilityScoreFeatFeature>
    <ExtraAttackFeature>
      <Keywords />
      <Name>Extra Attack</Name>
      <Text>Beginning at 5th level, you can attack twice, instead of once, whenever you take the Attack action on your turn.</Text>
      <Level>5</Level>
      <Hidden>false</Hidden>
      <NoDisplay>false</NoDisplay>
      <Action>Hidden</Action>
      <Prerequisite />
      <ExtraAttacks>1</ExtraAttacks>
    </ExtraAttackFeature>
    <SpeedFeature>
      <Keywords />
      <Name>Fast Movement</Name>
      <Text>Starting at 5th level, your speed increases by 10 feet while you aren’t wearing heavy armor.</Text>
      <Level>5</Level>
      <Hidden>false</Hidden>
      <NoDisplay>false</NoDisplay>
      <Action>Hidden</Action>
      <Prerequisite />
      <BaseSpeed>0</BaseSpeed>
      <ExtraSpeed>10</ExtraSpeed>
      <IgnoreArmor>false</IgnoreArmor>
      <Condition>!Heavy</Condition>
    </SpeedFeature>
    <Feature>
      <Keywords />
      <Name>Feral Instinct</Name>
      <Text>By 7th level, your instincts are so honed that you have advantage on initiative rolls.
Additionally, if you are surprised at the beginning of combat and aren’t incapacitated, you can act normally on your first turn, but only if you enter your rage before doing anything else on that turn.</Text>
      <Level>7</Level>
      <Hidden>false</Hidden>
      <NoDisplay>false</NoDisplay>
      <Action>Other</Action>
      <Prerequisite />
    </Feature>
    <Feature>
      <Keywords />
      <Name>Brutal Critical</Name>
      <Text>Beginning at 9th level, you can roll one additional weapon damage die when determining the extra damage for a critical hit with a melee attack.
This increases to two additional dice at 13th level and three additional dice at 17th level.</Text>
      <Level>9</Level>
      <Hidden>false</Hidden>
      <NoDisplay>false</NoDisplay>
      <Action>Other</Action>
      <Prerequisite />
    </Feature>
    <Feature>
      <Keywords />
      <Name>Relentless Rage</Name>
      <Text>Starting at 11th level, your rage can keep you fighting despite grievous wounds.
If you drop to 0 hit points while you’re raging and don’t die outright, you can make a DC 10 Constitution saving throw. If you succeed, you drop to 1 hit point instead.
Each time you use this feature after the first, the DC increases by 5. When you finish a short or long rest, the DC resets to 10.</Text>
      <Level>11</Level>
      <Hidden>false</Hidden>
      <NoDisplay>false</NoDisplay>
      <Action>Other</Action>
      <Prerequisite />
    </Feature>
    <Feature>
      <Keywords />
      <Name>Persistent Rage</Name>
      <Text>Beginning at 15th level, your rage is so fierce that it ends early only if you fall unconscious or if you choose to end it.</Text>
      <Level>15</Level>
      <Hidden>false</Hidden>
      <NoDisplay>false</NoDisplay>
      <Action>Hidden</Action>
      <Prerequisite />
    </Feature>
    <Feature>
      <Keywords />
      <Name>Indomitable Might</Name>
      <Text>Beginning at 18th level, if your total for a Strength check is less than your Strength score, you can use that score in place of the total.</Text>
      <Level>18</Level>
      <Hidden>false</Hidden>
      <NoDisplay>false</NoDisplay>
      <Action>Hidden</Action>
      <Prerequisite />
    </Feature>
    <MultiFeature>
      <Keywords />
      <Name>Primal Champion</Name>
      <Text>At 20th level, you embody the power of the wilds. Your Strength and Constitution scores increase by 4. Your maximum for those scores is now 24.</Text>
      <Level>20</Level>
      <Hidden>false</Hidden>
      <NoDisplay>false</NoDisplay>
      <Action>Hidden</Action>
      <Prerequisite />
      <Features>
        <AbilityScoreFeature>
          <Keywords />
          <Name />
          <Text />
          <Level>20</Level>
          <Hidden>true</Hidden>
          <NoDisplay>false</NoDisplay>
          <Action>Hidden</Action>
          <Modifier>AddScore</Modifier>
          <Strength>4</Strength>
          <Constitution>4</Constitution>
          <Dexterity>0</Dexterity>
          <Intelligence>0</Intelligence>
          <Wisdom>0</Wisdom>
          <Charisma>0</Charisma>
        </AbilityScoreFeature>
        <AbilityScoreFeature>
          <Keywords />
          <Name />
          <Text />
          <Level>20</Level>
          <Hidden>true</Hidden>
          <NoDisplay>false</NoDisplay>
          <Action>Hidden</Action>
          <Modifier>Set Maximum</Modifier>
          <Strength>24</Strength>
          <Constitution>24</Constitution>
          <Dexterity>0</Dexterity>
          <Intelligence>0</Intelligence>
          <Wisdom>0</Wisdom>
          <Charisma>0</Charisma>
        </AbilityScoreFeature>
      </Features>
    </MultiFeature>
  </Features>
  <MulticlassingSpellLevels />
  <MulticlassingFeatures>
    <ToolKWProficiencyFeature>
      <Keywords />
      <Name>Multiclassing Proficiency: Shields</Name>
      <Text>Proficient with shields</Text>
      <Level>1</Level>
      <Hidden>true</Hidden>
      <NoDisplay>false</NoDisplay>
      <Action>Hidden</Action>
      <Prerequisite />
      <Condition>Shield</Condition>
      <Description>shields</Description>
    </ToolKWProficiencyFeature>
    <ToolKWProficiencyFeature>
      <Keywords />
      <Name>Multiclassing Proficiency: Simple Weapons</Name>
      <Text>Proficient with simple weapons</Text>
      <Level>1</Level>
      <Hidden>true</Hidden>
      <NoDisplay>false</NoDisplay>
      <Action>Hidden</Action>
      <Prerequisite />
      <Condition>weapon and simple</Condition>
      <Description>simple weapons</Description>
    </ToolKWProficiencyFeature>
    <ToolKWProficiencyFeature>
      <Keywords />
      <Name>Multiclassing Proficiency: Martial Weapons</Name>
      <Text>Proficient with martial weapons</Text>
      <Level>1</Level>
      <Hidden>true</Hidden>
      <NoDisplay>false</NoDisplay>
      <Action>Hidden</Action>
      <Prerequisite />
      <Condition>weapon and martial</Condition>
      <Description>martial weapons</Description>
    </ToolKWProficiencyFeature>
  </MulticlassingFeatures>
  <FirstClassFeatures>
    <ToolKWProficiencyFeature>
      <Keywords />
      <Name>Armor</Name>
      <Text>Light armor, medium armor, shields</Text>
      <Level>1</Level>
      <Hidden>true</Hidden>
      <NoDisplay>false</NoDisplay>
      <Action>Hidden</Action>
      <Prerequisite />
      <Condition>(Armor and (Light or Medium)) or Shield</Condition>
      <Description>light armor, medium armor, shields</Description>
    </ToolKWProficiencyFeature>
    <ToolKWProficiencyFeature>
      <Keywords />
      <Name>Weapons</Name>
      <Text>Simple weapons, martial weapons</Text>
      <Level>1</Level>
      <Hidden>true</Hidden>
      <NoDisplay>false</NoDisplay>
      <Action>Hidden</Action>
      <Prerequisite />
      <Condition>Weapon and (Simple or Martial)</Condition>
      <Description>Simple weapons, martial weapons</Description>
    </ToolKWProficiencyFeature>
    <SaveProficiencyFeature>
      <Keywords />
      <Name>Saving Throws</Name>
      <Text>Strength,	Constitution</Text>
      <Level>1</Level>
      <Hidden>true</Hidden>
      <NoDisplay>false</NoDisplay>
      <Action>Hidden</Action>
      <Prerequisite />
      <Ability>Strength Constitution</Ability>
    </SaveProficiencyFeature>
    <SkillProficiencyChoiceFeature>
      <Keywords />
      <Name>Skills</Name>
      <Text>Choose two from Animal Handling, Athletics,  Intimidation, Nature, Perception, and Survival</Text>
      <Level>1</Level>
      <Hidden>true</Hidden>
      <NoDisplay>false</NoDisplay>
      <Action>Hidden</Action>
      <Prerequisite />
      <Skills>
        <string>Animal Handling</string>
        <string>Athletics</string>
        <string>Intimidation</string>
        <string>Nature</string>
        <string>Perception</string>
        <string>Survival</string>
      </Skills>
      <Amount>2</Amount>
      <ProficiencyMultiplier>1</ProficiencyMultiplier>
      <BonusType>AddOnlyIfNotProficient</BonusType>
      <OnlyAlreadyKnownSkills>false</OnlyAlreadyKnownSkills>
      <UniqueID>BARBARIAN_SKILLS</UniqueID>
    </SkillProficiencyChoiceFeature>
    <MultiFeature>
      <Keywords />
      <Name>Equipment</Name>
      <Text>You start with the following equipment, in addition to the equipment granted by your background: 
• (a) a greataxe or (b) any martial melee weapon 
• (a) two handaxes or (b) any simple weapon 
• An explorer’s pack and four javelins</Text>
      <Level>1</Level>
      <Hidden>true</Hidden>
      <NoDisplay>false</NoDisplay>
      <Action>Hidden</Action>
      <Prerequisite />
      <Features>
        <ItemChoiceConditionFeature>
          <Keywords />
          <Name>Equipment (1)</Name>
          <Text>(a) a greataxe or (b) any martial melee weapon </Text>
          <Level>1</Level>
          <Hidden>true</Hidden>
          <NoDisplay>false</NoDisplay>
          <Action>Hidden</Action>
          <Prerequisite />
          <Amount>1</Amount>
          <UniqueID>BARBARIAN_EQUIPMENT_MAIN</UniqueID>
          <Condition>Weapon and Martial and Melee</Condition>
        </ItemChoiceConditionFeature>
        <ChoiceFeature>
          <Keywords />
          <Name>Equipment (2)</Name>
          <Text>(a) two handaxes or (b) any simple weapon</Text>
          <Level>1</Level>
          <Hidden>true</Hidden>
          <NoDisplay>false</NoDisplay>
          <Action>Hidden</Action>
          <Prerequisite />
          <Choices>
            <FreeItemAndGoldFeature>
              <Keywords />
              <Name>Two handaxes</Name>
              <Text>Two handaxes</Text>
              <Level>1</Level>
              <Hidden>true</Hidden>
              <NoDisplay>false</NoDisplay>
              <Action>Hidden</Action>
              <Items>
                <string>Handaxe</string>
                <string>Handaxe</string>
              </Items>
              <CP>0</CP>
              <SP>0</SP>
              <GP>0</GP>
            </FreeItemAndGoldFeature>
            <ItemChoiceConditionFeature>
              <Keywords />
              <Name>Any simple weapon</Name>
              <Text>Any simple weapon</Text>
              <Level>1</Level>
              <Hidden>true</Hidden>
              <NoDisplay>false</NoDisplay>
              <Action>Hidden</Action>
              <Prerequisite />
              <Amount>1</Amount>
              <UniqueID>BARBARIAN_EQUIPMENT_SIMPLE</UniqueID>
              <Condition>Weapon and Simple</Condition>
            </ItemChoiceConditionFeature>
          </Choices>
          <Amount>1</Amount>
          <UniqueID>BARBARIAN_EQUIPMENT_2</UniqueID>
          <AllowSameChoice>false</AllowSameChoice>
        </ChoiceFeature>
        <FreeItemAndGoldFeature>
          <Keywords />
          <Name />
          <Text />
          <Level>1</Level>
          <Hidden>true</Hidden>
          <NoDisplay>false</NoDisplay>
          <Action>Hidden</Action>
          <Items>
            <string>explorer’s pack</string>
            <string>javelin</string>
            <string>javelin</string>
            <string>javelin</string>
            <string>javelin</string>
          </Items>
          <CP>0</CP>
          <SP>0</SP>
          <GP>0</GP>
        </FreeItemAndGoldFeature>
      </Features>
    </MultiFeature>
  </FirstClassFeatures>
  <MulticlassingAbilityScores>Strength</MulticlassingAbilityScores>
  <FeaturesToAddClassKeywordTo />
  <SpellsToAddClassKeywordTo />
  <Name>Barbarian</Name>
  <Descriptions>
    <Description>
      <Name>Class Features</Name>
      <Text>As a barbarian, you gain the following class features.</Text>
    </Description>
  </Descriptions>
  <HitDie>12</HitDie>
  <HitDieCount>1</HitDieCount>
  <HPFirstLevel>12</HPFirstLevel>
  <AverageHPPerLevel>7</AverageHPPerLevel>
  <AvailableAtFirstLevel>true</AvailableAtFirstLevel>
  <Source>Systems Reference Document v5.1</Source>
  <MulticlassingCondition>Strength &gt;= 13</MulticlassingCondition>
</ClassDefinition>