<?xml version="1.0" encoding="utf-8"?>
<ClassDefinition xmlns:xsi="http://www.w3.org/2001/XMLSchema-instance" xmlns:xsd="http://www.w3.org/2001/XMLSchema">
  <Features>
    <SpellcastingFeature>
      <Keywords />
      <Name>Spellcasting</Name>
      <Text>You have learned to untangle and reshape the fabric of reality in harmony with your wishes and music.</Text>
      <Level>1</Level>
      <Hidden>true</Hidden>
      <Prerequisite />
      <Preparation>LearnSpells</Preparation>
      <SpellcastingID>BARD_SPELLCASTING</SpellcastingID>
      <OverwrittenByMulticlassing>true</OverwrittenByMulticlassing>
      <IgnoreMulticlassing>false</IgnoreMulticlassing>
      <DisplayName>Bard</DisplayName>
      <PrepareCountAdditionalModifier>None</PrepareCountAdditionalModifier>
      <SpellcastingAbility>Charisma</SpellcastingAbility>
      <PrepareCountPerClassLevel>0</PrepareCountPerClassLevel>
      <PrepareCountAdditional>0</PrepareCountAdditional>
      <PreparationChange>LongRest</PreparationChange>
    </SpellcastingFeature>
    <SpellChoiceFeature>
      <Keywords />
      <Name>Cantrips</Name>
      <Text>You know two cantrips of your choice from the bard spell list.
You learn additional bard cantrips of your choice at higher levels, as shown in the Cantrips Known column of the Bard table.</Text>
      <Level>1</Level>
      <Hidden>true</Hidden>
      <Prerequisite />
      <KeywordsToAdd />
      <AvailableSpellChoices>Bard and Cantrip</AvailableSpellChoices>
      <SpellcastingID>BARD_SPELLCASTING</SpellcastingID>
      <UniqueID>BARD_CANTRIPS</UniqueID>
      <AddTo>LearnSpells</AddTo>
      <Amount>2</Amount>
    </SpellChoiceFeature>
    <IncreaseSpellChoiceAmountFeature>
      <Keywords />
      <Name>Cantrips</Name>
      <Text>One additional Cantrip</Text>
      <Level>4</Level>
      <Hidden>true</Hidden>
      <Prerequisite />
      <UniqueID>BARD_CANTRIPS</UniqueID>
      <Amount>1</Amount>
    </IncreaseSpellChoiceAmountFeature>
    <IncreaseSpellChoiceAmountFeature>
      <Keywords />
      <Name>Cantrips</Name>
      <Text>One additional Cantrip</Text>
      <Level>10</Level>
      <Hidden>true</Hidden>
      <Prerequisite />
      <UniqueID>BARD_CANTRIPS</UniqueID>
      <Amount>1</Amount>
    </IncreaseSpellChoiceAmountFeature>
    <SpellChoiceFeature>
      <Keywords />
      <Name>Spells Known of 1st Level and Higher </Name>
      <Text>You know four 1st-level spells of your choice from the bard spell list.
The Spells Known column of the Bard table shows when you learn more bard spells of your choice.
Each of these spells must be of a level for which you have spell slots, as shown on the table.
For instance, when you reach 3rd level in this class, you can learn one new spell of 1st or 2nd level.
Additionally, when you gain a level in this class, you can choose one of the bard spells you know and replace it with another spell from the bard spell list, which also must be of a level for which you have spell slots.</Text>
      <Level>1</Level>
      <Hidden>true</Hidden>
      <Prerequisite />
      <KeywordsToAdd />
      <AvailableSpellChoices>Bard and Level &lt;= ClassSpellLevel and !Cantrip</AvailableSpellChoices>
      <SpellcastingID>BARD_SPELLCASTING</SpellcastingID>
      <UniqueID>BARD_SPELLS</UniqueID>
      <AddTo>LearnSpells</AddTo>
      <Amount>4</Amount>
    </SpellChoiceFeature>
    <IncreaseSpellChoiceAmountFeature>
      <Keywords />
      <Name>Spells Known</Name>
      <Text>One additional Spell</Text>
      <Level>2</Level>
      <Hidden>true</Hidden>
      <Prerequisite />
      <UniqueID>BARD_SPELLS</UniqueID>
      <Amount>1</Amount>
    </IncreaseSpellChoiceAmountFeature>
    <IncreaseSpellChoiceAmountFeature>
      <Keywords />
      <Name>Spells Known</Name>
      <Text>One additional Spell</Text>
      <Level>3</Level>
      <Hidden>true</Hidden>
      <Prerequisite />
      <UniqueID>BARD_SPELLS</UniqueID>
      <Amount>1</Amount>
    </IncreaseSpellChoiceAmountFeature>
    <IncreaseSpellChoiceAmountFeature>
      <Keywords />
      <Name>Spells Known</Name>
      <Text>One additional Spell</Text>
      <Level>4</Level>
      <Hidden>true</Hidden>
      <Prerequisite />
      <UniqueID>BARD_SPELLS</UniqueID>
      <Amount>1</Amount>
    </IncreaseSpellChoiceAmountFeature>
    <IncreaseSpellChoiceAmountFeature>
      <Keywords />
      <Name>Spells Known</Name>
      <Text>One additional Spell</Text>
      <Level>5</Level>
      <Hidden>true</Hidden>
      <Prerequisite />
      <UniqueID>BARD_SPELLS</UniqueID>
      <Amount>1</Amount>
    </IncreaseSpellChoiceAmountFeature>
    <IncreaseSpellChoiceAmountFeature>
      <Keywords />
      <Name>Spells Known</Name>
      <Text>One additional Spell</Text>
      <Level>6</Level>
      <Hidden>true</Hidden>
      <Prerequisite />
      <UniqueID>BARD_SPELLS</UniqueID>
      <Amount>1</Amount>
    </IncreaseSpellChoiceAmountFeature>
    <IncreaseSpellChoiceAmountFeature>
      <Keywords />
      <Name>Spells Known</Name>
      <Text>One additional Spell</Text>
      <Level>7</Level>
      <Hidden>true</Hidden>
      <Prerequisite />
      <UniqueID>BARD_SPELLS</UniqueID>
      <Amount>1</Amount>
    </IncreaseSpellChoiceAmountFeature>
    <IncreaseSpellChoiceAmountFeature>
      <Keywords />
      <Name>Spells Known</Name>
      <Text>One additional Spell</Text>
      <Level>8</Level>
      <Hidden>true</Hidden>
      <Prerequisite />
      <UniqueID>BARD_SPELLS</UniqueID>
      <Amount>1</Amount>
    </IncreaseSpellChoiceAmountFeature>
    <IncreaseSpellChoiceAmountFeature>
      <Keywords />
      <Name>Spells Known</Name>
      <Text>One additional Spell</Text>
      <Level>9</Level>
      <Hidden>true</Hidden>
      <Prerequisite />
      <UniqueID>BARD_SPELLS</UniqueID>
      <Amount>1</Amount>
    </IncreaseSpellChoiceAmountFeature>
    <IncreaseSpellChoiceAmountFeature>
      <Keywords />
      <Name>Spells Known</Name>
      <Text>One additional Spell</Text>
      <Level>11</Level>
      <Hidden>true</Hidden>
      <Prerequisite />
      <UniqueID>BARD_SPELLS</UniqueID>
      <Amount>1</Amount>
    </IncreaseSpellChoiceAmountFeature>
    <IncreaseSpellChoiceAmountFeature>
      <Keywords />
      <Name>Spells Known</Name>
      <Text>One additional Spell</Text>
      <Level>13</Level>
      <Hidden>true</Hidden>
      <Prerequisite />
      <UniqueID>BARD_SPELLS</UniqueID>
      <Amount>1</Amount>
    </IncreaseSpellChoiceAmountFeature>
    <IncreaseSpellChoiceAmountFeature>
      <Keywords />
      <Name>Spells Known</Name>
      <Text>One additional Spell</Text>
      <Level>15</Level>
      <Hidden>true</Hidden>
      <Prerequisite />
      <UniqueID>BARD_SPELLS</UniqueID>
      <Amount>1</Amount>
    </IncreaseSpellChoiceAmountFeature>
    <IncreaseSpellChoiceAmountFeature>
      <Keywords />
      <Name>Spells Known</Name>
      <Text>One additional Spell</Text>
      <Level>17</Level>
      <Hidden>true</Hidden>
      <Prerequisite />
      <UniqueID>BARD_SPELLS</UniqueID>
      <Amount>1</Amount>
    </IncreaseSpellChoiceAmountFeature>
    <SpellSlotsFeature>
      <Keywords />
      <Name>Spell Slots</Name>
      <Text>The Bard table shows how many spell slots you have to cast your spells of 1st level and higher.
To cast one of these spells, you must expend a slot of the spell’s level or higher.
You regain all expended spell slots when you finish a long rest.
For example, if you know the 1st-level spell cure wounds and have a 1st-level and a 2nd-level spell slot available, you can cast cure wounds using either slot.</Text>
      <Level>1</Level>
      <Hidden>false</Hidden>
      <Prerequisite />
      <Slots>
        <int>2</int>
      </Slots>
      <SpellcastingID>BARD_SPELLCASTING</SpellcastingID>
    </SpellSlotsFeature>
    <SpellSlotsFeature>
      <Keywords />
      <Name>Spell Slots</Name>
      <Text>1st: 3</Text>
      <Level>2</Level>
      <Hidden>true</Hidden>
      <Prerequisite />
      <Slots>
        <int>3</int>
      </Slots>
      <SpellcastingID>BARD_SPELLCASTING</SpellcastingID>
    </SpellSlotsFeature>
    <SpellSlotsFeature>
      <Keywords />
      <Name>Spell Slots</Name>
      <Text>1st: 4, 2nd: 2</Text>
      <Level>3</Level>
      <Hidden>true</Hidden>
      <Prerequisite />
      <Slots>
        <int>4</int>
        <int>2</int>
      </Slots>
      <SpellcastingID>BARD_SPELLCASTING</SpellcastingID>
    </SpellSlotsFeature>
    <SpellSlotsFeature>
      <Keywords />
      <Name>Spell Slots</Name>
      <Text>1st: 4, 2nd: 3</Text>
      <Level>4</Level>
      <Hidden>true</Hidden>
      <Prerequisite />
      <Slots>
        <int>4</int>
        <int>3</int>
      </Slots>
      <SpellcastingID>BARD_SPELLCASTING</SpellcastingID>
    </SpellSlotsFeature>
    <SpellSlotsFeature>
      <Keywords />
      <Name>Spell Slots</Name>
      <Text>1st: 4, 2nd: 3, 3rd: 2</Text>
      <Level>5</Level>
      <Hidden>true</Hidden>
      <Prerequisite />
      <Slots>
        <int>4</int>
        <int>3</int>
        <int>2</int>
      </Slots>
      <SpellcastingID>BARD_SPELLCASTING</SpellcastingID>
    </SpellSlotsFeature>
    <SpellSlotsFeature>
      <Keywords />
      <Name>Spell Slots</Name>
      <Text>1st: 4, 2nd: 3, 3rd: 3</Text>
      <Level>6</Level>
      <Hidden>true</Hidden>
      <Prerequisite />
      <Slots>
        <int>4</int>
        <int>3</int>
        <int>3</int>
      </Slots>
      <SpellcastingID>BARD_SPELLCASTING</SpellcastingID>
    </SpellSlotsFeature>
    <SpellSlotsFeature>
      <Keywords />
      <Name>Spell Slots</Name>
      <Text>1st: 4, 2nd: 3, 3rd: 3, 4th: 1</Text>
      <Level>7</Level>
      <Hidden>true</Hidden>
      <Prerequisite />
      <Slots>
        <int>4</int>
        <int>3</int>
        <int>3</int>
        <int>1</int>
      </Slots>
      <SpellcastingID>BARD_SPELLCASTING</SpellcastingID>
    </SpellSlotsFeature>
    <SpellSlotsFeature>
      <Keywords />
      <Name>Spell Slots</Name>
      <Text>1st: 4, 2nd: 3, 3rd: 3, 4th: 2</Text>
      <Level>8</Level>
      <Hidden>true</Hidden>
      <Prerequisite />
      <Slots>
        <int>4</int>
        <int>3</int>
        <int>3</int>
        <int>2</int>
      </Slots>
      <SpellcastingID>BARD_SPELLCASTING</SpellcastingID>
    </SpellSlotsFeature>
    <SpellSlotsFeature>
      <Keywords />
      <Name>Spell Slots</Name>
      <Text>1st: 4, 2nd: 3, 3rd: 3, 4th: 3, 5th: 1</Text>
      <Level>9</Level>
      <Hidden>true</Hidden>
      <Prerequisite />
      <Slots>
        <int>4</int>
        <int>3</int>
        <int>3</int>
        <int>3</int>
        <int>1</int>
      </Slots>
      <SpellcastingID>BARD_SPELLCASTING</SpellcastingID>
    </SpellSlotsFeature>
    <SpellSlotsFeature>
      <Keywords />
      <Name>Spell Slots</Name>
      <Text>1st: 4, 2nd: 3, 3rd: 3, 4th: 3, 5th: 2</Text>
      <Level>10</Level>
      <Hidden>true</Hidden>
      <Prerequisite />
      <Slots>
        <int>4</int>
        <int>3</int>
        <int>3</int>
        <int>3</int>
        <int>2</int>
      </Slots>
      <SpellcastingID>BARD_SPELLCASTING</SpellcastingID>
    </SpellSlotsFeature>
    <SpellSlotsFeature>
      <Keywords />
      <Name>Spell Slots</Name>
      <Text>1st: 4, 2nd: 3, 3rd: 3, 4th: 3, 5th: 2, 6th: 1</Text>
      <Level>11</Level>
      <Hidden>true</Hidden>
      <Prerequisite />
      <Slots>
        <int>4</int>
        <int>3</int>
        <int>3</int>
        <int>3</int>
        <int>2</int>
        <int>1</int>
      </Slots>
      <SpellcastingID>BARD_SPELLCASTING</SpellcastingID>
    </SpellSlotsFeature>
    <SpellSlotsFeature>
      <Keywords />
      <Name>Spell Slots</Name>
      <Text>1st: 4, 2nd: 3, 3rd: 3, 4th: 3, 5th: 2, 6th: 1, 7th: 1</Text>
      <Level>13</Level>
      <Hidden>true</Hidden>
      <Prerequisite />
      <Slots>
        <int>4</int>
        <int>3</int>
        <int>3</int>
        <int>3</int>
        <int>2</int>
        <int>1</int>
        <int>1</int>
      </Slots>
      <SpellcastingID>BARD_SPELLCASTING</SpellcastingID>
    </SpellSlotsFeature>
    <SpellSlotsFeature>
      <Keywords />
      <Name>Spell Slots</Name>
      <Text>1st: 4, 2nd: 3, 3rd: 3, 4th: 3, 5th: 2, 6th: 1, 7th: 1, 8th: 1</Text>
      <Level>15</Level>
      <Hidden>true</Hidden>
      <Prerequisite />
      <Slots>
        <int>4</int>
        <int>3</int>
        <int>3</int>
        <int>3</int>
        <int>2</int>
        <int>1</int>
        <int>1</int>
        <int>1</int>
      </Slots>
      <SpellcastingID>BARD_SPELLCASTING</SpellcastingID>
    </SpellSlotsFeature>
    <SpellSlotsFeature>
      <Keywords />
      <Name>Spell Slots</Name>
      <Text>1st: 4, 2nd: 3, 3rd: 3, 4th: 3, 5th: 2, 6th: 1, 7th: 1, 8th: 1, 9th: 1</Text>
      <Level>17</Level>
      <Hidden>true</Hidden>
      <Prerequisite />
      <Slots>
        <int>4</int>
        <int>3</int>
        <int>3</int>
        <int>3</int>
        <int>2</int>
        <int>1</int>
        <int>1</int>
        <int>1</int>
        <int>1</int>
      </Slots>
      <SpellcastingID>BARD_SPELLCASTING</SpellcastingID>
    </SpellSlotsFeature>
    <SpellSlotsFeature>
      <Keywords />
      <Name>Spell Slots</Name>
      <Text>1st: 4, 2nd: 3, 3rd: 3, 4th: 3, 5th: 3, 6th: 1, 7th: 1, 8th: 1, 9th: 1</Text>
      <Level>18</Level>
      <Hidden>true</Hidden>
      <Prerequisite />
      <Slots>
        <int>4</int>
        <int>3</int>
        <int>3</int>
        <int>3</int>
        <int>3</int>
        <int>1</int>
        <int>1</int>
        <int>1</int>
        <int>1</int>
      </Slots>
      <SpellcastingID>BARD_SPELLCASTING</SpellcastingID>
    </SpellSlotsFeature>
    <SpellSlotsFeature>
      <Keywords />
      <Name>Spell Slots</Name>
      <Text>1st: 4, 2nd: 3, 3rd: 3, 4th: 3, 5th: 3, 6th: 2, 7th: 1, 8th: 1, 9th: 1</Text>
      <Level>19</Level>
      <Hidden>true</Hidden>
      <Prerequisite />
      <Slots>
        <int>4</int>
        <int>3</int>
        <int>3</int>
        <int>3</int>
        <int>3</int>
        <int>2</int>
        <int>1</int>
        <int>1</int>
        <int>1</int>
      </Slots>
      <SpellcastingID>BARD_SPELLCASTING</SpellcastingID>
    </SpellSlotsFeature>
    <SpellSlotsFeature>
      <Keywords />
      <Name>Spell Slots</Name>
      <Text>1st: 4, 2nd: 3, 3rd: 3, 4th: 3, 5th: 3, 6th: 2, 7th: 2, 8th: 1, 9th: 1</Text>
      <Level>20</Level>
      <Hidden>true</Hidden>
      <Prerequisite />
      <Slots>
        <int>4</int>
        <int>3</int>
        <int>3</int>
        <int>3</int>
        <int>3</int>
        <int>2</int>
        <int>2</int>
        <int>1</int>
        <int>1</int>
      </Slots>
      <SpellcastingID>BARD_SPELLCASTING</SpellcastingID>
    </SpellSlotsFeature>
    <Feature>
      <Keywords />
      <Name>Spellcasting Ability</Name>
      <Text>Charisma is your spellcasting ability for your bard spells.
Your magic comes from the heart and soul you pour into the performance of your music or oration.
You use your Charisma whenever a spell refers to your spellcasting ability.
In addition, you use your Charisma modifier when setting the saving throw DC for a bard spell you cast and when making an attack roll with one.
Spell save DC = 8 + your proficiency bonus + your Charisma modifier Spell attack modifier = your proficiency bonus + your Charisma modifier</Text>
      <Level>1</Level>
      <Hidden>true</Hidden>
      <Prerequisite />
    </Feature>
    <Feature>
      <Keywords />
      <Name>Ritual Casting</Name>
      <Text>You can cast any bard spell you know as a ritual if that spell has the ritual tag.</Text>
      <Level>1</Level>
      <Hidden>false</Hidden>
      <Prerequisite />
    </Feature>
    <Feature>
      <Keywords />
      <Name>Spellcasting Focus</Name>
      <Text>You can use a musical instrument (see “Equipment”) as a spellcasting focus for your bard spells.</Text>
      <Level>1</Level>
      <Hidden>false</Hidden>
      <Prerequisite />
    </Feature>
    <ResourceFeature>
      <Keywords />
      <Name>Bardic Inspiration</Name>
      <Text>You can inspire others through stirring words or music.
To do so, you use a bonus action on your turn to choose one creature other than yourself within 60 feet of you who can hear you.
That creature gains one Bardic Inspiration die, a d6.
Once within the next 10 minutes, the creature can roll the die and add the number rolled to one ability check, attack roll, or saving throw it makes.
The creature can wait until after it rolls the d20 before deciding to use the Bardic Inspiration die, but must decide before the GM says whether the roll succeeds or fails.
Once the Bardic Inspiration die is rolled, it is lost.
A creature can have only one Bardic Inspiration die at a time.
You can use this feature a number of times equal to your Charisma modifier (a minimum of once).
You regain any expended uses when you finish a long rest.
Your Bardic Inspiration die changes when you reach certain levels in this class.
The die becomes a d8 at 5th level, a d10 at 10th level, and a d12 at 15th level.</Text>
      <Level>1</Level>
      <Hidden>false</Hidden>
      <Prerequisite />
      <ValueBonus>None</ValueBonus>
      <Value>Max(1, ChaMod)</Value>
      <ResourceID>BARD_BARDIC_INSPIRATION</ResourceID>
      <Recharge>LongRest</Recharge>
      <ExclusionID />
    </ResourceFeature>
    <SkillProficiencyFeature>
      <Keywords />
      <Name>Jack of All Trades</Name>
      <Text>Starting at 2nd level, you can add half your proficiency bonus, rounded down, to any ability check you make that doesn’t already include your proficiency bonus.</Text>
      <Level>2</Level>
      <Hidden>false</Hidden>
      <Prerequisite />
      <Skills />
      <ProficiencyMultiplier>0.5</ProficiencyMultiplier>
    </SkillProficiencyFeature>
    <Feature>
      <Keywords />
      <Name>Song of Rest</Name>
      <Text>Beginning at 2nd level, you can use soothing music or oration to help revitalize your wounded allies during a short rest.
If you or any friendly creatures who can hear your performance regain hit points at the end of the short rest by spending one or more Hit Dice, each of those creatures regains an extra 1d6 hit points.
The extra hit points increase when you reach certain levels in this class: to 1d8 at 9th level, to 1d10 at 13th level, and to 1d12 at 17th level.</Text>
      <Level>2</Level>
      <Hidden>false</Hidden>
      <Prerequisite />
    </Feature>
    <SubClassFeature>
      <Keywords />
      <Name>Bard College</Name>
      <Text>At 3rd level, you delve into the advanced techniques of a bard college of your choice, such as the College of Lore.
Your choice grants you features at 3rd level and again at 6th and 14th level.</Text>
      <Level>3</Level>
      <Hidden>true</Hidden>
      <Prerequisite />
      <ParentClass>Bard</ParentClass>
    </SubClassFeature>
    <SkillProficiencyChoiceFeature>
      <Keywords />
      <Name>Expertise</Name>
      <Text>At 3rd level, choose two of your skill proficiencies.
Your proficiency bonus is doubled for any ability check you make that uses either of the chosen proficiencies.</Text>
      <Level>3</Level>
      <Hidden>true</Hidden>
      <Prerequisite />
      <Skills />
      <Amount>2</Amount>
      <ProficiencyMultiplier>2</ProficiencyMultiplier>
      <OnlyAlreadyKnownSkills>true</OnlyAlreadyKnownSkills>
      <UniqueID>BARD_SKILL_EXPERTISE</UniqueID>
    </SkillProficiencyChoiceFeature>
    <SkillProficiencyChoiceFeature>
      <Keywords />
      <Name>Expertise</Name>
      <Text>At 10th level, you can choose another two skill proficiencies to gain this benefit.</Text>
      <Level>10</Level>
      <Hidden>true</Hidden>
      <Prerequisite />
      <Skills />
      <Amount>2</Amount>
      <ProficiencyMultiplier>2</ProficiencyMultiplier>
      <OnlyAlreadyKnownSkills>true</OnlyAlreadyKnownSkills>
      <UniqueID>BARD_SKILL_EXPERTISE</UniqueID>
    </SkillProficiencyChoiceFeature>
    <AbilityScoreFeatFeature>
      <Keywords />
      <Name>Ability Score Improvement</Name>
      <Text>When you reach 4th level, and again at 8th, 12th, 16th, and 19th level, you can increase one ability score of your choice by 2, or you can increase two ability scores of your choice by 1. As normal, you can’t increase an ability score above 20 using this feature. </Text>
      <Level>4</Level>
      <Hidden>true</Hidden>
      <Prerequisite />
      <UniqueID>BARD_ABILITY</UniqueID>
    </AbilityScoreFeatFeature>
    <AbilityScoreFeatFeature>
      <Keywords />
      <Name />
      <Text />
      <Level>8</Level>
      <Hidden>true</Hidden>
      <Prerequisite />
      <UniqueID>BARD_ABILITY</UniqueID>
    </AbilityScoreFeatFeature>
    <AbilityScoreFeatFeature>
      <Keywords />
      <Name />
      <Text />
      <Level>12</Level>
      <Hidden>true</Hidden>
      <Prerequisite />
      <UniqueID>BARD_ABILITY</UniqueID>
    </AbilityScoreFeatFeature>
    <AbilityScoreFeatFeature>
      <Keywords />
      <Name />
      <Text />
      <Level>16</Level>
      <Hidden>true</Hidden>
      <Prerequisite />
      <UniqueID>BARD_ABILITY</UniqueID>
    </AbilityScoreFeatFeature>
    <AbilityScoreFeatFeature>
      <Keywords />
      <Name />
      <Text />
      <Level>19</Level>
      <Hidden>true</Hidden>
      <Prerequisite />
      <UniqueID>BARD_ABILITY</UniqueID>
    </AbilityScoreFeatFeature>
    <ResourceFeature>
      <Keywords />
      <Name>Font of Inspiration</Name>
      <Text>Beginning when you reach 5th level, you regain all of your expended uses of Bardic Inspiration when you finish a short or long rest.</Text>
      <Level>6</Level>
      <Hidden>false</Hidden>
      <Prerequisite />
      <ValueBonus>None</ValueBonus>
      <Value>0</Value>
      <ResourceID>BARD_BARDIC_INSPIRATION</ResourceID>
      <Recharge>ShortRest</Recharge>
      <ExclusionID />
    </ResourceFeature>
    <Feature>
      <Keywords />
      <Name>Countercharm</Name>
      <Text>At 6th level, you gain the ability to use musical notes or words of power to disrupt mind-influencing effects.
As an action, you can start a performance that lasts until the end of your next turn.
During that time, you and any friendly creatures within 30 feet of you have advantage on saving throws against being frightened or charmed.
A creature must be able to hear you to gain this benefit.
The performance ends early if you are incapacitated or silenced or if you voluntarily end it (no action required).</Text>
      <Level>6</Level>
      <Hidden>false</Hidden>
      <Prerequisite />
    </Feature>
    <SpellChoiceFeature>
      <Keywords />
      <Name>Magical Secrets</Name>
      <Text>By 10th level, you have plundered magical knowledge from a wide spectrum of disciplines.
Choose two spells from any class, including this one.
A spell you choose must be of a level you can cast, as shown on the Bard table, or a cantrip.
The chosen spells count as bard spells for you and are included in the number in the Spells Known column of the Bard table.
You learn two additional spells from any class at 14th level and again at 18th level.</Text>
      <Level>10</Level>
      <Hidden>false</Hidden>
      <Prerequisite />
      <KeywordsToAdd>
        <Keyword>
          <Name>bard</Name>
        </Keyword>
      </KeywordsToAdd>
      <AvailableSpellChoices>Level &lt; ClassSpellLevel</AvailableSpellChoices>
      <SpellcastingID>BARD_SPELLCASTING</SpellcastingID>
      <UniqueID>BARD_MAGICAL_SECRET</UniqueID>
      <AddTo>LearnSpells</AddTo>
      <Amount>2</Amount>
    </SpellChoiceFeature>
    <IncreaseSpellChoiceAmountFeature>
      <Keywords />
      <Name />
      <Text />
      <Level>14</Level>
      <Hidden>true</Hidden>
      <Prerequisite />
      <UniqueID>BARD_MAGICAL_SECRET</UniqueID>
      <Amount>2</Amount>
    </IncreaseSpellChoiceAmountFeature>
    <IncreaseSpellChoiceAmountFeature>
      <Keywords />
      <Name />
      <Text />
      <Level>18</Level>
      <Hidden>true</Hidden>
      <Prerequisite />
      <UniqueID>BARD_MAGICAL_SECRET</UniqueID>
      <Amount>2</Amount>
    </IncreaseSpellChoiceAmountFeature>
    <Feature>
      <Keywords />
      <Name>Superior Inspiration</Name>
      <Text>At 20th level, when you roll initiative and have no uses of Bardic Inspiration left, you regain one use.</Text>
      <Level>20</Level>
      <Hidden>false</Hidden>
      <Prerequisite />
    </Feature>
  </Features>
  <MulticlassingSpellLevels>
    <int>1</int>
    <int>2</int>
    <int>3</int>
    <int>4</int>
    <int>5</int>
    <int>6</int>
    <int>7</int>
    <int>8</int>
    <int>9</int>
    <int>10</int>
    <int>11</int>
    <int>12</int>
    <int>13</int>
    <int>14</int>
    <int>15</int>
    <int>16</int>
    <int>17</int>
    <int>18</int>
    <int>19</int>
    <int>20</int>
  </MulticlassingSpellLevels>
  <MulticlassingFeatures>
    <ToolKWProficiencyFeature>
      <Keywords />
      <Name>Multiclassing Proficiency: Light Armor</Name>
      <Text>Proficient with light armor</Text>
      <Level>1</Level>
      <Hidden>true</Hidden>
      <Prerequisite />
      <Condition>Light and Armor</Condition>
      <Description>light armor</Description>
    </ToolKWProficiencyFeature>
    <SkillProficiencyChoiceFeature>
      <Keywords />
      <Name>Multiclassing Proficiency: Skill</Name>
      <Text>One skill of your choice.</Text>
      <Level>1</Level>
      <Hidden>false</Hidden>
      <Prerequisite />
      <Skills />
      <Amount>1</Amount>
      <ProficiencyMultiplier>1</ProficiencyMultiplier>
      <OnlyAlreadyKnownSkills>false</OnlyAlreadyKnownSkills>
      <UniqueID>BARD_MULTICLASS_SKILL</UniqueID>
    </SkillProficiencyChoiceFeature>
    <ToolProficiencyChoiceConditionFeature>
      <Keywords />
      <Name>Multiclassing Proficiency: Instrument</Name>
      <Text>One musical instrument of your choice</Text>
      <Level>1</Level>
      <Hidden>false</Hidden>
      <Prerequisite />
      <Amount>1</Amount>
      <UniqueID>BARD_MULTICLASS_INSTRUMENT</UniqueID>
      <Condition>Instrument</Condition>
    </ToolProficiencyChoiceConditionFeature>
  </MulticlassingFeatures>
  <FirstClassFeatures>
    <MultiFeature>
      <Keywords />
      <Name>Equipment</Name>
      <Text>You start with the following equipment, in addition to the equipment granted by your background: 
• (a) a rapier, (b) a longsword, or (c) any simple weapon 
• (a) a diplomat’s pack or (b) an entertainer’s pack 
• (a) a lute or (b) any other musical instrument 
• Leather armor and a dagger</Text>
      <Level>1</Level>
      <Hidden>true</Hidden>
      <Prerequisite />
      <Features>
        <ItemChoiceConditionFeature>
          <Keywords />
          <Name>Equipment (1)</Name>
          <Text>(a) a rapier, (b) a longsword, or (c) any simple weapon </Text>
          <Level>1</Level>
          <Hidden>true</Hidden>
          <Prerequisite />
          <Amount>1</Amount>
          <UniqueID>BARD_EQUIPMENT_WEAPON</UniqueID>
          <Condition>(Simple and Weapon) or Name='rapier' or Name = 'longsword'</Condition>
        </ItemChoiceConditionFeature>
        <ItemChoiceFeature>
          <Keywords />
          <Name>Equipment (2)</Name>
          <Text>(a) a diplomat’s pack or (b) an entertainer’s pack</Text>
          <Level>1</Level>
          <Hidden>true</Hidden>
          <Items>
            <string>diplomat’s pack</string>
            <string>entertainer’s pack</string>
          </Items>
          <CP>0</CP>
          <SP>0</SP>
          <GP>0</GP>
          <Amount>1</Amount>
          <UniqueID>BARD_EQUIPMENT_PACK</UniqueID>
        </ItemChoiceFeature>
        <ItemChoiceConditionFeature>
          <Keywords />
          <Name>Equipment (3)</Name>
          <Text>(a) a lute or (b) any other musical instrument</Text>
          <Level>1</Level>
          <Hidden>true</Hidden>
          <Prerequisite />
          <Amount>1</Amount>
          <UniqueID>BARD_EQUIPMENT_INSTRUMENT</UniqueID>
          <Condition>Name = 'lute' or Instrument</Condition>
        </ItemChoiceConditionFeature>
        <FreeItemAndGoldFeature>
          <Keywords />
          <Level>1</Level>
          <Hidden>true</Hidden>
          <Items>
            <string>leather armor</string>
            <string>dagger</string>
          </Items>
          <CP>0</CP>
          <SP>0</SP>
          <GP>0</GP>
        </FreeItemAndGoldFeature>
      </Features>
    </MultiFeature>
    <ToolKWProficiencyFeature>
      <Keywords />
      <Name>Weapons</Name>
      <Text>Simple weapons, hand crossbows, longswords, rapiers, shortswords</Text>
      <Level>1</Level>
      <Hidden>true</Hidden>
      <Prerequisite />
      <Condition>(Weapon and Simple) or Name = 'crossbow, hand' or Name = 'longsword' or Name = 'shortsword' or Name = 'rapier'</Condition>
      <Description>simple weapons, hand crossbows, longswords, rapiers, shortswords</Description>
    </ToolKWProficiencyFeature>
    <ToolProficiencyChoiceConditionFeature>
      <Keywords />
      <Name>Tools</Name>
      <Text>Three musical instruments of your choice</Text>
      <Level>1</Level>
      <Hidden>true</Hidden>
      <Prerequisite />
      <Amount>3</Amount>
      <UniqueID>BARD_INSTRUMENT</UniqueID>
      <Condition>Instrument</Condition>
    </ToolProficiencyChoiceConditionFeature>
    <SaveProficiencyFeature>
      <Keywords />
      <Name>Saving Throws</Name>
      <Text>Dexterity, Charisma</Text>
      <Level>1</Level>
      <Hidden>true</Hidden>
      <Prerequisite />
      <Ability>Dexterity Charisma</Ability>
    </SaveProficiencyFeature>
    <SkillProficiencyChoiceFeature>
      <Keywords />
      <Name>Skills</Name>
      <Text>Choose any three</Text>
      <Level>1</Level>
      <Hidden>true</Hidden>
      <Prerequisite />
      <Skills />
      <Amount>3</Amount>
      <ProficiencyMultiplier>1</ProficiencyMultiplier>
      <OnlyAlreadyKnownSkills>false</OnlyAlreadyKnownSkills>
      <UniqueID>BARD_SKILLS</UniqueID>
    </SkillProficiencyChoiceFeature>
  </FirstClassFeatures>
  <MulticlassingAbilityScores>Charisma</MulticlassingAbilityScores>
  <FeaturesToAddClassKeywordTo />
  <SpellsToAddClassKeywordTo>
    <string>Dancing Lights</string>
    <string>Light</string>
    <string>Mage Hand</string>
    <string>Mending</string>
    <string>Message</string>
    <string>Minor Illusion</string>
    <string>Prestidigitation</string>
    <string>True Strike</string>
    <string>Vicious Mockery</string>
    <string>Animal Friendship</string>
    <string>Bane</string>
    <string>Charm Person</string>
    <string>Comprehend Languages</string>
    <string>Cure Wounds</string>
    <string>Detect Magic</string>
    <string>Disguise Self</string>
    <string>Faerie Fire</string>
    <string>Feather Fall</string>
    <string>Healing Word</string>
    <string>Heroism</string>
    <string>Hideous Laughter</string>
    <string>Identify</string>
    <string>Illusory Script</string>
    <string>Longstrider</string>
    <string>Silent Image</string>
    <string>Sleep</string>
    <string>Speak with Animals</string>
    <string>Thunderwave</string>
    <string>Unseen Servant</string>
    <string>Animal Messenger</string>
    <string>Blindness/Deafness</string>
    <string>Calm Emotions</string>
    <string>Detect Thoughts</string>
    <string>Enhance Ability</string>
    <string>Enthrall</string>
    <string>Heat Metal</string>
    <string>Hold Person</string>
    <string>Invisibility</string>
    <string>Knock</string>
    <string>Lesser Restoration</string>
    <string>Locate Animals or Plants</string>
    <string>Locate Object</string>
    <string>Magic Mouth</string>
    <string>See Invisibility</string>
    <string>Shatter</string>
    <string>Silence</string>
    <string>Suggestion</string>
    <string>Zone of Truth</string>
    <string>Bestow Curse</string>
    <string>Clairvoyance</string>
    <string>Dispel Magic</string>
    <string>Fear</string>
    <string>Glyph of Warding</string>
    <string>Hypnotic Pattern</string>
    <string>Major Image</string>
    <string>Nondetection</string>
    <string>Plant Growth</string>
    <string>Sending</string>
    <string>Speak with Dead</string>
    <string>Speak with Plants</string>
    <string>Stinking Cloud</string>
    <string>Tiny Hut</string>
    <string>Tongues</string>
    <string>Compulsion</string>
    <string>Confusion</string>
    <string>Dimension Door</string>
    <string>Freedom of Movement</string>
    <string>Greater Invisibility</string>
    <string>Hallucinatory Terrain</string>
    <string>Locate Creature</string>
    <string>Polymorph</string>
    <string>Animate Objects</string>
    <string>Awaken</string>
    <string>Dominate Person</string>
    <string>Dream</string>
    <string>Geas</string>
    <string>Greater Restoration</string>
    <string>Hold Monster</string>
    <string>Legend Lore</string>
    <string>Mass Cure Wounds</string>
    <string>Mislead</string>
    <string>Modify Memory</string>
    <string>Planar Binding</string>
    <string>Raise Dead</string>
    <string>Scrying</string>
    <string>Seeming</string>
    <string>Teleportation Circle</string>
    <string>Eyebite</string>
    <string>Find the Path</string>
    <string>Guards and Wards</string>
    <string>Irresistible Dance</string>
    <string>Mass Suggestion</string>
    <string>Programmed Illusion</string>
    <string>True Seeing</string>
    <string>Arcane Sword</string>
    <string>Etherealness</string>
    <string>Forcecage</string>
    <string>Magnificent Mansion</string>
    <string>Mirage Arcane</string>
    <string>Project Image</string>
    <string>Regenerate</string>
    <string>Resurrection</string>
    <string>Symbol</string>
    <string>Teleport</string>
    <string>Dominate Monster</string>
    <string>Feeblemind</string>
    <string>Glibness</string>
    <string>Mind Blank</string>
    <string>Power Word Stun</string>
    <string>Foresight</string>
    <string>Power Word Kill</string>
    <string>True Polymorph</string>
  </SpellsToAddClassKeywordTo>
  <Name>Bard</Name>
  <Descriptions>
    <Description>
      <Name>Bard Class Features</Name>
      <Text>As a bard, you gain the following class features.</Text>
    </Description>
  </Descriptions>
  <HitDie>8</HitDie>
  <HPFirstLevel>8</HPFirstLevel>
  <AverageHPPerLevel>5</AverageHPPerLevel>
  <Source>Systems Reference Document v5.1</Source>
  <MulticlassingCondition>Charisma &gt;= 13</MulticlassingCondition>
</ClassDefinition>