<?xml version="1.0" encoding="utf-8"?>
<ClassDefinition xmlns:xsi="http://www.w3.org/2001/XMLSchema-instance" xmlns:xsd="http://www.w3.org/2001/XMLSchema">
  <Features>
    <SpellcastingFeature>
      <Keywords />
      <Name>Spellcasting</Name>
      <Text>As a conduit for divine power, you can cast cleric spells.</Text>
      <Level>1</Level>
      <Hidden>false</Hidden>
      <Prerequisite />
      <Preparation>ClassList</Preparation>
      <SpellcastingID>CLERIC</SpellcastingID>
      <PrepareableSpells>Cleric and !Cantrip and Level &lt;= ClassSpellLevel</PrepareableSpells>
      <OverwrittenByMulticlassing>true</OverwrittenByMulticlassing>
      <IgnoreMulticlassing>false</IgnoreMulticlassing>
      <DisplayName>Cleric</DisplayName>
      <PrepareCountAdditionalModifier>None</PrepareCountAdditionalModifier>
      <SpellcastingAbility>Wisdom</SpellcastingAbility>
      <PrepareCountPerClassLevel>0</PrepareCountPerClassLevel>
      <PrepareCountAdditional>0</PrepareCountAdditional>
      <PrepareCount>Max(1, WisMod + ClassLevel)</PrepareCount>
      <PreparationChange>LongRest</PreparationChange>
    </SpellcastingFeature>
    <SpellChoiceFeature>
      <Keywords />
      <Name>Cantrips</Name>
      <Text>You learn additional cleric cantrips of your choice at higher levels, as shown in the Cantrips Known column of the Cleric table.</Text>
      <Level>1</Level>
      <Hidden>true</Hidden>
      <Prerequisite />
      <KeywordsToAdd />
      <AvailableSpellChoices>Cleric and Cantrip</AvailableSpellChoices>
      <SpellcastingID>CLERIC</SpellcastingID>
      <UniqueID>CLERIC_CANTRIP</UniqueID>
      <AddTo>LearnSpells</AddTo>
      <Amount>3</Amount>
    </SpellChoiceFeature>
    <IncreaseSpellChoiceAmountFeature>
      <Keywords />
      <Name>Cantrips</Name>
      <Text>One additional Cantrip</Text>
      <Level>4</Level>
      <Hidden>true</Hidden>
      <Prerequisite />
      <UniqueID>CLERIC_CANTRIP</UniqueID>
      <Amount>1</Amount>
    </IncreaseSpellChoiceAmountFeature>
    <IncreaseSpellChoiceAmountFeature>
      <Keywords />
      <Name>Cantrips</Name>
      <Text>One additional Cantrip</Text>
      <Level>10</Level>
      <Hidden>true</Hidden>
      <Prerequisite />
      <UniqueID>CLERIC_CANTRIP</UniqueID>
      <Amount>1</Amount>
    </IncreaseSpellChoiceAmountFeature>
    <Feature>
      <Keywords />
      <Name>Preparing and Casting Spells</Name>
      <Text>The Cleric table shows how many spell slots you have to cast your spells of 1st level and higher.
To cast one of these spells, you must expend a slot of the spell’s level or higher.
You regain all expended spell slots when you finish a long rest.
You prepare the list of cleric spells that are available for you to cast, choosing from the cleric spell list.
When you do so, choose a number of cleric spells equal to your Wisdom modifier + your cleric level (minimum of one spell).
The spells must be of a level for which you have spell slots.
For example, if you are a 3rd-level cleric, you have four 1st-level and two 2nd-level spell slots.
With a Wisdom of 16, your list of prepared spells can include six spells of 1st or 2nd level, in any combination.
If you prepare the 1st-level spell cure wounds, you can cast it using a 1st-level or 2nd-level slot.
Casting the spell doesn’t remove it from your list of prepared spells.
You can change your list of prepared spells when you finish a long rest.
Preparing a new list of cleric spells requires time spent in prayer and meditation: at least 1 minute per spell level for each spell on your list.</Text>
      <Level>1</Level>
      <Hidden>false</Hidden>
      <Prerequisite />
    </Feature>
    <Feature>
      <Keywords />
      <Name>Spellcasting Ability</Name>
      <Text>Wisdom is your spellcasting ability for your cleric spells.
The power of your spells comes from your devotion to your deity.
You use your Wisdom whenever a cleric spell refers to your spellcasting ability.
In addition, you use your Wisdom modifier when setting the saving throw DC for a cleric spell you cast and when making an attack roll with one.
Spell save DC = 8 + your proficiency bonus + your Wisdom modifier Spell attack modifier = your proficiency bonus + your Wisdom modifier Ritual Casting You can cast a cleric spell as a ritual if that spell has the ritual tag and you have the spell prepared.
Spellcasting Focus You can use a holy symbol (see “Equipment”) as a spellcasting focus for your cleric spells.</Text>
      <Level>1</Level>
      <Hidden>true</Hidden>
      <Prerequisite />
    </Feature>
    <SpellSlotsFeature>
      <Keywords />
      <Name>Spell slots</Name>
      <Text>1st: 2</Text>
      <Level>1</Level>
      <Hidden>true</Hidden>
      <Prerequisite />
      <Slots>
        <int>2</int>
        <int>0</int>
        <int>0</int>
        <int>0</int>
        <int>0</int>
        <int>0</int>
        <int>0</int>
        <int>0</int>
        <int>0</int>
      </Slots>
      <SpellcastingID>CLERIC</SpellcastingID>
    </SpellSlotsFeature>
    <SpellSlotsFeature>
      <Keywords />
      <Name>Spell slots</Name>
      <Text>1st: 3</Text>
      <Level>2</Level>
      <Hidden>true</Hidden>
      <Prerequisite />
      <Slots>
        <int>3</int>
        <int>0</int>
        <int>0</int>
        <int>0</int>
        <int>0</int>
        <int>0</int>
        <int>0</int>
        <int>0</int>
        <int>0</int>
      </Slots>
      <SpellcastingID>CLERIC</SpellcastingID>
    </SpellSlotsFeature>
    <SpellSlotsFeature>
      <Keywords />
      <Name>Spell slots</Name>
      <Text>1st: 4, 2nd: 2</Text>
      <Level>3</Level>
      <Hidden>true</Hidden>
      <Prerequisite />
      <Slots>
        <int>4</int>
        <int>2</int>
        <int>0</int>
        <int>0</int>
        <int>0</int>
        <int>0</int>
        <int>0</int>
        <int>0</int>
        <int>0</int>
      </Slots>
      <SpellcastingID>CLERIC</SpellcastingID>
    </SpellSlotsFeature>
    <SpellSlotsFeature>
      <Keywords />
      <Name>Spell slots</Name>
      <Text>1st: 4, 2nd: 3</Text>
      <Level>4</Level>
      <Hidden>true</Hidden>
      <Prerequisite />
      <Slots>
        <int>4</int>
        <int>3</int>
        <int>0</int>
        <int>0</int>
        <int>0</int>
        <int>0</int>
        <int>0</int>
        <int>0</int>
        <int>0</int>
      </Slots>
      <SpellcastingID>CLERIC</SpellcastingID>
    </SpellSlotsFeature>
    <SpellSlotsFeature>
      <Keywords />
      <Name>Spell slots</Name>
      <Text>1st: 4, 2nd: 3, 3rd: 2</Text>
      <Level>5</Level>
      <Hidden>true</Hidden>
      <Prerequisite />
      <Slots>
        <int>4</int>
        <int>3</int>
        <int>2</int>
        <int>0</int>
        <int>0</int>
        <int>0</int>
        <int>0</int>
        <int>0</int>
        <int>0</int>
      </Slots>
      <SpellcastingID>CLERIC</SpellcastingID>
    </SpellSlotsFeature>
    <SpellSlotsFeature>
      <Keywords />
      <Name>Spell slots</Name>
      <Text>1st: 4, 2nd: 3, 3rd: 3</Text>
      <Level>6</Level>
      <Hidden>true</Hidden>
      <Prerequisite />
      <Slots>
        <int>4</int>
        <int>3</int>
        <int>3</int>
        <int>0</int>
        <int>0</int>
        <int>0</int>
        <int>0</int>
        <int>0</int>
        <int>0</int>
      </Slots>
      <SpellcastingID>CLERIC</SpellcastingID>
    </SpellSlotsFeature>
    <SpellSlotsFeature>
      <Keywords />
      <Name>Spell slots</Name>
      <Text>1st: 4, 2nd: 3, 3rd: 3, 4th: 1</Text>
      <Level>7</Level>
      <Hidden>true</Hidden>
      <Prerequisite />
      <Slots>
        <int>4</int>
        <int>3</int>
        <int>3</int>
        <int>1</int>
        <int>0</int>
        <int>0</int>
        <int>0</int>
        <int>0</int>
        <int>0</int>
      </Slots>
      <SpellcastingID>CLERIC</SpellcastingID>
    </SpellSlotsFeature>
    <SpellSlotsFeature>
      <Keywords />
      <Name>Spell slots</Name>
      <Text>1st: 4, 2nd: 3, 3rd: 3, 4th: 2</Text>
      <Level>8</Level>
      <Hidden>true</Hidden>
      <Prerequisite />
      <Slots>
        <int>4</int>
        <int>3</int>
        <int>3</int>
        <int>2</int>
        <int>0</int>
        <int>0</int>
        <int>0</int>
        <int>0</int>
        <int>0</int>
      </Slots>
      <SpellcastingID>CLERIC</SpellcastingID>
    </SpellSlotsFeature>
    <SpellSlotsFeature>
      <Keywords />
      <Name>Spell slots</Name>
      <Text>1st: 4, 2nd: 3, 3rd: 3, 4th: 3, 5th: 1</Text>
      <Level>9</Level>
      <Hidden>true</Hidden>
      <Prerequisite />
      <Slots>
        <int>4</int>
        <int>3</int>
        <int>3</int>
        <int>3</int>
        <int>1</int>
        <int>0</int>
        <int>0</int>
        <int>0</int>
        <int>0</int>
      </Slots>
      <SpellcastingID>CLERIC</SpellcastingID>
    </SpellSlotsFeature>
    <SpellSlotsFeature>
      <Keywords />
      <Name>Spell slots</Name>
      <Text>1st: 4, 2nd: 3, 3rd: 3, 4th: 3, 5th: 2</Text>
      <Level>10</Level>
      <Hidden>true</Hidden>
      <Prerequisite />
      <Slots>
        <int>4</int>
        <int>3</int>
        <int>3</int>
        <int>3</int>
        <int>2</int>
        <int>0</int>
        <int>0</int>
        <int>0</int>
        <int>0</int>
      </Slots>
      <SpellcastingID>CLERIC</SpellcastingID>
    </SpellSlotsFeature>
    <SpellSlotsFeature>
      <Keywords />
      <Name>Spell slots</Name>
      <Text>1st: 4, 2nd: 3, 3rd: 3, 4th: 3, 5th: 2, 6th: 1</Text>
      <Level>11</Level>
      <Hidden>true</Hidden>
      <Prerequisite />
      <Slots>
        <int>4</int>
        <int>3</int>
        <int>3</int>
        <int>3</int>
        <int>2</int>
        <int>1</int>
        <int>0</int>
        <int>0</int>
        <int>0</int>
      </Slots>
      <SpellcastingID>CLERIC</SpellcastingID>
    </SpellSlotsFeature>
    <SpellSlotsFeature>
      <Keywords />
      <Name>Spell slots</Name>
      <Text>1st: 4, 2nd: 3, 3rd: 3, 4th: 3, 5th: 2, 6th: 1, 7th: 1</Text>
      <Level>13</Level>
      <Hidden>true</Hidden>
      <Prerequisite />
      <Slots>
        <int>4</int>
        <int>3</int>
        <int>3</int>
        <int>3</int>
        <int>2</int>
        <int>1</int>
        <int>1</int>
        <int>0</int>
        <int>0</int>
      </Slots>
      <SpellcastingID>CLERIC</SpellcastingID>
    </SpellSlotsFeature>
    <SpellSlotsFeature>
      <Keywords />
      <Name>Spell slots</Name>
      <Text>1st: 4, 2nd: 3, 3rd: 3, 4th: 3, 5th: 2, 6th: 1, 7th: 1, 8th: 1</Text>
      <Level>15</Level>
      <Hidden>true</Hidden>
      <Prerequisite />
      <Slots>
        <int>4</int>
        <int>3</int>
        <int>3</int>
        <int>3</int>
        <int>2</int>
        <int>1</int>
        <int>1</int>
        <int>1</int>
        <int>0</int>
      </Slots>
      <SpellcastingID>CLERIC</SpellcastingID>
    </SpellSlotsFeature>
    <SpellSlotsFeature>
      <Keywords />
      <Name>Spell slots</Name>
      <Text>1st: 4, 2nd: 3, 3rd: 3, 4th: 3, 5th: 2, 6th: 1, 7th: 1, 8th: 1, 9th: 1</Text>
      <Level>17</Level>
      <Hidden>true</Hidden>
      <Prerequisite />
      <Slots>
        <int>4</int>
        <int>3</int>
        <int>3</int>
        <int>3</int>
        <int>2</int>
        <int>1</int>
        <int>1</int>
        <int>1</int>
        <int>1</int>
      </Slots>
      <SpellcastingID>CLERIC</SpellcastingID>
    </SpellSlotsFeature>
    <SpellSlotsFeature>
      <Keywords />
      <Name>Spell slots</Name>
      <Text>1st: 4, 2nd: 3, 3rd: 3, 4th: 3, 5th: 3, 6th: 1, 7th: 1, 8th: 1, 9th: 1</Text>
      <Level>18</Level>
      <Hidden>true</Hidden>
      <Prerequisite />
      <Slots>
        <int>4</int>
        <int>3</int>
        <int>3</int>
        <int>3</int>
        <int>3</int>
        <int>1</int>
        <int>1</int>
        <int>1</int>
        <int>1</int>
      </Slots>
      <SpellcastingID>CLERIC</SpellcastingID>
    </SpellSlotsFeature>
    <SpellSlotsFeature>
      <Keywords />
      <Name>Spell slots</Name>
      <Text>1st: 4, 2nd: 3, 3rd: 3, 4th: 3, 5th: 3, 6th: 2, 7th: 1, 8th: 1, 9th: 1</Text>
      <Level>19</Level>
      <Hidden>true</Hidden>
      <Prerequisite />
      <Slots>
        <int>4</int>
        <int>3</int>
        <int>3</int>
        <int>3</int>
        <int>3</int>
        <int>2</int>
        <int>1</int>
        <int>1</int>
        <int>1</int>
      </Slots>
      <SpellcastingID>CLERIC</SpellcastingID>
    </SpellSlotsFeature>
    <SpellSlotsFeature>
      <Keywords />
      <Name>Spell slots</Name>
      <Text>1st: 4, 2nd: 3, 3rd: 3, 4th: 3, 5th: 3, 6th: 2, 7th: 2, 8th: 1, 9th: 1</Text>
      <Level>20</Level>
      <Hidden>true</Hidden>
      <Prerequisite />
      <Slots>
        <int>4</int>
        <int>3</int>
        <int>3</int>
        <int>3</int>
        <int>3</int>
        <int>2</int>
        <int>2</int>
        <int>1</int>
        <int>1</int>
      </Slots>
      <SpellcastingID>CLERIC</SpellcastingID>
    </SpellSlotsFeature>
    <Feature>
      <Keywords />
      <Name>Ritual Casting</Name>
      <Text>You can cast a cleric spell as a ritual if that spell has the ritual tag and you have the spell prepared.</Text>
      <Level>1</Level>
      <Hidden>false</Hidden>
      <Prerequisite />
    </Feature>
    <Feature>
      <Keywords />
      <Name>Spellcasting Focus</Name>
      <Text>You can use a holy symbol (see “Equipment”) as a spellcasting focus for your cleric spells.</Text>
      <Level>1</Level>
      <Hidden>false</Hidden>
      <Prerequisite />
    </Feature>
    <SubClassFeature>
      <Keywords />
      <Name>Divine Domain</Name>
      <Text>Choose one domain related to your deity, such as Life.
Each domain is detailed at the end of the class description, and each one provides examples of gods associated with it.
Your choice grants you domain spells and other features when you choose it at 1st level.
It also grants you additional ways to use Channel Divinity when you gain that feature at 2nd level, and additional benefits at 6th, 8th, and 17th levels.</Text>
      <Level>1</Level>
      <Hidden>true</Hidden>
      <Prerequisite />
      <ParentClass>Cleric</ParentClass>
    </SubClassFeature>
    <Feature>
      <Keywords />
      <Name>Domain Spells</Name>
      <Text>Each domain has a list of spells—its domain spells— that you gain at the cleric levels noted in the domain description.
Once you gain a domain spell, you always have it prepared, and it doesn’t count against the number of spells you can prepare each day.
If you have a domain spell that doesn’t appear on the cleric spell list, the spell is nonetheless a cleric spell for you.</Text>
      <Level>1</Level>
      <Hidden>true</Hidden>
      <Prerequisite />
    </Feature>
    <ResourceFeature>
      <Keywords />
      <Name>Channel Divinity</Name>
      <Text>At 2nd level, you gain the ability to channel divine energy directly from your deity, using that energy to fuel magical effects. You start with two such effects: Turn Undead and an effect determined by your domain. Some domains grant you additional effects as you advance in levels, as noted in the domain description.
When you use your Channel Divinity, you choose which effect to create. You must then finish a short or long rest to use your Channel Divinity again.
Some Channel Divinity effects require saving throws. When you use such an effect from this class, the DC equals your cleric spell save DC.
Beginning at 6th level, you can use your Channel Divinity twice between rests, and beginning at 18th level, you can use it three times between rests. When you finish a short or long rest, you regain your expended uses.</Text>
      <Level>2</Level>
      <Hidden>false</Hidden>
      <Prerequisite />
      <ValueBonus>None</ValueBonus>
      <Value>1</Value>
      <ResourceID>CLERIC_CHANNELDIVINITY</ResourceID>
      <Recharge>ShortRest</Recharge>
      <ExclusionID>CHANNEL_DIVINITY</ExclusionID>
    </ResourceFeature>
    <ResourceFeature>
      <Keywords />
      <Name />
      <Text />
      <Level>6</Level>
      <Hidden>true</Hidden>
      <Prerequisite />
      <ValueBonus>None</ValueBonus>
      <Value>1</Value>
      <ResourceID>CLERIC_CHANNELDIVINITY</ResourceID>
      <Recharge>ShortRest</Recharge>
      <ExclusionID>CHANNEL_DIVINITY</ExclusionID>
    </ResourceFeature>
    <ResourceFeature>
      <Keywords />
      <Name />
      <Text />
      <Level>18</Level>
      <Hidden>true</Hidden>
      <Prerequisite />
      <ValueBonus>None</ValueBonus>
      <Value>1</Value>
      <ResourceID>CLERIC_CHANNELDIVINITY</ResourceID>
      <Recharge>ShortRest</Recharge>
      <ExclusionID>CHANNEL_DIVINITY</ExclusionID>
    </ResourceFeature>
    <Feature>
      <Keywords />
      <Name>Channel Divinity: Turn Undead</Name>
      <Text>As an action, you present your holy symbol and speak a prayer censuring the undead.
Each undead that can see or hear you within 30 feet of you must make a Wisdom saving throw.
If the creature fails its saving throw, it is turned for 1 minute or until it takes any damage.
A turned creature must spend its turns trying to move as far away from you as it can, and it can’t willingly move to a space within 30 feet of you.
It also can’t take reactions.
For its action, it can use only the Dash action or try to escape from an effect that prevents it from moving.
If there’s nowhere to move, the creature can use the Dodge action.</Text>
      <Level>2</Level>
      <Hidden>false</Hidden>
      <Prerequisite />
    </Feature>
    <AbilityScoreFeatFeature>
      <Keywords />
      <Name>Ability Score Improvement</Name>
      <Text>When you reach 4th level, and again at 8th, 12th, 16th, and 19th level, you can increase one ability score of your choice by 2, or you can increase two ability scores of your choice by 1. As normal, you can’t increase an ability score above 20 using this feature. </Text>
      <Level>4</Level>
      <Hidden>true</Hidden>
      <Prerequisite />
      <UniqueID>CLERIC_ABILITY</UniqueID>
    </AbilityScoreFeatFeature>
    <AbilityScoreFeatFeature>
      <Keywords />
      <Name />
      <Text />
      <Level>8</Level>
      <Hidden>true</Hidden>
      <Prerequisite />
      <UniqueID>CLERIC_ABILITY</UniqueID>
    </AbilityScoreFeatFeature>
    <AbilityScoreFeatFeature>
      <Keywords />
      <Name />
      <Text />
      <Level>12</Level>
      <Hidden>true</Hidden>
      <Prerequisite />
      <UniqueID>CLERIC_ABILITY</UniqueID>
    </AbilityScoreFeatFeature>
    <AbilityScoreFeatFeature>
      <Keywords />
      <Name />
      <Text />
      <Level>16</Level>
      <Hidden>true</Hidden>
      <Prerequisite />
      <UniqueID>CLERIC_ABILITY</UniqueID>
    </AbilityScoreFeatFeature>
    <AbilityScoreFeatFeature>
      <Keywords />
      <Name />
      <Text />
      <Level>19</Level>
      <Hidden>true</Hidden>
      <Prerequisite />
      <UniqueID>CLERIC_ABILITY</UniqueID>
    </AbilityScoreFeatFeature>
    <Feature>
      <Keywords />
      <Name>Destroy Undead</Name>
      <Text>Starting at 5th level, when an undead fails its saving throw against your Turn Undead feature, the creature is instantly destroyed if its challenge rating is at or below a certain threshold, as shown in the Destroy Undead table.
5th: 1/2 or lower 
8th: 1 or lower 
11th: 2 or lower 
14th: 3 or lower 
17th: 4 or lower </Text>
      <Level>5</Level>
      <Hidden>false</Hidden>
      <Prerequisite />
    </Feature>
    <ResourceFeature>
      <Keywords />
      <Name>Divine Intervention</Name>
      <Text>Beginning at 10th level, you can call on your deity to intervene on your behalf when your need is great.
Imploring your deity’s aid requires you to use your action.
Describe the assistance you seek, and roll percentile dice.
If you roll a number equal to or lower than your cleric level, your deity intervenes.
The GM chooses the nature of the intervention; the effect of any cleric spell or cleric domain spell would be appropriate.
If your deity intervenes, you can’t use this feature again for 7 days.
Otherwise, you can use it again after you finish a long rest.
At 20th level, your call for intervention succeeds automatically, no roll required </Text>
      <Level>10</Level>
      <Hidden>false</Hidden>
      <Prerequisite />
      <ValueBonus>None</ValueBonus>
      <Value>1</Value>
      <ResourceID>CLERIC_INTERVENTION</ResourceID>
      <Recharge>Unmodified</Recharge>
      <ExclusionID />
    </ResourceFeature>
  </Features>
  <MulticlassingSpellLevels>
    <int>1</int>
    <int>2</int>
    <int>3</int>
    <int>4</int>
    <int>5</int>
    <int>6</int>
    <int>7</int>
    <int>8</int>
    <int>9</int>
    <int>10</int>
    <int>11</int>
    <int>12</int>
    <int>13</int>
    <int>14</int>
    <int>15</int>
    <int>16</int>
    <int>17</int>
    <int>18</int>
    <int>19</int>
    <int>20</int>
  </MulticlassingSpellLevels>
  <MulticlassingFeatures>
    <ToolKWProficiencyFeature>
      <Keywords />
      <Name>Multiclassing Proficiencies</Name>
      <Text>Light armor, medium armor, shields</Text>
      <Level>1</Level>
      <Hidden>true</Hidden>
      <Prerequisite />
      <Condition>(Armor and Light) or (Armor and Medium) or Shield</Condition>
      <Description>Light armor, medium armor, shields</Description>
    </ToolKWProficiencyFeature>
  </MulticlassingFeatures>
  <FirstClassFeatures>
    <ToolKWProficiencyFeature>
      <Keywords />
      <Name>Armor</Name>
      <Text>Light armor, medium armor, shields</Text>
      <Level>1</Level>
      <Hidden>true</Hidden>
      <Prerequisite />
      <Condition>(Armor and (Light or Medium)) or Shield</Condition>
      <Description>Light armor, medium armor, shields</Description>
    </ToolKWProficiencyFeature>
    <ToolKWProficiencyFeature>
      <Keywords />
      <Name>Weapons</Name>
      <Text>All simple weapons</Text>
      <Level>1</Level>
      <Hidden>true</Hidden>
      <Prerequisite />
      <Condition>Simple and Weapon</Condition>
      <Description>Simple weapons</Description>
    </ToolKWProficiencyFeature>
    <SaveProficiencyFeature>
      <Keywords />
      <Name>Saving Throws</Name>
      <Text>Wisdom, Charisma</Text>
      <Level>1</Level>
      <Hidden>true</Hidden>
      <Prerequisite />
      <Ability>Wisdom Charisma</Ability>
    </SaveProficiencyFeature>
    <SkillProficiencyChoiceFeature>
      <Keywords />
      <Name>Skills</Name>
      <Text>Choose two from History, Insight, Medicine, Persuasion, and Religion</Text>
      <Level>1</Level>
      <Hidden>true</Hidden>
      <Prerequisite />
      <Skills>
        <string>History</string>
        <string>Insight</string>
        <string>Medicine</string>
        <string>Persuasion</string>
        <string>Religion</string>
      </Skills>
      <Amount>2</Amount>
      <ProficiencyMultiplier>1</ProficiencyMultiplier>
      <OnlyAlreadyKnownSkills>false</OnlyAlreadyKnownSkills>
      <UniqueID>CLERIC_SKILLS</UniqueID>
    </SkillProficiencyChoiceFeature>
    <ItemChoiceFeature>
      <Keywords />
      <Name>Equipment</Name>
      <Text>(a) a mace or (b) a warhammer (if proficient)</Text>
      <Level>1</Level>
      <Hidden>true</Hidden>
      <Items>
        <string>Mace</string>
        <string>Warhammer</string>
      </Items>
      <CP>0</CP>
      <SP>0</SP>
      <GP>0</GP>
      <Amount>1</Amount>
      <UniqueID>CLERIC_EQUIP1</UniqueID>
    </ItemChoiceFeature>
    <ItemChoiceFeature>
      <Keywords />
      <Name>Equipment</Name>
      <Text>(a) scale mail, (b) leather armor, or (c) chain mail (if proficient)</Text>
      <Level>1</Level>
      <Hidden>true</Hidden>
      <Items>
        <string>Scale Mail</string>
        <string>Leather</string>
        <string>Chain Mail</string>
      </Items>
      <CP>0</CP>
      <SP>0</SP>
      <GP>0</GP>
      <Amount>1</Amount>
      <UniqueID>CLERIC_EQUIP2</UniqueID>
    </ItemChoiceFeature>
    <ChoiceFeature>
      <Keywords />
      <Name>Equipment</Name>
      <Text>(a) a light crossbow and 20 bolts or (b) any simple weapon</Text>
      <Level>1</Level>
      <Hidden>true</Hidden>
      <Prerequisite />
      <Choices>
        <FreeItemAndGoldFeature>
          <Keywords />
          <Name>A light crossbow and 20 bolts</Name>
          <Text />
          <Level>1</Level>
          <Hidden>true</Hidden>
          <Items>
            <string>Crossbow, Light</string>
            <string>Crossbow Bolts</string>
          </Items>
          <CP>0</CP>
          <SP>0</SP>
          <GP>0</GP>
        </FreeItemAndGoldFeature>
        <ItemChoiceConditionFeature>
          <Keywords />
          <Name>Any simple weapon</Name>
          <Text />
          <Level>1</Level>
          <Hidden>true</Hidden>
          <Prerequisite />
          <Amount>1</Amount>
          <UniqueID>CLERIC_EQUIP3b</UniqueID>
          <Condition>Simple and Weapon</Condition>
        </ItemChoiceConditionFeature>
      </Choices>
      <Amount>1</Amount>
      <UniqueID>CLERIC_EQUIP3</UniqueID>
      <AllowSameChoice>false</AllowSameChoice>
    </ChoiceFeature>
    <ItemChoiceFeature>
      <Keywords />
      <Name>Equipment</Name>
      <Text>(a) a priest’s pack or (b) an explorer’s pack</Text>
      <Level>1</Level>
      <Hidden>true</Hidden>
      <Items>
        <string>priest’s pack</string>
        <string>explorer’s pack</string>
      </Items>
      <CP>0</CP>
      <SP>0</SP>
      <GP>0</GP>
      <Amount>1</Amount>
      <UniqueID>CLERIC_EQUIP4</UniqueID>
    </ItemChoiceFeature>
    <FreeItemAndGoldFeature>
      <Keywords />
      <Name>Equipment</Name>
      <Text>A shield</Text>
      <Level>1</Level>
      <Hidden>true</Hidden>
      <Items>
        <string>Shield</string>
      </Items>
      <CP>0</CP>
      <SP>0</SP>
      <GP>0</GP>
    </FreeItemAndGoldFeature>
    <ItemChoiceConditionFeature>
      <Keywords />
      <Name>Equipment</Name>
      <Text>A holy symbol</Text>
      <Level>1</Level>
      <Hidden>true</Hidden>
      <Prerequisite />
      <Amount>1</Amount>
      <UniqueID>CLERIC_HOLY_SYMBOL</UniqueID>
      <Condition>Divine and Focus</Condition>
    </ItemChoiceConditionFeature>
  </FirstClassFeatures>
  <MulticlassingAbilityScores>Wisdom</MulticlassingAbilityScores>
  <FeaturesToAddClassKeywordTo />
  <SpellsToAddClassKeywordTo>
    <string>Guidance</string>
    <string>Light</string>
    <string>Mending</string>
    <string>Resistance</string>
    <string>Sacred Flame</string>
    <string>Spare the Dying</string>
    <string>Thaumaturgy</string>
    <string>Bane</string>
    <string>Bless</string>
    <string>Command</string>
    <string>Create or Destroy Water</string>
    <string>Cure Wounds</string>
    <string>Detect Evil and Good</string>
    <string>Detect Magic</string>
    <string>Detect Poison and Disease</string>
    <string>Guiding Bolt</string>
    <string>Healing Word</string>
    <string>Inflict Wounds</string>
    <string>Protection from Evil and Good</string>
    <string>Purify Food and Drink</string>
    <string>Sanctuary</string>
    <string>Shield of Faith</string>
    <string>Aid</string>
    <string>Augury</string>
    <string>Blindness/Deafness</string>
    <string>Calm Emotions</string>
    <string>Continual Flame</string>
    <string>Enhance Ability</string>
    <string>Find Traps</string>
    <string>Gentle Repose</string>
    <string>Hold Person</string>
    <string>Lesser Restoration</string>
    <string>Locate Object</string>
    <string>Prayer of Healing</string>
    <string>Protection from Poison</string>
    <string>Silence</string>
    <string>Spiritual Weapon</string>
    <string>Warding Bond</string>
    <string>Zone of Truth</string>
    <string>Animate Dead</string>
    <string>Beacon of Hope</string>
    <string>Bestow Curse</string>
    <string>Clairvoyance</string>
    <string>Create Food and Water</string>
    <string>Daylight</string>
    <string>Dispel Magic</string>
    <string>Glyph of Warding</string>
    <string>Magic Circle</string>
    <string>Mass Healing Word</string>
    <string>Meld into Stone</string>
    <string>Protection from Energy</string>
    <string>Remove Curse</string>
    <string>Revivify</string>
    <string>Sending</string>
    <string>Speak with Dead</string>
    <string>Spirit Guardians</string>
    <string>Tongues</string>
    <string>Water Walk</string>
    <string>Banishment</string>
    <string>Control Water</string>
    <string>Death Ward</string>
    <string>Divination</string>
    <string>Freedom of Movement</string>
    <string>Guardian of Faith</string>
    <string>Locate Creature</string>
    <string>Stone Shape</string>
    <string>Commune</string>
    <string>Contagion</string>
    <string>Dispel Evil and Good</string>
    <string>Flame Strike</string>
    <string>Geas</string>
    <string>Greater Restoration</string>
    <string>Hallow</string>
    <string>Insect Plague</string>
    <string>Legend Lore</string>
    <string>Mass Cure Wounds</string>
    <string>Planar Binding</string>
    <string>Raise Dead</string>
    <string>Scrying</string>
    <string>Blade Barrier</string>
    <string>Create Undead</string>
    <string>Find the Path</string>
    <string>Forbiddance</string>
    <string>Harm</string>
    <string>Heal</string>
    <string>Heroes’ Feast</string>
    <string>Planar Ally</string>
    <string>True Seeing</string>
    <string>Word of Recall</string>
    <string>Conjure Celestial</string>
    <string>Divine Word</string>
    <string>Etherealness</string>
    <string>Fire Storm</string>
    <string>Plane Shift</string>
    <string>Regenerate</string>
    <string>Resurrection</string>
    <string>Symbol</string>
    <string>Antimagic Field</string>
    <string>Control Weather</string>
    <string>Earthquake</string>
    <string>Holy Aura</string>
    <string>Astral Projection</string>
    <string>Gate</string>
    <string>Mass Heal</string>
    <string>True Resurrection</string>
  </SpellsToAddClassKeywordTo>
  <Name>Cleric</Name>
  <Descriptions>
    <Description>
      <Name>Class Features</Name>
      <Text>As a cleric, you gain the following class features.</Text>
    </Description>
  </Descriptions>
  <HitDie>8</HitDie>
  <HPFirstLevel>8</HPFirstLevel>
  <AverageHPPerLevel>5</AverageHPPerLevel>
  <Source>Systems Reference Document v5.1</Source>
  <MulticlassingCondition>Wisdom &gt;= 13</MulticlassingCondition>
</ClassDefinition>