<?xml version="1.0" encoding="utf-8"?>
<ClassDefinition xmlns:xsi="http://www.w3.org/2001/XMLSchema-instance" xmlns:xsd="http://www.w3.org/2001/XMLSchema">
  <Features>
    <LanguageProficiencyFeature>
      <Keywords />
      <Name>Druidic</Name>
      <Text>You know Druidic, the secret language of druids. You can speak the language and use it to leave hidden messages. You and others who know this language automatically spot such a message. Others spot the message’s presence with a successful DC 15 Wisdom (Perception) check but can’t decipher it without magic.
</Text>
      <Level>1</Level>
      <Hidden>false</Hidden>
      <Prerequisite />
      <Languages>
        <string>Druidic</string>
      </Languages>
    </LanguageProficiencyFeature>
    <SpellcastingFeature>
      <Keywords />
      <Name>Spellcasting</Name>
      <Text>Drawing on the divine essence of nature itself, you can cast spells to shape that essence to your will.</Text>
      <Level>1</Level>
      <Hidden>false</Hidden>
      <Prerequisite />
      <Preparation>ClassList</Preparation>
      <SpellcastingID>DRUID</SpellcastingID>
      <PrepareableSpells>Druid and !Cantrip and Level &lt;= ClassSpellLevel</PrepareableSpells>
      <OverwrittenByMulticlassing>true</OverwrittenByMulticlassing>
      <IgnoreMulticlassing>false</IgnoreMulticlassing>
      <DisplayName>Druid</DisplayName>
      <PrepareCountAdditionalModifier>None</PrepareCountAdditionalModifier>
      <SpellcastingAbility>Wisdom</SpellcastingAbility>
      <PrepareCountPerClassLevel>0</PrepareCountPerClassLevel>
      <PrepareCountAdditional>0</PrepareCountAdditional>
      <PrepareCount>Max(WisMod + ClassLevel, 1)</PrepareCount>
      <PreparationChange>LongRest</PreparationChange>
    </SpellcastingFeature>
    <SpellChoiceFeature>
      <Keywords />
      <Name>Cantrips</Name>
      <Text>At 1st level, you know two cantrips of your choice from the druid spell list.
You learn additional druid cantrips of your choice at higher levels, as shown in the Cantrips Known column of the Druid table.</Text>
      <Level>1</Level>
      <Hidden>true</Hidden>
      <Prerequisite />
      <KeywordsToAdd />
      <AvailableSpellChoices>Druid and Cantrip</AvailableSpellChoices>
      <SpellcastingID>DRUID</SpellcastingID>
      <UniqueID>DRUID_CANTRIP</UniqueID>
      <AddTo>LearnSpells</AddTo>
      <Amount>2</Amount>
    </SpellChoiceFeature>
    <IncreaseSpellChoiceAmountFeature>
      <Keywords />
      <Name>Cantrips</Name>
      <Text>One additional Cantrip</Text>
      <Level>4</Level>
      <Hidden>true</Hidden>
      <Prerequisite />
      <UniqueID>DRUID_CANTRIP</UniqueID>
      <Amount>1</Amount>
    </IncreaseSpellChoiceAmountFeature>
    <IncreaseSpellChoiceAmountFeature>
      <Keywords />
      <Name>Cantrips</Name>
      <Text>One additional Cantrip</Text>
      <Level>10</Level>
      <Hidden>true</Hidden>
      <Prerequisite />
      <UniqueID>DRUID_CANTRIP</UniqueID>
      <Amount>1</Amount>
    </IncreaseSpellChoiceAmountFeature>
    <Feature>
      <Keywords />
      <Name>Preparing and Casting Spells</Name>
      <Text>The Druid table shows how many spell slots you have to cast your spells of 1st level and higher.
To cast one of these druid spells, you must expend a slot of the spell’s level or higher.
You regain all expended spell slots when you finish a long rest.
You prepare the list of druid spells that are available for you to cast, choosing from the druid spell list.
When you do so, choose a number of druid spells equal to your Wisdom modifier + your druid level (minimum of one spell).
The spells must be of a level for which you have spell slots.
For example, if you are a 3rd-level druid, you have four 1st-level and two 2nd-level spell slots.
With a Wisdom of 16, your list of prepared spells can include six spells of 1st or 2nd level, in any combination.
If you prepare the 1st-level spell cure wounds, you can cast it using a 1st-level or 2nd-level slot.
Casting the spell doesn’t remove it from your list of prepared spells.
You can also change your list of prepared spells when you finish a long rest.
Preparing a new list of druid spells requires time spent in prayer and meditation: at least 1 minute per spell level for each spell on your list.</Text>
      <Level>1</Level>
      <Hidden>false</Hidden>
      <Prerequisite />
    </Feature>
    <Feature>
      <Keywords />
      <Name>Spellcasting Ability</Name>
      <Text>Wisdom is your spellcasting ability for your druid spells, since your magic draws upon your devotion and attunement to nature.
You use your Wisdom whenever a spell refers to your spellcasting ability.
In addition, you use your Wisdom modifier when setting the saving throw DC for a druid spell you cast and when making an attack roll with one.
Spell save DC = 8 + your proficiency bonus + your Wisdom modifier Spell attack modifier = your proficiency bonus + your Wisdom modifier</Text>
      <Level>1</Level>
      <Hidden>true</Hidden>
      <Prerequisite />
    </Feature>
    <SpellSlotsFeature>
      <Keywords />
      <Name>Spell slots</Name>
      <Text>1st: 2</Text>
      <Level>1</Level>
      <Hidden>true</Hidden>
      <Prerequisite />
      <Slots>
        <int>2</int>
        <int>0</int>
        <int>0</int>
        <int>0</int>
        <int>0</int>
        <int>0</int>
        <int>0</int>
        <int>0</int>
        <int>0</int>
      </Slots>
      <SpellcastingID>DRUID</SpellcastingID>
    </SpellSlotsFeature>
    <SpellSlotsFeature>
      <Keywords />
      <Name>Spell slots</Name>
      <Text>1st: 3</Text>
      <Level>2</Level>
      <Hidden>true</Hidden>
      <Prerequisite />
      <Slots>
        <int>3</int>
        <int>0</int>
        <int>0</int>
        <int>0</int>
        <int>0</int>
        <int>0</int>
        <int>0</int>
        <int>0</int>
        <int>0</int>
      </Slots>
      <SpellcastingID>DRUID</SpellcastingID>
    </SpellSlotsFeature>
    <SpellSlotsFeature>
      <Keywords />
      <Name>Spell slots</Name>
      <Text>1st: 4, 2nd: 2</Text>
      <Level>3</Level>
      <Hidden>true</Hidden>
      <Prerequisite />
      <Slots>
        <int>4</int>
        <int>2</int>
        <int>0</int>
        <int>0</int>
        <int>0</int>
        <int>0</int>
        <int>0</int>
        <int>0</int>
        <int>0</int>
      </Slots>
      <SpellcastingID>DRUID</SpellcastingID>
    </SpellSlotsFeature>
    <SpellSlotsFeature>
      <Keywords />
      <Name>Spell slots</Name>
      <Text>1st: 4, 2nd: 3</Text>
      <Level>4</Level>
      <Hidden>true</Hidden>
      <Prerequisite />
      <Slots>
        <int>4</int>
        <int>3</int>
        <int>0</int>
        <int>0</int>
        <int>0</int>
        <int>0</int>
        <int>0</int>
        <int>0</int>
        <int>0</int>
      </Slots>
      <SpellcastingID>DRUID</SpellcastingID>
    </SpellSlotsFeature>
    <SpellSlotsFeature>
      <Keywords />
      <Name>Spell slots</Name>
      <Text>1st: 4, 2nd: 3, 3rd: 2</Text>
      <Level>5</Level>
      <Hidden>true</Hidden>
      <Prerequisite />
      <Slots>
        <int>4</int>
        <int>3</int>
        <int>2</int>
        <int>0</int>
        <int>0</int>
        <int>0</int>
        <int>0</int>
        <int>0</int>
        <int>0</int>
      </Slots>
      <SpellcastingID>DRUID</SpellcastingID>
    </SpellSlotsFeature>
    <SpellSlotsFeature>
      <Keywords />
      <Name>Spell slots</Name>
      <Text>1st: 4, 2nd: 3, 3rd: 3</Text>
      <Level>6</Level>
      <Hidden>true</Hidden>
      <Prerequisite />
      <Slots>
        <int>4</int>
        <int>3</int>
        <int>3</int>
        <int>0</int>
        <int>0</int>
        <int>0</int>
        <int>0</int>
        <int>0</int>
        <int>0</int>
      </Slots>
      <SpellcastingID>DRUID</SpellcastingID>
    </SpellSlotsFeature>
    <SpellSlotsFeature>
      <Keywords />
      <Name>Spell slots</Name>
      <Text>1st: 4, 2nd: 3, 3rd: 3, 4th: 1</Text>
      <Level>7</Level>
      <Hidden>true</Hidden>
      <Prerequisite />
      <Slots>
        <int>4</int>
        <int>3</int>
        <int>3</int>
        <int>1</int>
        <int>0</int>
        <int>0</int>
        <int>0</int>
        <int>0</int>
        <int>0</int>
      </Slots>
      <SpellcastingID>DRUID</SpellcastingID>
    </SpellSlotsFeature>
    <SpellSlotsFeature>
      <Keywords />
      <Name>Spell slots</Name>
      <Text>1st: 4, 2nd: 3, 3rd: 3, 4th: 2</Text>
      <Level>8</Level>
      <Hidden>true</Hidden>
      <Prerequisite />
      <Slots>
        <int>4</int>
        <int>3</int>
        <int>3</int>
        <int>2</int>
        <int>0</int>
        <int>0</int>
        <int>0</int>
        <int>0</int>
        <int>0</int>
      </Slots>
      <SpellcastingID>DRUID</SpellcastingID>
    </SpellSlotsFeature>
    <SpellSlotsFeature>
      <Keywords />
      <Name>Spell slots</Name>
      <Text>1st: 4, 2nd: 3, 3rd: 3, 4th: 3, 5th: 1</Text>
      <Level>9</Level>
      <Hidden>true</Hidden>
      <Prerequisite />
      <Slots>
        <int>4</int>
        <int>3</int>
        <int>3</int>
        <int>3</int>
        <int>1</int>
        <int>0</int>
        <int>0</int>
        <int>0</int>
        <int>0</int>
      </Slots>
      <SpellcastingID>DRUID</SpellcastingID>
    </SpellSlotsFeature>
    <SpellSlotsFeature>
      <Keywords />
      <Name>Spell slots</Name>
      <Text>1st: 4, 2nd: 3, 3rd: 3, 4th: 3, 5th: 2</Text>
      <Level>10</Level>
      <Hidden>true</Hidden>
      <Prerequisite />
      <Slots>
        <int>4</int>
        <int>3</int>
        <int>3</int>
        <int>3</int>
        <int>2</int>
        <int>0</int>
        <int>0</int>
        <int>0</int>
        <int>0</int>
      </Slots>
      <SpellcastingID>DRUID</SpellcastingID>
    </SpellSlotsFeature>
    <SpellSlotsFeature>
      <Keywords />
      <Name>Spell slots</Name>
      <Text>1st: 4, 2nd: 3, 3rd: 3, 4th: 3, 5th: 2, 6th: 1</Text>
      <Level>11</Level>
      <Hidden>true</Hidden>
      <Prerequisite />
      <Slots>
        <int>4</int>
        <int>3</int>
        <int>3</int>
        <int>3</int>
        <int>2</int>
        <int>1</int>
        <int>0</int>
        <int>0</int>
        <int>0</int>
      </Slots>
      <SpellcastingID>DRUID</SpellcastingID>
    </SpellSlotsFeature>
    <SpellSlotsFeature>
      <Keywords />
      <Name>Spell slots</Name>
      <Text>1st: 4, 2nd: 3, 3rd: 3, 4th: 3, 5th: 2, 6th: 1, 7th: 1</Text>
      <Level>13</Level>
      <Hidden>true</Hidden>
      <Prerequisite />
      <Slots>
        <int>4</int>
        <int>3</int>
        <int>3</int>
        <int>3</int>
        <int>2</int>
        <int>1</int>
        <int>1</int>
        <int>0</int>
        <int>0</int>
      </Slots>
      <SpellcastingID>DRUID</SpellcastingID>
    </SpellSlotsFeature>
    <SpellSlotsFeature>
      <Keywords />
      <Name>Spell slots</Name>
      <Text>1st: 4, 2nd: 3, 3rd: 3, 4th: 3, 5th: 2, 6th: 1, 7th: 1, 8th: 1</Text>
      <Level>15</Level>
      <Hidden>true</Hidden>
      <Prerequisite />
      <Slots>
        <int>4</int>
        <int>3</int>
        <int>3</int>
        <int>3</int>
        <int>2</int>
        <int>1</int>
        <int>1</int>
        <int>1</int>
        <int>0</int>
      </Slots>
      <SpellcastingID>DRUID</SpellcastingID>
    </SpellSlotsFeature>
    <SpellSlotsFeature>
      <Keywords />
      <Name>Spell slots</Name>
      <Text>1st: 4, 2nd: 3, 3rd: 3, 4th: 3, 5th: 2, 6th: 1, 7th: 1, 8th: 1, 9th: 1</Text>
      <Level>17</Level>
      <Hidden>true</Hidden>
      <Prerequisite />
      <Slots>
        <int>4</int>
        <int>3</int>
        <int>3</int>
        <int>3</int>
        <int>2</int>
        <int>1</int>
        <int>1</int>
        <int>1</int>
        <int>1</int>
      </Slots>
      <SpellcastingID>DRUID</SpellcastingID>
    </SpellSlotsFeature>
    <SpellSlotsFeature>
      <Keywords />
      <Name>Spell slots</Name>
      <Text>1st: 4, 2nd: 3, 3rd: 3, 4th: 3, 5th: 3, 6th: 1, 7th: 1, 8th: 1, 9th: 1</Text>
      <Level>18</Level>
      <Hidden>true</Hidden>
      <Prerequisite />
      <Slots>
        <int>4</int>
        <int>3</int>
        <int>3</int>
        <int>3</int>
        <int>3</int>
        <int>1</int>
        <int>1</int>
        <int>1</int>
        <int>1</int>
      </Slots>
      <SpellcastingID>DRUID</SpellcastingID>
    </SpellSlotsFeature>
    <SpellSlotsFeature>
      <Keywords />
      <Name>Spell slots</Name>
      <Text>1st: 4, 2nd: 3, 3rd: 3, 4th: 3, 5th: 3, 6th: 2, 7th: 1, 8th: 1, 9th: 1</Text>
      <Level>19</Level>
      <Hidden>true</Hidden>
      <Prerequisite />
      <Slots>
        <int>4</int>
        <int>3</int>
        <int>3</int>
        <int>3</int>
        <int>3</int>
        <int>2</int>
        <int>1</int>
        <int>1</int>
        <int>1</int>
      </Slots>
      <SpellcastingID>DRUID</SpellcastingID>
    </SpellSlotsFeature>
    <SpellSlotsFeature>
      <Keywords />
      <Name>Spell slots</Name>
      <Text>1st: 4, 2nd: 3, 3rd: 3, 4th: 3, 5th: 3, 6th: 2, 7th: 2, 8th: 1, 9th: 1</Text>
      <Level>20</Level>
      <Hidden>true</Hidden>
      <Prerequisite />
      <Slots>
        <int>4</int>
        <int>3</int>
        <int>3</int>
        <int>3</int>
        <int>3</int>
        <int>2</int>
        <int>2</int>
        <int>1</int>
        <int>1</int>
      </Slots>
      <SpellcastingID>DRUID</SpellcastingID>
    </SpellSlotsFeature>
    <Feature>
      <Keywords />
      <Name>Ritual Casting</Name>
      <Text>You can cast a druid spell as a ritual if that spell has the ritual tag and you have the spell prepared.</Text>
      <Level>1</Level>
      <Hidden>false</Hidden>
      <Prerequisite />
    </Feature>
    <Feature>
      <Keywords />
      <Name>Spellcasting Focus</Name>
      <Text>You can use a druidic focus (see “Equipment”) as a spellcasting focus for your druid spells.</Text>
      <Level>1</Level>
      <Hidden>false</Hidden>
      <Prerequisite />
    </Feature>
    <Feature>
      <Keywords />
      <Name>Wild Shape</Name>
      <Text>Starting at 2nd level, you can use your action to magically assume the shape of a beast that you have seen before.
You can use this feature twice.
You regain expended uses when you finish a short or long rest.
Your druid level determines the beasts you can transform into, as shown in the Beast Shapes table.
At 2nd level, for example, you can transform into any beast that has a challenge rating of 1/4 or lower that doesn’t have a flying or swimming speed.
Beast Shapes Level Max.
CR Limitations Example 
2nd 1/4 No flying or swimming speed Wolf 
4th 1/2 No flying speed Crocodile 
8th 1 — Giant eagle 
You can stay in a beast shape for a number of hours equal to half your druid level (rounded down).
You then revert to your normal form unless you expend another use of this feature.
You can revert to your normal form earlier by using a bonus action on your turn.
You automatically revert if you fall unconscious, drop to 0 hit points, or die.
While you are transformed, the following rules apply: • Your game statistics are replaced by the statistics of the beast, but you retain your alignment, personality, and Intelligence, Wisdom, and Charisma scores.
You also retain all of your skill and saving throw proficiencies, in addition to gaining those of the creature.
If the creature has the same proficiency as you and the bonus in its stat block is higher than yours, use the creature’s bonus instead of yours.
If the creature has any legendary or lair actions, you can’t use them.
• When you transform, you assume the beast’s hit points and Hit Dice.
When you revert to your normal form, you return to the number of hit points you had before you transformed.
However, if you revert as a result of dropping to 0 hit points, any excess damage carries over to your normal form.
For example, if you take 10 damage in animal form and have only 1 hit point left, you revert and take 9 damage.
As long as the excess damage doesn’t reduce your normal form to 0 hit points, you aren’t knocked unconscious.
• You can’t cast spells, and your ability to speak or take any action that requires hands is limited to the capabilities of your beast form.
Transforming doesn’t break your concentration on a spell you’ve already cast, however, or prevent you from taking actions that are part of a spell, such as call lightning, that you’ve already cast.
• You retain the benefit of any features from your class, race, or other source and can use them if the new form is physically capable of doing so.
However, you can’t use any of your special senses, such as darkvision, unless your new form also has that sense.
• You choose whether your equipment falls to the ground in your space, merges into your new form, or is worn by it.
Worn equipment functions as normal, but the GM decides whether it is practical for the new form to wear a piece of equipment, based on the creature’s shape and size.
Your equipment doesn’t change size or shape to match the new form, and any equipment that the new form can’t wear must either fall to the ground or merge with it.
Equipment that merges with the form has no effect until you leave the form.</Text>
      <Level>2</Level>
      <Hidden>false</Hidden>
      <Prerequisite />
    </Feature>
    <SubClassFeature>
      <Keywords />
      <Name>Druid Circle</Name>
      <Text>At 2nd level, you choose to identify with a circle of druids, such as the Circle of the Land.
Your choice grants you features at 2nd level and again at 6th, 10th, and 14th level.</Text>
      <Level>2</Level>
      <Hidden>true</Hidden>
      <Prerequisite />
      <ParentClass>Druid</ParentClass>
    </SubClassFeature>
    <AbilityScoreFeatFeature>
      <Keywords />
      <Name>Ability Score Improvement</Name>
      <Text>When you reach 4th level, and again at 8th, 12th, 16th, and 19th level, you can increase one ability score of your choice by 2, or you can increase two ability scores of your choice by 1. As normal, you can’t increase an ability score above 20 using this feature. </Text>
      <Level>4</Level>
      <Hidden>true</Hidden>
      <Prerequisite />
      <UniqueID>DRUID_ABILITY</UniqueID>
    </AbilityScoreFeatFeature>
    <AbilityScoreFeatFeature>
      <Keywords />
      <Name />
      <Text />
      <Level>8</Level>
      <Hidden>true</Hidden>
      <Prerequisite />
      <UniqueID>DRUID_ABILITY</UniqueID>
    </AbilityScoreFeatFeature>
    <AbilityScoreFeatFeature>
      <Keywords />
      <Name />
      <Text />
      <Level>12</Level>
      <Hidden>true</Hidden>
      <Prerequisite />
      <UniqueID>DRUID_ABILITY</UniqueID>
    </AbilityScoreFeatFeature>
    <AbilityScoreFeatFeature>
      <Keywords />
      <Name />
      <Text />
      <Level>16</Level>
      <Hidden>true</Hidden>
      <Prerequisite />
      <UniqueID>DRUID_ABILITY</UniqueID>
    </AbilityScoreFeatFeature>
    <AbilityScoreFeatFeature>
      <Keywords />
      <Name />
      <Text />
      <Level>19</Level>
      <Hidden>true</Hidden>
      <Prerequisite />
      <UniqueID>DRUID_ABILITY</UniqueID>
    </AbilityScoreFeatFeature>
    <Feature>
      <Keywords />
      <Name>Timeless Body</Name>
      <Text>Starting at 18th level, the primal magic that you wield causes you to age more slowly.
For every 10 years that pass, your body ages only 1 year.</Text>
      <Level>18</Level>
      <Hidden>false</Hidden>
      <Prerequisite />
    </Feature>
    <Feature>
      <Keywords />
      <Name>Beast Spells</Name>
      <Text>Beginning at 18th level, you can cast many of your druid spells in any shape you assume using Wild Shape.
You can perform the somatic and verbal components of a druid spell while in a beast shape, but you aren’t able to provide material components.</Text>
      <Level>18</Level>
      <Hidden>false</Hidden>
      <Prerequisite />
    </Feature>
    <SpellModifyFeature>
      <Keywords />
      <Name>Archdruid</Name>
      <Text>At 20th level, you can use your Wild Shape an unlimited number of times.
Additionally, you can ignore the verbal and somatic components of your druid spells, as well as any material components that lack a cost and aren’t consumed by a spell.
You gain this benefit in both your normal shape and your beast shape from Wild Shape.</Text>
      <Level>20</Level>
      <Hidden>false</Hidden>
      <Prerequisite />
      <Spells>Druid</Spells>
    </SpellModifyFeature>
  </Features>
  <MulticlassingSpellLevels />
  <MulticlassingFeatures>
    <ToolKWProficiencyFeature>
      <Keywords />
      <Name>Multiclassing Proficiencies</Name>
      <Text>Light armor, medium armor, shields (druids will not wear armor or use shields made of metal)</Text>
      <Level>1</Level>
      <Hidden>true</Hidden>
      <Prerequisite />
      <Condition>(Armor and Light) or (Armor and Medium) or Shield</Condition>
      <Description>Light armor, medium armor, shields (druids will not wear armor or use shields made of metal)</Description>
    </ToolKWProficiencyFeature>
  </MulticlassingFeatures>
  <FirstClassFeatures>
    <ToolKWProficiencyFeature>
      <Keywords />
      <Name>Armor</Name>
      <Text>Light armor, medium armor, shields (druids will not wear armor or use shields made of metal)</Text>
      <Level>1</Level>
      <Hidden>true</Hidden>
      <Prerequisite />
      <Condition>(Armor and Light) or (Armor and Medium) or Shield</Condition>
      <Description>Light armor, medium armor, shields (druids will not wear armor or use shields made of metal)</Description>
    </ToolKWProficiencyFeature>
    <ToolProficiencyFeature>
      <Keywords />
      <Name>Weapons</Name>
      <Text>Clubs, daggers, darts, javelins, maces, quarterstaffs, scimitars, sickles, slings, spears</Text>
      <Level>1</Level>
      <Hidden>true</Hidden>
      <Prerequisite />
      <Tools>
        <string>club</string>
        <string>dagger</string>
        <string>dart</string>
        <string>javelin</string>
        <string>mace</string>
        <string>quarterstaff</string>
        <string>scimitar</string>
        <string>sickle</string>
        <string>sling</string>
        <string>spear</string>
      </Tools>
    </ToolProficiencyFeature>
    <ToolProficiencyFeature>
      <Keywords />
      <Name>Tools</Name>
      <Text>Herbalism kit</Text>
      <Level>1</Level>
      <Hidden>true</Hidden>
      <Prerequisite />
      <Tools>
        <string>Herbalism kit</string>
      </Tools>
    </ToolProficiencyFeature>
    <SaveProficiencyFeature>
      <Keywords />
      <Name>Saving Throws</Name>
      <Text>Intelligence, Wisdom</Text>
      <Level>1</Level>
      <Hidden>true</Hidden>
      <Prerequisite />
      <Ability>Intelligence Wisdom</Ability>
    </SaveProficiencyFeature>
    <SkillProficiencyChoiceFeature>
      <Keywords />
      <Name>Skills</Name>
      <Text>Choose two from Arcana, Animal Handling, Insight, Medicine, Nature, Perception, Religion, and Survival </Text>
      <Level>1</Level>
      <Hidden>true</Hidden>
      <Prerequisite />
      <Skills>
        <string>Arcana</string>
        <string>Animal Handling</string>
        <string>Insight</string>
        <string>Medicine</string>
        <string>Nature</string>
        <string>Perception</string>
        <string>Religion</string>
        <string>Survival</string>
      </Skills>
      <Amount>2</Amount>
      <ProficiencyMultiplier>1</ProficiencyMultiplier>
      <OnlyAlreadyKnownSkills>false</OnlyAlreadyKnownSkills>
      <UniqueID>DRUID_SKILLS</UniqueID>
    </SkillProficiencyChoiceFeature>
    <ItemChoiceConditionFeature>
      <Keywords />
      <Name>Equipment</Name>
      <Text>(a) a wooden shield or (b) any simple weapon </Text>
      <Level>1</Level>
      <Hidden>true</Hidden>
      <Prerequisite />
      <Amount>1</Amount>
      <UniqueID>DRUID_EQUIP1</UniqueID>
      <Condition>Shield or (Simple and Weapon)</Condition>
    </ItemChoiceConditionFeature>
    <ItemChoiceConditionFeature>
      <Keywords />
      <Name>Equipment</Name>
      <Text>(a) a scimitar or (b) any simple melee weapon </Text>
      <Level>1</Level>
      <Hidden>true</Hidden>
      <Prerequisite />
      <Amount>1</Amount>
      <UniqueID>DRUID_EQUIP2</UniqueID>
      <Condition>Name = 'scimitar' or (Simple and Melee and Weapon)</Condition>
    </ItemChoiceConditionFeature>
    <FreeItemAndGoldFeature>
      <Keywords />
      <Name>Equipment</Name>
      <Text>Leather armor, an explorer’s pack</Text>
      <Level>1</Level>
      <Hidden>true</Hidden>
      <Items>
        <string>Leather armor</string>
        <string>explorer’s pack</string>
      </Items>
      <CP>0</CP>
      <SP>0</SP>
      <GP>0</GP>
    </FreeItemAndGoldFeature>
    <ItemChoiceConditionFeature>
      <Keywords />
      <Name>Equipment</Name>
      <Text>a druidic focus</Text>
      <Level>1</Level>
      <Hidden>true</Hidden>
      <Prerequisite />
      <Amount>1</Amount>
      <UniqueID>DRUID_EQUIP3</UniqueID>
      <Condition>Druidic and Focus</Condition>
    </ItemChoiceConditionFeature>
  </FirstClassFeatures>
  <MulticlassingAbilityScores>Wisdom</MulticlassingAbilityScores>
  <FeaturesToAddClassKeywordTo />
  <SpellsToAddClassKeywordTo>
    <string>Druidcraft</string>
    <string>Guidance</string>
    <string>Mending</string>
    <string>Poison Spray</string>
    <string>Produce Flame</string>
    <string>Resistance</string>
    <string>Shillelagh</string>
    <string>Animal Friendship</string>
    <string>Charm Person</string>
    <string>Create or Destroy Water</string>
    <string>Cure Wounds</string>
    <string>Detect Magic</string>
    <string>Detect Poison and Disease</string>
    <string>Entangle</string>
    <string>Faerie Fire</string>
    <string>Fog Cloud</string>
    <string>Goodberry</string>
    <string>Healing Word</string>
    <string>Jump</string>
    <string>Longstrider</string>
    <string>Purify Food and Drink</string>
    <string>Speak with Animals</string>
    <string>Thunderwave</string>
    <string>Animal Messenger</string>
    <string>Barkskin</string>
    <string>Darkvision</string>
    <string>Enhance Ability</string>
    <string>Find Traps</string>
    <string>Flame Blade</string>
    <string>Flaming Sphere</string>
    <string>Gust of Wind</string>
    <string>Heat Metal</string>
    <string>Hold Person</string>
    <string>Lesser Restoration</string>
    <string>Locate Animals or Plants</string>
    <string>Locate Object</string>
    <string>Moonbeam</string>
    <string>Pass without Trace</string>
    <string>Protection from Poison</string>
    <string>Spike Growth</string>
    <string>Call Lightning</string>
    <string>Conjure Animals</string>
    <string>Daylight</string>
    <string>Dispel Magic</string>
    <string>Meld into Stone</string>
    <string>Plant Growth</string>
    <string>Protection from Energy</string>
    <string>Sleet Storm</string>
    <string>Speak with Plants</string>
    <string>Water Breathing</string>
    <string>Water Walk</string>
    <string>Wind Wall</string>
    <string>Blight</string>
    <string>Confusion</string>
    <string>Conjure Minor Elementals</string>
    <string>Conjure Woodland Beings</string>
    <string>Control Water</string>
    <string>Dominate Beast</string>
    <string>Freedom of Movement</string>
    <string>Giant Insect</string>
    <string>Hallucinatory Terrain</string>
    <string>Ice Storm</string>
    <string>Locate Creature</string>
    <string>Polymorph</string>
    <string>Stone Shape</string>
    <string>Stoneskin</string>
    <string>Wall of Fire</string>
    <string>Antilife Shell</string>
    <string>Awaken</string>
    <string>Commune with Nature</string>
    <string>Conjure Elemental</string>
    <string>Contagion</string>
    <string>Geas</string>
    <string>Greater Restoration</string>
    <string>Insect Plague</string>
    <string>Mass Cure Wounds</string>
    <string>Planar Binding</string>
    <string>Reincarnate</string>
    <string>Scrying</string>
    <string>Tree Stride</string>
    <string>Wall of Stone</string>
    <string>Conjure Fey</string>
    <string>Find the Path</string>
    <string>Heal</string>
    <string>Heroes’ Feast</string>
    <string>Move Earth</string>
    <string>Sunbeam</string>
    <string>Transport via Plants</string>
    <string>Wall of Thorns</string>
    <string>Wind Walk</string>
    <string>Fire Storm</string>
    <string>Mirage Arcane</string>
    <string>Plane Shift</string>
    <string>Regenerate</string>
    <string>Reverse Gravity</string>
    <string>Animal Shapes</string>
    <string>Antipathy/Sympathy</string>
    <string>Control Weather</string>
    <string>Earthquake</string>
    <string>Feeblemind</string>
    <string>Sunburst</string>
    <string>Foresight</string>
    <string>Shapechange</string>
    <string>Storm of Vengeance</string>
    <string>True Resurrection</string>
  </SpellsToAddClassKeywordTo>
  <Name>Druid</Name>
  <Descriptions>
    <Description>
      <Name>Class Features</Name>
      <Text>As a druid, you gain the following class features.</Text>
    </Description>
  </Descriptions>
  <HitDie>8</HitDie>
  <HPFirstLevel>8</HPFirstLevel>
  <AverageHPPerLevel>5</AverageHPPerLevel>
  <Source>Systems Reference Document v5.1</Source>
  <MulticlassingCondition>Wisdom &gt;= 13</MulticlassingCondition>
</ClassDefinition>