<?xml version="1.0" encoding="utf-8"?>
<ClassDefinition xmlns:xsi="http://www.w3.org/2001/XMLSchema-instance" xmlns:xsd="http://www.w3.org/2001/XMLSchema">
  <Features>
    <ResourceFeature>
      <Keywords />
      <Name>Divine Sense</Name>
      <Text>The presence of strong evil registers on your senses like a noxious odor, and powerful good rings like heavenly music in your ears.As an action, you can open your awareness to detect such forces.Until the end of your next turn, you know the location of any celestial, fiend, or undead within 60 feet of you that is not behind total cover.You know the type (celestial, fiend, or undead) of any being whose presence you sense, but not its identity (the vampire Count Strahd von Zarovich, for instance).Within the same radius, you also detect the presence of any place or object that has been consecrated or desecrated, as with the hallow spell.
You can use this feature a number of times equal to 1 + your Charisma modifier. When you finish a long rest, you regain all expended uses.</Text>
      <Level>1</Level>
      <Hidden>false</Hidden>
      <NoDisplay>false</NoDisplay>
      <Action>Action</Action>
      <Prerequisite />
      <ValueBonus>None</ValueBonus>
      <Value>1 + ChaMod</Value>
      <ResourceID>PALADIN_DIVINE_SENSE</ResourceID>
      <Recharge>LongRest</Recharge>
      <ExclusionID />
    </ResourceFeature>
    <ResourceFeature>
      <Keywords />
      <Name>Lay on Hands</Name>
      <Text>Your blessed touch can heal wounds. You have a pool of healing power that replenishes when you take a long rest. With that pool, you can restore a total number of hit points equal to your paladin level × 5.
As an action, you can touch a creature and draw power from the pool to restore a number of hit points to that creature, up to the maximum amount remaining in your pool. 
Alternatively, you can expend 5 hit points from your pool of healing to cure the target of one disease or neutralize one poison affecting it. You can cure multiple diseases and neutralize multiple poisons with a single use of Lay on Hands, expending hit points separately for each one.
This feature has no effect on undead and constructs.</Text>
      <Level>1</Level>
      <Hidden>false</Hidden>
      <NoDisplay>false</NoDisplay>
      <Action>Action</Action>
      <Prerequisite />
      <ValueBonus>None</ValueBonus>
      <Value>5 * ClassLevel</Value>
      <ResourceID>PALADIN_LAY_ON_HANDS</ResourceID>
      <Recharge>LongRest</Recharge>
      <ExclusionID />
    </ResourceFeature>
    <CollectionChoiceFeature>
      <Keywords />
      <Name>Fighting Style</Name>
      <Text>At 2nd level, you adopt a style of fighting as your specialty. Choose one of the following options. You can’t take a Fighting Style option more than once, even if you later get to choose again.</Text>
      <Level>2</Level>
      <Hidden>true</Hidden>
      <NoDisplay>false</NoDisplay>
      <Action>Hidden</Action>
      <Prerequisite />
      <Amount>1</Amount>
      <UniqueID>FIGHTER_STYLE</UniqueID>
      <Collection>Category = 'Feats/Fighting Styles' and Paladin</Collection>
      <AllowSameChoice>false</AllowSameChoice>
    </CollectionChoiceFeature>
    <SpellcastingFeature>
      <Keywords />
      <Name>Spellcasting</Name>
      <Text>By 2nd level, you have learned to draw on divine magic through meditation and prayer to cast spells as a cleric does.</Text>
      <Level>2</Level>
      <Hidden>false</Hidden>
      <NoDisplay>false</NoDisplay>
      <Action>Hidden</Action>
      <Prerequisite />
      <Preparation>ClassList</Preparation>
      <SpellcastingID>PALADIN</SpellcastingID>
      <PrepareableSpells>Paladin and !Cantrip and Level &lt;= if(ClassLevel &gt;= 17, 5, if (ClassLevel &gt;= 13, 4, if(ClassLevel &gt;= 9, 3, if (ClassLevel &gt;= 5, 2, 1)))) </PrepareableSpells>
      <OverwrittenByMulticlassing>true</OverwrittenByMulticlassing>
      <IgnoreMulticlassing>false</IgnoreMulticlassing>
      <DisplayName>Paladin</DisplayName>
      <PrepareCountAdditionalModifier>None</PrepareCountAdditionalModifier>
      <SpellcastingAbility>Charisma</SpellcastingAbility>
      <PrepareCountPerClassLevel>0</PrepareCountPerClassLevel>
      <PrepareCountAdditional>0</PrepareCountAdditional>
      <PrepareCount>Max(ChaMod + Floor(ClassLevel/2), 1)</PrepareCount>
      <PreparationChange>LongRest</PreparationChange>
    </SpellcastingFeature>
    <Feature>
      <Keywords />
      <Name>Preparing and Casting Spells</Name>
      <Text>The Paladin table shows how many spell slots you have to cast your spells.To cast one of your paladin spells of 1st level or higher, you must expend a slot of the spell’s level or higher.You regain all expended spell slots when you finish a long rest.
You prepare the list of paladin spells that are available for you to cast, choosing from the paladin spell list. When you do so, choose a number of paladin spells equal to your Charisma modifier + half your paladin level, rounded down (minimum of one spell). The spells must be of a level for which you have spell slots.
For example, if you are a 5th-level paladin, you have four 1st-level and two 2nd-level spell slots. With a Charisma of 14, your list of prepared spells can include four spells of 1st or 2nd level, in any combination. If you prepare the 1st-level spell cure wounds, you can cast it using a 1st-level or a 2ndlevel slot. Casting the spell doesn’t remove it from your list of prepared spells.
You can change your list of prepared spells when you finish a long rest. Preparing a new list of paladin spells requires time spent in prayer and meditation: at least 1 minute per spell level for each spell on your list.
</Text>
      <Level>2</Level>
      <Hidden>false</Hidden>
      <NoDisplay>false</NoDisplay>
      <Action>Hidden</Action>
      <Prerequisite />
    </Feature>
    <SpellSlotsFeature>
      <Keywords />
      <Name>Spell Slots</Name>
      <Text>1st: 2</Text>
      <Level>2</Level>
      <Hidden>true</Hidden>
      <NoDisplay>false</NoDisplay>
      <Action>Hidden</Action>
      <Prerequisite />
      <Slots>
        <int>2</int>
      </Slots>
      <SpellcastingID>PALADIN</SpellcastingID>
    </SpellSlotsFeature>
    <SpellSlotsFeature>
      <Keywords />
      <Name>Spell Slots</Name>
      <Text>1st: 3</Text>
      <Level>3</Level>
      <Hidden>true</Hidden>
      <NoDisplay>false</NoDisplay>
      <Action>Hidden</Action>
      <Prerequisite />
      <Slots>
        <int>3</int>
      </Slots>
      <SpellcastingID>PALADIN</SpellcastingID>
    </SpellSlotsFeature>
    <SpellSlotsFeature>
      <Keywords />
      <Name>Spell Slots</Name>
      <Text>1st: 4, 2nd: 2</Text>
      <Level>5</Level>
      <Hidden>true</Hidden>
      <NoDisplay>false</NoDisplay>
      <Action>Hidden</Action>
      <Prerequisite />
      <Slots>
        <int>4</int>
        <int>2</int>
      </Slots>
      <SpellcastingID>PALADIN</SpellcastingID>
    </SpellSlotsFeature>
    <SpellSlotsFeature>
      <Keywords />
      <Name>Spell Slots</Name>
      <Text>1st: 4, 2nd: 3</Text>
      <Level>7</Level>
      <Hidden>true</Hidden>
      <NoDisplay>false</NoDisplay>
      <Action>Hidden</Action>
      <Prerequisite />
      <Slots>
        <int>4</int>
        <int>3</int>
      </Slots>
      <SpellcastingID>PALADIN</SpellcastingID>
    </SpellSlotsFeature>
    <SpellSlotsFeature>
      <Keywords />
      <Name>Spell Slots</Name>
      <Text>1st: 4, 2nd: 3, 3rd: 2</Text>
      <Level>9</Level>
      <Hidden>true</Hidden>
      <NoDisplay>false</NoDisplay>
      <Action>Hidden</Action>
      <Prerequisite />
      <Slots>
        <int>4</int>
        <int>3</int>
        <int>2</int>
      </Slots>
      <SpellcastingID>PALADIN</SpellcastingID>
    </SpellSlotsFeature>
    <SpellSlotsFeature>
      <Keywords />
      <Name>Spell Slots</Name>
      <Text>1st: 4, 2nd: 3, 3rd: 3</Text>
      <Level>11</Level>
      <Hidden>true</Hidden>
      <NoDisplay>false</NoDisplay>
      <Action>Hidden</Action>
      <Prerequisite />
      <Slots>
        <int>4</int>
        <int>3</int>
        <int>3</int>
      </Slots>
      <SpellcastingID>PALADIN</SpellcastingID>
    </SpellSlotsFeature>
    <SpellSlotsFeature>
      <Keywords />
      <Name>Spell Slots</Name>
      <Text>1st: 4, 2nd: 3, 3rd: 3, 4th: 1</Text>
      <Level>13</Level>
      <Hidden>true</Hidden>
      <NoDisplay>false</NoDisplay>
      <Action>Hidden</Action>
      <Prerequisite />
      <Slots>
        <int>4</int>
        <int>3</int>
        <int>3</int>
        <int>1</int>
      </Slots>
      <SpellcastingID>PALADIN</SpellcastingID>
    </SpellSlotsFeature>
    <SpellSlotsFeature>
      <Keywords />
      <Name>Spell Slots</Name>
      <Text>1st: 4, 2nd: 3, 3rd: 3, 4th: 2</Text>
      <Level>15</Level>
      <Hidden>true</Hidden>
      <NoDisplay>false</NoDisplay>
      <Action>Hidden</Action>
      <Prerequisite />
      <Slots>
        <int>4</int>
        <int>3</int>
        <int>3</int>
        <int>2</int>
      </Slots>
      <SpellcastingID>PALADIN</SpellcastingID>
    </SpellSlotsFeature>
    <SpellSlotsFeature>
      <Keywords />
      <Name>Spell Slots</Name>
      <Text>1st: 4, 2nd: 3, 3rd: 3, 4th: 3, 5th: 1</Text>
      <Level>17</Level>
      <Hidden>true</Hidden>
      <NoDisplay>false</NoDisplay>
      <Action>Hidden</Action>
      <Prerequisite />
      <Slots>
        <int>4</int>
        <int>3</int>
        <int>3</int>
        <int>3</int>
        <int>1</int>
      </Slots>
      <SpellcastingID>PALADIN</SpellcastingID>
    </SpellSlotsFeature>
    <SpellSlotsFeature>
      <Keywords />
      <Name>Spell Slots</Name>
      <Text>1st: 4, 2nd: 3, 3rd: 3, 4th: 3, 5th: 2</Text>
      <Level>19</Level>
      <Hidden>true</Hidden>
      <NoDisplay>false</NoDisplay>
      <Action>Hidden</Action>
      <Prerequisite />
      <Slots>
        <int>4</int>
        <int>3</int>
        <int>3</int>
        <int>3</int>
        <int>2</int>
      </Slots>
      <SpellcastingID>PALADIN</SpellcastingID>
    </SpellSlotsFeature>
    <Feature>
      <Keywords />
      <Name>Spellcasting Ability</Name>
      <Text>Charisma is your spellcasting ability for your paladin spells, since their power derives from the strength of your convictions. You use your Charisma whenever a spell refers to your spellcasting ability. In addition, you use your Charisma modifier when setting the saving throw DC for a paladin spell you cast and when making an attack roll with one.
Spell save DC = 8 + your proficiency bonus + your Charisma modifier
Spell attack modifier = your proficiency bonus + your Charisma modifier</Text>
      <Level>2</Level>
      <Hidden>false</Hidden>
      <NoDisplay>false</NoDisplay>
      <Action>Hidden</Action>
      <Prerequisite />
    </Feature>
    <Feature>
      <Keywords />
      <Name>Spellcasting Focus</Name>
      <Text>You can use a holy symbol (found in chapter 5) as a spellcasting focus for your paladin spells.</Text>
      <Level>2</Level>
      <Hidden>false</Hidden>
      <NoDisplay>false</NoDisplay>
      <Action>Hidden</Action>
      <Prerequisite />
    </Feature>
    <Feature>
      <Keywords />
      <Name>Divine Smite</Name>
      <Text>Starting at 2nd level, when you hit a creature with a melee weapon attack, you can expend one spell slot to deal radiant damage to the target, in addition to the weapon’s damage. The extra damage is 2d8 for a 1st-level spell slot, plus 1d8 for each spell level higher than 1st, to a maximum of 5d8. The damage increases by 1d8 if the target is an undead or a fiend.</Text>
      <Level>2</Level>
      <Hidden>false</Hidden>
      <NoDisplay>false</NoDisplay>
      <Action>Other</Action>
      <Prerequisite />
    </Feature>
    <ResistanceFeature>
      <Keywords />
      <Name>Divine Health</Name>
      <Text>By 3rd level, the divine magic flowing through you makes you immune to disease.
</Text>
      <Level>3</Level>
      <Hidden>false</Hidden>
      <NoDisplay>false</NoDisplay>
      <Action>Hidden</Action>
      <Prerequisite />
      <Resistances />
      <Vulnerabilities />
      <Immunities>
        <string>disease</string>
      </Immunities>
      <SavingThrowAdvantages />
    </ResistanceFeature>
    <SubClassFeature>
      <Keywords />
      <Name>Sacred Oath</Name>
      <Text>When you reach 3rd level, you swear the oath that binds you as a paladin forever. Up to this time you have been in a preparatory stage, committed to the path but not yet sworn to it. Now you choose the Oath of Devotion, the Oath of the Ancients, or the Oath of Vengeance, all detailed at the end of the class description. 
Your choice grants you features at 3rd level and again at 7th, 15th, and 20th level. Those features include oath spells and the Channel Divinity feature.</Text>
      <Level>3</Level>
      <Hidden>true</Hidden>
      <NoDisplay>false</NoDisplay>
      <Action>Hidden</Action>
      <Prerequisite />
      <ParentClass>Paladin</ParentClass>
    </SubClassFeature>
    <Feature>
      <Keywords />
      <Name>Oath Spells</Name>
      <Text>Each oath has a list of associated spells. You gain access to these spells at the levels specified in the oath description. Once you gain access to an oath spell, you always have it prepared. Oath spells don’t count against the number of spells you can prepare each day.
If you gain an oath spell that doesn’t appear on the paladin spell list, the spell is nonetheless a paladin spell for you.</Text>
      <Level>3</Level>
      <Hidden>false</Hidden>
      <NoDisplay>false</NoDisplay>
      <Action>Hidden</Action>
      <Prerequisite />
    </Feature>
    <ResourceFeature>
      <Keywords />
      <Name>Channel Divinity</Name>
      <Text>Your oath allows you to channel divine energy to fuel magical effects. Each Channel Divinity option provided by your oath explains how to use it.
When you use your Channel Divinity, you choose which option to use. You must then finish a short or long rest to use your Channel Divinity again.
Some Channel Divinity effects require saving throws. When you use such an effect from this class, the DC equals your paladin spell save DC.</Text>
      <Level>3</Level>
      <Hidden>false</Hidden>
      <NoDisplay>false</NoDisplay>
      <Action>Hidden</Action>
      <Prerequisite />
      <ValueBonus>None</ValueBonus>
      <Value>1</Value>
      <ResourceID>PALADIN_CHANNELDIVINITY</ResourceID>
      <Recharge>ShortRest</Recharge>
      <ExclusionID>CHANNEL_DIVINITY</ExclusionID>
    </ResourceFeature>
    <AbilityScoreFeatFeature>
      <Keywords />
      <Name>Ability Score Improvement</Name>
      <Text>When you reach 4th level, and again at 8th, 12th, 16th, and 19th level, you can increase one ability score of your choice by 2, or you can increase two ability scores of your choice by 1. As normal, you can’t increase an ability score above 20 using this feature. </Text>
      <Level>4</Level>
      <Hidden>true</Hidden>
      <NoDisplay>false</NoDisplay>
      <Action>Hidden</Action>
      <Prerequisite />
      <UniqueID>PALADIN_ABILITY</UniqueID>
    </AbilityScoreFeatFeature>
    <AbilityScoreFeatFeature>
      <Keywords />
      <Name />
      <Text />
      <Level>8</Level>
      <Hidden>true</Hidden>
      <NoDisplay>false</NoDisplay>
      <Action>Hidden</Action>
      <Prerequisite />
      <UniqueID>PALADIN_ABILITY</UniqueID>
    </AbilityScoreFeatFeature>
    <AbilityScoreFeatFeature>
      <Keywords />
      <Name />
      <Text />
      <Level>12</Level>
      <Hidden>true</Hidden>
      <NoDisplay>false</NoDisplay>
      <Action>Hidden</Action>
      <Prerequisite />
      <UniqueID>PALADIN_ABILITY</UniqueID>
    </AbilityScoreFeatFeature>
    <AbilityScoreFeatFeature>
      <Keywords />
      <Name />
      <Text />
      <Level>16</Level>
      <Hidden>true</Hidden>
      <NoDisplay>false</NoDisplay>
      <Action>Hidden</Action>
      <Prerequisite />
      <UniqueID>PALADIN_ABILITY</UniqueID>
    </AbilityScoreFeatFeature>
    <AbilityScoreFeatFeature>
      <Keywords />
      <Name />
      <Text />
      <Level>19</Level>
      <Hidden>true</Hidden>
      <NoDisplay>false</NoDisplay>
      <Action>Hidden</Action>
      <Prerequisite />
      <UniqueID>PALADIN_ABILITY</UniqueID>
    </AbilityScoreFeatFeature>
    <ExtraAttackFeature>
      <Keywords />
      <Name>Extra Attack</Name>
      <Text>Beginning at 5th level, you can attack twice, instead of once, whenever you take the Attack action on your turn.</Text>
      <Level>5</Level>
      <Hidden>false</Hidden>
      <NoDisplay>false</NoDisplay>
      <Action>Hidden</Action>
      <Prerequisite />
      <ExtraAttacks>1</ExtraAttacks>
    </ExtraAttackFeature>
    <Feature>
      <Keywords />
      <Name>Aura of Protection</Name>
      <Text>Starting at 6th level, whenever you or a friendly creature within 10 feet of you must make a saving throw, the creature gains a bonus to the saving throw equal to your Charisma modifier (with a minimum bonus of +1). You must be conscious to grant this bonus.
At 18th level, the range of this aura increases to 30 feet.</Text>
      <Level>6</Level>
      <Hidden>false</Hidden>
      <NoDisplay>false</NoDisplay>
      <Action>Hidden</Action>
      <Prerequisite />
    </Feature>
    <BonusFeature>
      <Keywords />
      <Name>Aura of Protection</Name>
      <Text>Starting at 6th level, whenever you or a friendly creature within 10 feet of you must make a saving throw, the creature gains a bonus to the saving throw equal to your Charisma modifier (with a minimum bonus of +1). You must be conscious to grant this bonus.
At 18th level, the range of this aura increases to 30 feet.</Text>
      <Level>6</Level>
      <Hidden>false</Hidden>
      <NoDisplay>false</NoDisplay>
      <Action>Hidden</Action>
      <Prerequisite />
      <Skills />
      <SkillBonus>0</SkillBonus>
      <SkillPassive>false</SkillPassive>
      <AttackBonus>0</AttackBonus>
      <DamageBonus>0</DamageBonus>
      <SaveDCBonus>0</SaveDCBonus>
      <InitiativeBonus>0</InitiativeBonus>
      <DamageBonusModifier>None</DamageBonusModifier>
      <BaseAbility>None</BaseAbility>
      <SavingThrowBonus>Max(1, ChaMod)</SavingThrowBonus>
      <ProficiencyBonus>0</ProficiencyBonus>
      <SavingThrowAbility>Strength Constitution Dexterity Intelligence Wisdom Charisma</SavingThrowAbility>
      <SizeChange>0</SizeChange>
      <ProficiencyOptions />
    </BonusFeature>
    <Feature>
      <Keywords />
      <Name>Aura of Courage</Name>
      <Text>Starting at 10th level, you and friendly creatures within 10 feet of you can’t be frightened while you are conscious.
At 18th level, the range of this aura increases to 30 feet.</Text>
      <Level>10</Level>
      <Hidden>false</Hidden>
      <NoDisplay>false</NoDisplay>
      <Action>Hidden</Action>
      <Prerequisite />
    </Feature>
    <BonusFeature>
      <Keywords />
      <Name>Improved Divine Smite</Name>
      <Text>By 11th level, you are so suffused with righteous might that all your melee weapon strikes carry divine power with them. Whenever you hit a creature with a melee weapon, the creature takes an extra 1d8 radiant damage. If you also use your Divine Smite with an attack, you add this damage to the extra damage of your Divine Smite.</Text>
      <Level>11</Level>
      <Hidden>false</Hidden>
      <NoDisplay>false</NoDisplay>
      <Action>Hidden</Action>
      <Prerequisite />
      <Condition>Melee and Weapon</Condition>
      <Skills />
      <SkillBonus>0</SkillBonus>
      <SkillPassive>false</SkillPassive>
      <AttackBonus>0</AttackBonus>
      <DamageBonus>0</DamageBonus>
      <SaveDCBonus>0</SaveDCBonus>
      <ACBonus>0</ACBonus>
      <InitiativeBonus>0</InitiativeBonus>
      <DamageBonusText>1d8 radiant</DamageBonusText>
      <DamageBonusModifier>None</DamageBonusModifier>
      <BaseAbility>None</BaseAbility>
      <SavingThrowBonus>0</SavingThrowBonus>
      <ProficiencyBonus>0</ProficiencyBonus>
      <SavingThrowAbility>None</SavingThrowAbility>
      <SizeChange>0</SizeChange>
      <ProficiencyOptions />
    </BonusFeature>
    <ResourceFeature>
      <Keywords />
      <Name>Cleansing Touch</Name>
      <Text>Beginning at 14th level, you can use your action to end one spell on yourself or on one willing creature that you touch.
You can use this feature a number of times equal to your Charisma modifier (a minimum of once). You regain expended uses when you finish a long rest.</Text>
      <Level>14</Level>
      <Hidden>false</Hidden>
      <NoDisplay>false</NoDisplay>
      <Action>Action</Action>
      <Prerequisite />
      <ValueBonus>None</ValueBonus>
      <Value>Max(ChaMod, 1)</Value>
      <ResourceID>PALADIN_CLEANSING_TOUCH</ResourceID>
      <Recharge>LongRest</Recharge>
      <ExclusionID />
    </ResourceFeature>
  </Features>
  <MulticlassingSpellLevels>
    <int>0</int>
    <int>1</int>
    <int>1</int>
    <int>2</int>
    <int>2</int>
    <int>3</int>
    <int>3</int>
    <int>4</int>
    <int>4</int>
    <int>5</int>
    <int>5</int>
    <int>6</int>
    <int>6</int>
    <int>7</int>
    <int>7</int>
    <int>8</int>
    <int>8</int>
    <int>9</int>
    <int>9</int>
    <int>10</int>
  </MulticlassingSpellLevels>
  <MulticlassingFeatures>
    <ToolKWProficiencyFeature>
      <Keywords />
      <Name>Multiclassing Proficiency</Name>
      <Text>Light armor, medium armor, shields, simple weapons, martial weapons</Text>
      <Level>1</Level>
      <Hidden>true</Hidden>
      <NoDisplay>false</NoDisplay>
      <Action>Hidden</Action>
      <Prerequisite />
      <Condition>(Armor and Light) or (Armor and Medium) or Shield or (Weapon and Simple) or (Weapon and Martial)</Condition>
      <Description>Light armor, medium armor, shields, simple weapons, martial weapons</Description>
    </ToolKWProficiencyFeature>
  </MulticlassingFeatures>
  <FirstClassFeatures>
    <ToolKWProficiencyFeature>
      <Keywords />
      <Name>Armor</Name>
      <Text>All armor, shields</Text>
      <Level>1</Level>
      <Hidden>true</Hidden>
      <NoDisplay>false</NoDisplay>
      <Action>Hidden</Action>
      <Prerequisite />
      <Condition>Amror or Shield</Condition>
      <Description>All armor, shields</Description>
    </ToolKWProficiencyFeature>
    <ToolKWProficiencyFeature>
      <Keywords />
      <Name>Weapons</Name>
      <Text>Simple weapons, martial weapons</Text>
      <Level>1</Level>
      <Hidden>true</Hidden>
      <NoDisplay>false</NoDisplay>
      <Action>Hidden</Action>
      <Prerequisite />
      <Condition>(Simple or Martial) and Weapon</Condition>
      <Description>Simple weapons, martial weapons</Description>
    </ToolKWProficiencyFeature>
    <SaveProficiencyFeature>
      <Keywords />
      <Name>Saving Throws</Name>
      <Text>Wisdom, Charisma</Text>
      <Level>1</Level>
      <Hidden>true</Hidden>
      <NoDisplay>false</NoDisplay>
      <Action>Hidden</Action>
      <Prerequisite />
      <Ability>Wisdom Charisma</Ability>
    </SaveProficiencyFeature>
    <SkillProficiencyChoiceFeature>
      <Keywords />
      <Name>Skills</Name>
      <Text>Choose two from Athletics, Insight, Intimidation, Medicine, Persuasion, and Religion</Text>
      <Level>1</Level>
      <Hidden>true</Hidden>
      <NoDisplay>false</NoDisplay>
      <Action>Hidden</Action>
      <Prerequisite />
      <Skills>
        <string>Athletics</string>
        <string>Insight</string>
        <string>Intimidation</string>
        <string>Medicine</string>
        <string>Persuasion</string>
        <string>Religion</string>
      </Skills>
      <Amount>2</Amount>
      <ProficiencyMultiplier>1</ProficiencyMultiplier>
      <BonusType>AddOnlyIfNotProficient</BonusType>
      <OnlyAlreadyKnownSkills>false</OnlyAlreadyKnownSkills>
      <UniqueID>PALADIN_SKILLS</UniqueID>
    </SkillProficiencyChoiceFeature>
    <ChoiceFeature>
      <Keywords />
      <Name>Equipment</Name>
      <Text>(a) a martial weapon and a shield or (b) two martial weapons</Text>
      <Level>1</Level>
      <Hidden>true</Hidden>
      <NoDisplay>false</NoDisplay>
      <Action>Hidden</Action>
      <Prerequisite />
      <Choices>
        <MultiFeature>
          <Keywords />
          <Name>A martial weapon and a shield</Name>
          <Text>a martial weapon and a shield</Text>
          <Level>1</Level>
          <Hidden>true</Hidden>
          <NoDisplay>false</NoDisplay>
          <Action>Hidden</Action>
          <Prerequisite />
          <Features>
            <FreeItemAndGoldFeature>
              <Keywords />
              <Level>1</Level>
              <Hidden>true</Hidden>
              <NoDisplay>false</NoDisplay>
              <Action>Hidden</Action>
              <Items>
                <string>Shield</string>
              </Items>
              <CP>0</CP>
              <SP>0</SP>
              <GP>0</GP>
            </FreeItemAndGoldFeature>
            <ItemChoiceConditionFeature>
              <Keywords />
              <Name>Martial weapon</Name>
              <Text>a martial weapon</Text>
              <Level>1</Level>
              <Hidden>true</Hidden>
              <NoDisplay>false</NoDisplay>
              <Action>Hidden</Action>
              <Prerequisite />
              <Amount>1</Amount>
              <UniqueID>PALADIN_EQUIP1A</UniqueID>
              <Condition>Martial and Weapon</Condition>
            </ItemChoiceConditionFeature>
          </Features>
        </MultiFeature>
        <ItemChoiceConditionFeature>
          <Keywords />
          <Name>Two martial weapons</Name>
          <Text>two martial weapons</Text>
          <Level>1</Level>
          <Hidden>true</Hidden>
          <NoDisplay>false</NoDisplay>
          <Action>Hidden</Action>
          <Prerequisite />
          <Amount>2</Amount>
          <UniqueID>PALADIN_EQUIP1B</UniqueID>
          <Condition>Martial and Weapon</Condition>
        </ItemChoiceConditionFeature>
      </Choices>
      <Amount>1</Amount>
      <UniqueID>PALADIN_EQUIP1</UniqueID>
      <AllowSameChoice>false</AllowSameChoice>
    </ChoiceFeature>
    <ChoiceFeature>
      <Keywords />
      <Name>Equipment</Name>
      <Text>(a) five javelins or (b) any simple melee weapon</Text>
      <Level>1</Level>
      <Hidden>true</Hidden>
      <NoDisplay>false</NoDisplay>
      <Action>Hidden</Action>
      <Prerequisite />
      <Choices>
        <FreeItemAndGoldFeature>
          <Keywords />
          <Name>Five javelins</Name>
          <Text>five javelins</Text>
          <Level>1</Level>
          <Hidden>true</Hidden>
          <NoDisplay>false</NoDisplay>
          <Action>Hidden</Action>
          <Items>
            <string>javelin</string>
            <string>javelin</string>
            <string>javelin</string>
            <string>javelin</string>
            <string>javelin</string>
          </Items>
          <CP>0</CP>
          <SP>0</SP>
          <GP>0</GP>
        </FreeItemAndGoldFeature>
        <ItemChoiceConditionFeature>
          <Keywords />
          <Name>Any simple melee weapon</Name>
          <Text>any simple melee weapon</Text>
          <Level>1</Level>
          <Hidden>true</Hidden>
          <NoDisplay>false</NoDisplay>
          <Action>Hidden</Action>
          <Prerequisite />
          <Amount>1</Amount>
          <UniqueID>PALADIN_EQUIP2B</UniqueID>
          <Condition>Simple and Weapon and Melee</Condition>
        </ItemChoiceConditionFeature>
      </Choices>
      <Amount>1</Amount>
      <UniqueID>PALADIN_EQUIP2</UniqueID>
      <AllowSameChoice>false</AllowSameChoice>
    </ChoiceFeature>
    <ItemChoiceFeature>
      <Keywords />
      <Name>Equipment</Name>
      <Text>(a) a priest’s pack or (b) an explorer’s pack</Text>
      <Level>1</Level>
      <Hidden>true</Hidden>
      <NoDisplay>false</NoDisplay>
      <Action>Hidden</Action>
      <Items>
        <string>priest’s pack</string>
        <string>explorer’s pack</string>
      </Items>
      <CP>0</CP>
      <SP>0</SP>
      <GP>0</GP>
      <Amount>1</Amount>
      <UniqueID>PALADIN_EQUIP3</UniqueID>
    </ItemChoiceFeature>
    <FreeItemAndGoldFeature>
      <Keywords />
      <Name>Equipment</Name>
      <Text>Chain mail</Text>
      <Level>1</Level>
      <Hidden>true</Hidden>
      <NoDisplay>false</NoDisplay>
      <Action>Hidden</Action>
      <Items>
        <string>Chain mail</string>
      </Items>
      <CP>0</CP>
      <SP>0</SP>
      <GP>0</GP>
    </FreeItemAndGoldFeature>
    <ItemChoiceConditionFeature>
      <Keywords />
      <Name>Equipment</Name>
      <Text>Holy Symbol</Text>
      <Level>1</Level>
      <Hidden>true</Hidden>
      <NoDisplay>false</NoDisplay>
      <Action>Hidden</Action>
      <Prerequisite />
      <Amount>1</Amount>
      <UniqueID>PALADIN_SYMBOL</UniqueID>
      <Condition>Divine and Focus</Condition>
    </ItemChoiceConditionFeature>
  </FirstClassFeatures>
  <MulticlassingAbilityScores>None</MulticlassingAbilityScores>
  <FeaturesToAddClassKeywordTo>
    <string>Defense</string>
    <string>Dueling</string>
    <string>Great Weapon Fighting</string>
    <string>Protection</string>
  </FeaturesToAddClassKeywordTo>
  <SpellsToAddClassKeywordTo />
  <Name>Paladin</Name>
  <Description />
  <Flavour />
  <Descriptions>
    <Description>
      <Name>Class Features</Name>
      <Text>As a paladin, you gain the following class features.</Text>
    </Description>
  </Descriptions>
  <HitDie>10</HitDie>
  <HitDieCount>1</HitDieCount>
  <HPFirstLevel>10</HPFirstLevel>
  <AverageHPPerLevel>6</AverageHPPerLevel>
  <AvailableAtFirstLevel>true</AvailableAtFirstLevel>
  <Source>Systems Reference Document v5.1</Source>
  <MulticlassingCondition>Strength &gt;= 13 and Charisma &gt;= 13</MulticlassingCondition>
</ClassDefinition>