<?xml version="1.0" encoding="utf-8"?>
<ClassDefinition xmlns:xsi="http://www.w3.org/2001/XMLSchema-instance" xmlns:xsd="http://www.w3.org/2001/XMLSchema">
  <Features>
    <CollectionChoiceFeature>
      <Keywords />
      <Name>Favored Enemy</Name>
      <Text>Beginning at 1st level, you have significant experience studying, tracking, hunting, and even talking to a certain type of enemy.
Choose a type of favored enemy: aberrations, beasts, celestials, constructs, dragons, elementals, fey, fiends, giants, monstrosities, oozes, plants, or undead.
Alternatively, you can select two races of humanoid (such as gnolls and orcs) as favored enemies.
You have advantage on Wisdom (Survival) checks to track your favored enemies, as well as on Intelligence checks to recall information about them.
When you gain this feature, you also learn one language of your choice that is spoken by your favored enemies, if they speak one at all.
You choose one additional favored enemy, as well as an associated language, at 6th and 14th level. As you gain levels, your choices should reflect the types of monsters you have encountered on your adventures.</Text>
      <Level>1</Level>
      <Hidden>false</Hidden>
      <Prerequisite />
      <Amount>1</Amount>
      <UniqueID>FAVORED_ENEMY</UniqueID>
      <Collection>Category = 'Feats/Favored Enemy'</Collection>
      <AllowSameChoice>false</AllowSameChoice>
    </CollectionChoiceFeature>
    <LanguageChoiceFeature>
      <Keywords />
      <Name>Favored Enemy Language</Name>
      <Text>One language spoken by your favored enemy.</Text>
      <Level>1</Level>
      <Hidden>true</Hidden>
      <Amount>1</Amount>
      <UniqueID>RANGER_FAVORED_ENEMY_LANGUAGE</UniqueID>
    </LanguageChoiceFeature>
    <CollectionChoiceFeature>
      <Keywords />
      <Name>Favored Enemy</Name>
      <Text>An additional favored enemy</Text>
      <Level>6</Level>
      <Hidden>true</Hidden>
      <Prerequisite />
      <Amount>1</Amount>
      <UniqueID>FAVORED_ENEMY</UniqueID>
      <Collection>Category = 'Feats/Favored Enemy'</Collection>
      <AllowSameChoice>false</AllowSameChoice>
    </CollectionChoiceFeature>
    <LanguageChoiceFeature>
      <Keywords />
      <Name>Favored Enemy Language</Name>
      <Text>One language spoken by your favored enemy.</Text>
      <Level>6</Level>
      <Hidden>true</Hidden>
      <Amount>1</Amount>
      <UniqueID>RANGER_FAVORED_ENEMY_LANGUAGE</UniqueID>
    </LanguageChoiceFeature>
    <CollectionChoiceFeature>
      <Keywords />
      <Name>Favored Enemy</Name>
      <Text>An additional favored enemy</Text>
      <Level>14</Level>
      <Hidden>true</Hidden>
      <Prerequisite />
      <Amount>1</Amount>
      <UniqueID>FAVORED_ENEMY</UniqueID>
      <Collection>Category = 'Feats/Favored Enemy'</Collection>
      <AllowSameChoice>false</AllowSameChoice>
    </CollectionChoiceFeature>
    <LanguageChoiceFeature>
      <Keywords />
      <Name>Favored Enemy Language</Name>
      <Text>One language spoken by your favored enemy.</Text>
      <Level>14</Level>
      <Hidden>true</Hidden>
      <Amount>1</Amount>
      <UniqueID>RANGER_FAVORED_ENEMY_LANGUAGE</UniqueID>
    </LanguageChoiceFeature>
    <CollectionChoiceFeature>
      <Keywords />
      <Name>Natural Explorer</Name>
      <Text>You are particularly familiar with one type of natural environment and are adept at traveling and surviving in such regions.
Choose one type of favored terrain: arctic, coast, desert, forest, grassland, mountain, or swamp. When you make an Intelligence or Wisdom check related to your favored terrain, your proficiency bonus is doubled if you are using a skill that you’re proficient in.
While traveling for an hour or more in your favored terrain, you gain the following benefits: 
• Difficult terrain doesn’t slow your group’s travel.
• Your group can’t become lost except by magical means.
• Even when you are engaged in another activity while traveling (such as foraging, navigating, or tracking), you remain alert to danger.
• If you are traveling alone, you can move stealthily at a normal pace.
• When you forage, you find twice as much food as you normally would.
• While tracking other creatures, you also learn their exact number, their sizes, and how long ago they passed through the area.
You choose additional favored terrain types at 6th and 10th level.</Text>
      <Level>1</Level>
      <Hidden>false</Hidden>
      <Prerequisite />
      <Amount>1</Amount>
      <UniqueID>FAVORED_TERRAIN</UniqueID>
      <Collection>Category = 'Feats/Favored Terrain'</Collection>
      <AllowSameChoice>false</AllowSameChoice>
    </CollectionChoiceFeature>
    <CollectionChoiceFeature>
      <Keywords />
      <Name>Natural Explorer</Name>
      <Text>An additional favored terrain</Text>
      <Level>6</Level>
      <Hidden>true</Hidden>
      <Prerequisite />
      <Amount>1</Amount>
      <UniqueID>FAVORED_TERRAIN</UniqueID>
      <Collection>Category = 'Feats/Favored Terrain'</Collection>
      <AllowSameChoice>false</AllowSameChoice>
    </CollectionChoiceFeature>
    <CollectionChoiceFeature>
      <Keywords />
      <Name>Natural Explorer</Name>
      <Text>An additional favored terrain</Text>
      <Level>10</Level>
      <Hidden>true</Hidden>
      <Prerequisite />
      <Amount>1</Amount>
      <UniqueID>FAVORED_TERRAIN</UniqueID>
      <Collection>Category = 'Feats/Favored Terrain'</Collection>
      <AllowSameChoice>false</AllowSameChoice>
    </CollectionChoiceFeature>
    <CollectionChoiceFeature>
      <Keywords />
      <Name>Fighting Style</Name>
      <Text>At 2nd level, you adopt a style of fighting as your specialty. Choose one of the following options. You can’t take a Fighting Style option more than once, even if you later get to choose again.</Text>
      <Level>2</Level>
      <Hidden>true</Hidden>
      <Prerequisite />
      <Amount>1</Amount>
      <UniqueID>FIGHTER_STYLE</UniqueID>
      <Collection>Category = 'Feats/Fighting Styles' and Ranger</Collection>
      <AllowSameChoice>false</AllowSameChoice>
    </CollectionChoiceFeature>
    <SpellcastingFeature>
      <Keywords />
      <Name>Spellcasting</Name>
      <Text>By the time you reach 2nd level, you have learned to use the magical essence of nature to cast spells, much as a druid does.</Text>
      <Level>2</Level>
      <Hidden>false</Hidden>
      <Prerequisite />
      <Preparation>LearnSpells</Preparation>
      <SpellcastingID>RANGER</SpellcastingID>
      <OverwrittenByMulticlassing>true</OverwrittenByMulticlassing>
      <IgnoreMulticlassing>false</IgnoreMulticlassing>
      <DisplayName>Ranger</DisplayName>
      <PrepareCountAdditionalModifier>None</PrepareCountAdditionalModifier>
      <SpellcastingAbility>Wisdom</SpellcastingAbility>
      <PrepareCountPerClassLevel>0</PrepareCountPerClassLevel>
      <PrepareCountAdditional>0</PrepareCountAdditional>
      <PreparationChange>LongRest</PreparationChange>
    </SpellcastingFeature>
    <SpellSlotsFeature>
      <Keywords />
      <Name>Spell Slots</Name>
      <Text>The Ranger table shows how many spell slots you have to cast your spells of 1st level and higher. To cast one of these spells, you must expend a slot of the spell’s level or higher. You regain all expended spell slots when you finish a long rest.
For example, if you know the 1st-level spell animal friendship and have a 1st-level and a 2nd-level spell slot available, you can cast animal friendship using either slot.
1st: 2</Text>
      <Level>2</Level>
      <Hidden>false</Hidden>
      <Prerequisite />
      <Slots>
        <int>2</int>
      </Slots>
      <SpellcastingID>RANGER</SpellcastingID>
    </SpellSlotsFeature>
    <SpellSlotsFeature>
      <Keywords />
      <Name>Spell Slots</Name>
      <Text>1st: 3</Text>
      <Level>3</Level>
      <Hidden>true</Hidden>
      <Prerequisite />
      <Slots>
        <int>3</int>
      </Slots>
      <SpellcastingID>RANGER</SpellcastingID>
    </SpellSlotsFeature>
    <SpellSlotsFeature>
      <Keywords />
      <Name>Spell Slots</Name>
      <Text>1st: 4, 2nd: 2</Text>
      <Level>5</Level>
      <Hidden>true</Hidden>
      <Prerequisite />
      <Slots>
        <int>4</int>
        <int>2</int>
      </Slots>
      <SpellcastingID>RANGER</SpellcastingID>
    </SpellSlotsFeature>
    <SpellSlotsFeature>
      <Keywords />
      <Name>Spell Slots</Name>
      <Text>1st: 4, 2nd: 3</Text>
      <Level>7</Level>
      <Hidden>true</Hidden>
      <Prerequisite />
      <Slots>
        <int>4</int>
        <int>3</int>
      </Slots>
      <SpellcastingID>RANGER</SpellcastingID>
    </SpellSlotsFeature>
    <SpellSlotsFeature>
      <Keywords />
      <Name>Spell Slots</Name>
      <Text>1st: 4, 2nd: 3, 3rd: 2</Text>
      <Level>9</Level>
      <Hidden>true</Hidden>
      <Prerequisite />
      <Slots>
        <int>4</int>
        <int>3</int>
        <int>2</int>
      </Slots>
      <SpellcastingID>RANGER</SpellcastingID>
    </SpellSlotsFeature>
    <SpellSlotsFeature>
      <Keywords />
      <Name>Spell Slots</Name>
      <Text>1st: 4, 2nd: 3, 3rd: 3</Text>
      <Level>11</Level>
      <Hidden>true</Hidden>
      <Prerequisite />
      <Slots>
        <int>4</int>
        <int>3</int>
        <int>3</int>
      </Slots>
      <SpellcastingID>RANGER</SpellcastingID>
    </SpellSlotsFeature>
    <SpellSlotsFeature>
      <Keywords />
      <Name>Spell Slots</Name>
      <Text>1st: 4, 2nd: 3, 3rd: 3, 4th: 1</Text>
      <Level>13</Level>
      <Hidden>true</Hidden>
      <Prerequisite />
      <Slots>
        <int>4</int>
        <int>3</int>
        <int>3</int>
        <int>1</int>
      </Slots>
      <SpellcastingID>RANGER</SpellcastingID>
    </SpellSlotsFeature>
    <SpellSlotsFeature>
      <Keywords />
      <Name>Spell Slots</Name>
      <Text>1st: 4, 2nd: 3, 3rd: 3, 4th: 2</Text>
      <Level>15</Level>
      <Hidden>true</Hidden>
      <Prerequisite />
      <Slots>
        <int>4</int>
        <int>3</int>
        <int>3</int>
        <int>2</int>
      </Slots>
      <SpellcastingID>RANGER</SpellcastingID>
    </SpellSlotsFeature>
    <SpellSlotsFeature>
      <Keywords />
      <Name>Spell Slots</Name>
      <Text>1st: 4, 2nd: 3, 3rd: 3, 4th: 3, 5th: 1</Text>
      <Level>17</Level>
      <Hidden>true</Hidden>
      <Prerequisite />
      <Slots>
        <int>4</int>
        <int>3</int>
        <int>3</int>
        <int>3</int>
        <int>1</int>
      </Slots>
      <SpellcastingID>RANGER</SpellcastingID>
    </SpellSlotsFeature>
    <SpellSlotsFeature>
      <Keywords />
      <Name>Spell Slots</Name>
      <Text>1st: 4, 2nd: 3, 3rd: 3, 4th: 3, 5th: 2</Text>
      <Level>19</Level>
      <Hidden>true</Hidden>
      <Prerequisite />
      <Slots>
        <int>4</int>
        <int>3</int>
        <int>3</int>
        <int>3</int>
        <int>2</int>
      </Slots>
      <SpellcastingID>RANGER</SpellcastingID>
    </SpellSlotsFeature>
    <SpellChoiceFeature>
      <Keywords />
      <Name>Spells Known of 1st Level and Higher</Name>
      <Text>You know two 1st-level spells of your choice from the ranger spell list.
The Spells Known column of the Ranger table shows when you learn more ranger spells of your choice. Each of these spells must be of a level for which you have spell slots. For instance, when you reach 5th level in this class, you can learn one new spell of 1st or 2nd level.
Additionally, when you gain a level in this class, you can choose one of the ranger spells you know and replace it with another spell from the ranger spell list, which also must be of a level for which you have spell slots.</Text>
      <Level>2</Level>
      <Hidden>false</Hidden>
      <Prerequisite />
      <KeywordsToAdd />
      <AvailableSpellChoices>Ranger and !Cantrip and Level &lt;= if(ClassLevel &gt;= 17, 5, if (ClassLevel &gt;= 13, 4, if(ClassLevel &gt;= 9, 3, if (ClassLevel &gt;= 5, 2, 1)))) </AvailableSpellChoices>
      <SpellcastingID>RANGER</SpellcastingID>
      <UniqueID>RANGER_SPELLS</UniqueID>
      <AddTo>LearnSpells</AddTo>
      <Amount>1</Amount>
    </SpellChoiceFeature>
    <IncreaseSpellChoiceAmountFeature>
      <Keywords />
      <Name>Spells</Name>
      <Text>1 more Spell</Text>
      <Level>3</Level>
      <Hidden>true</Hidden>
      <Prerequisite />
      <UniqueID>RANGER_SPELLS</UniqueID>
      <Amount>1</Amount>
    </IncreaseSpellChoiceAmountFeature>
    <IncreaseSpellChoiceAmountFeature>
      <Keywords />
      <Name>Spells</Name>
      <Text>1 more Spell</Text>
      <Level>5</Level>
      <Hidden>true</Hidden>
      <Prerequisite />
      <UniqueID>RANGER_SPELLS</UniqueID>
      <Amount>1</Amount>
    </IncreaseSpellChoiceAmountFeature>
    <IncreaseSpellChoiceAmountFeature>
      <Keywords />
      <Name>Spells</Name>
      <Text>1 more Spell</Text>
      <Level>7</Level>
      <Hidden>true</Hidden>
      <Prerequisite />
      <UniqueID>RANGER_SPELLS</UniqueID>
      <Amount>1</Amount>
    </IncreaseSpellChoiceAmountFeature>
    <IncreaseSpellChoiceAmountFeature>
      <Keywords />
      <Name>Spells</Name>
      <Text>1 more Spell</Text>
      <Level>9</Level>
      <Hidden>true</Hidden>
      <Prerequisite />
      <UniqueID>RANGER_SPELLS</UniqueID>
      <Amount>1</Amount>
    </IncreaseSpellChoiceAmountFeature>
    <IncreaseSpellChoiceAmountFeature>
      <Keywords />
      <Name>Spells</Name>
      <Text>1 more Spell</Text>
      <Level>11</Level>
      <Hidden>true</Hidden>
      <Prerequisite />
      <UniqueID>RANGER_SPELLS</UniqueID>
      <Amount>1</Amount>
    </IncreaseSpellChoiceAmountFeature>
    <IncreaseSpellChoiceAmountFeature>
      <Keywords />
      <Name>Spells</Name>
      <Text>1 more Spell</Text>
      <Level>13</Level>
      <Hidden>true</Hidden>
      <Prerequisite />
      <UniqueID>RANGER_SPELLS</UniqueID>
      <Amount>1</Amount>
    </IncreaseSpellChoiceAmountFeature>
    <IncreaseSpellChoiceAmountFeature>
      <Keywords />
      <Name>Spells</Name>
      <Text>1 more Spell</Text>
      <Level>15</Level>
      <Hidden>true</Hidden>
      <Prerequisite />
      <UniqueID>RANGER_SPELLS</UniqueID>
      <Amount>1</Amount>
    </IncreaseSpellChoiceAmountFeature>
    <IncreaseSpellChoiceAmountFeature>
      <Keywords />
      <Name>Spells</Name>
      <Text>1 more Spell</Text>
      <Level>17</Level>
      <Hidden>true</Hidden>
      <Prerequisite />
      <UniqueID>RANGER_SPELLS</UniqueID>
      <Amount>1</Amount>
    </IncreaseSpellChoiceAmountFeature>
    <IncreaseSpellChoiceAmountFeature>
      <Keywords />
      <Name>Spells</Name>
      <Text>1 more Spell</Text>
      <Level>19</Level>
      <Hidden>true</Hidden>
      <Prerequisite />
      <UniqueID>RANGER_SPELLS</UniqueID>
      <Amount>1</Amount>
    </IncreaseSpellChoiceAmountFeature>
    <Feature>
      <Keywords />
      <Name>Spellcasting Ability</Name>
      <Text>Wisdom is your spellcasting ability for your ranger spells, since your magic draws on your attunement to nature. You use your Wisdom whenever a spell refers to your spellcasting ability. In addition, you use your Wisdom modifier when setting the saving throw DC for a ranger spell you cast and when making an attack roll with one.
Spell save DC = 8 + your proficiency bonus + your Wisdom modifier 
Spell attack modifier = your proficiency bonus + your Wisdom</Text>
      <Level>2</Level>
      <Hidden>false</Hidden>
      <Prerequisite />
    </Feature>
    <SubClassFeature>
      <Keywords />
      <Name>Ranger Archetype</Name>
      <Text>At 3rd level, you choose an archetype that you strive to emulate, such as the Hunter. Your choice grants you features at 3rd level and again at 7th, 11th, and 15th level.</Text>
      <Level>3</Level>
      <Hidden>true</Hidden>
      <Prerequisite />
      <ParentClass>Ranger</ParentClass>
    </SubClassFeature>
    <Feature>
      <Keywords />
      <Name>Primeval Awareness</Name>
      <Text>Beginning at 3rd level, you can use your action and expend one ranger spell slot to focus your awareness on the region around you. For 1 minute per level of the spell slot you expend, you can sense whether the following types of creatures are present within 1 mile of you (or within up to 6 miles if you are in your favored terrain): aberrations, celestials, dragons, elementals, fey, fiends, and undead. This feature doesn’t reveal the creatures’ location or number.</Text>
      <Level>3</Level>
      <Hidden>false</Hidden>
      <Prerequisite />
    </Feature>
    <AbilityScoreFeatFeature>
      <Keywords />
      <Name>Ability Score Improvement</Name>
      <Text>When you reach 4th level, and again at 8th, 12th, 16th, and 19th level, you can increase one ability score of your choice by 2, or you can increase two ability scores of your choice by 1. As normal, you can’t increase an ability score above 20 using this feature. </Text>
      <Level>4</Level>
      <Hidden>true</Hidden>
      <Prerequisite />
      <UniqueID>RANGER_ABILITY</UniqueID>
    </AbilityScoreFeatFeature>
    <AbilityScoreFeatFeature>
      <Keywords />
      <Name />
      <Text />
      <Level>8</Level>
      <Hidden>true</Hidden>
      <Prerequisite />
      <UniqueID>RANGER_ABILITY</UniqueID>
    </AbilityScoreFeatFeature>
    <AbilityScoreFeatFeature>
      <Keywords />
      <Name />
      <Text />
      <Level>12</Level>
      <Hidden>true</Hidden>
      <Prerequisite />
      <UniqueID>RANGER_ABILITY</UniqueID>
    </AbilityScoreFeatFeature>
    <AbilityScoreFeatFeature>
      <Keywords />
      <Name />
      <Text />
      <Level>16</Level>
      <Hidden>true</Hidden>
      <Prerequisite />
      <UniqueID>RANGER_ABILITY</UniqueID>
    </AbilityScoreFeatFeature>
    <AbilityScoreFeatFeature>
      <Keywords />
      <Name />
      <Text />
      <Level>19</Level>
      <Hidden>true</Hidden>
      <Prerequisite />
      <UniqueID>RANGER_ABILITY</UniqueID>
    </AbilityScoreFeatFeature>
    <ExtraAttackFeature>
      <Keywords />
      <Name>Extra Attack</Name>
      <Text>Beginning at 5th level, you can attack twice, instead of once, whenever you take the Attack action on your turn.</Text>
      <Level>5</Level>
      <Hidden>false</Hidden>
      <Prerequisite />
      <ExtraAttacks>1</ExtraAttacks>
    </ExtraAttackFeature>
    <Feature>
      <Keywords />
      <Name>Land’s Stride</Name>
      <Text>Starting at 8th level, moving through nonmagical difficult terrain costs you no extra movement. You can also pass through nonmagical plants without being slowed by them and without taking damage from them if they have thorns, spines, or a similar hazard.
In addition, you have advantage on saving throws against plants that are magically created or manipulated to impede movement, such those created by the entangle spell.</Text>
      <Level>8</Level>
      <Hidden>false</Hidden>
      <Prerequisite />
    </Feature>
    <Feature>
      <Keywords />
      <Name>Hide in Plain Sight</Name>
      <Text>Starting at 10th level, you can spend 1 minute creating camouflage for yourself. You must have access to fresh mud, dirt, plants, soot, and other naturally occurring materials with which to create your camouflage.
Once you are camouflaged in this way, you can try to hide by pressing yourself up against a solid surface, such as a tree or wall, that is at least as tall and wide as you are. You gain a +10 bonus to Dexterity (Stealth) checks as long as you remain there without moving or taking actions. Once you move or take an action or a reaction, you must camouflage yourself again to gain this benefit.</Text>
      <Level>10</Level>
      <Hidden>false</Hidden>
      <Prerequisite />
    </Feature>
    <Feature>
      <Keywords />
      <Name>Vanish</Name>
      <Text>Starting at 14th level, you can use the Hide action as a bonus action on your turn. Also, you can’t be tracked by nonmagical means, unless you choose to leave a trail.</Text>
      <Level>14</Level>
      <Hidden>false</Hidden>
      <Prerequisite />
    </Feature>
    <Feature>
      <Keywords />
      <Name>Feral Senses</Name>
      <Text>At 18th level, you gain preternatural senses that help you fight creatures you can’t see. When you attack a creature you can’t see, your inability to see it doesn’t impose disadvantage on your attack rolls against it. You are also aware of the location of any invisible creature within 30 feet of you, provided that the creature isn’t hidden from you and you aren’t blinded or deafened.</Text>
      <Level>18</Level>
      <Hidden>false</Hidden>
      <Prerequisite />
    </Feature>
    <Feature>
      <Keywords />
      <Name>Foe Slayer</Name>
      <Text>At 20th level, you become an unparalleled hunter of your enemies. Once on each of your turns, you can add your Wisdom modifier to the attack roll or the damage roll of an attack you make against one of your favored enemies. You can choose to use this feature before or after the roll, but before any effects of the roll are applied.</Text>
      <Level>20</Level>
      <Hidden>false</Hidden>
      <Prerequisite />
    </Feature>
  </Features>
  <MulticlassingSpellLevels>
    <int>0</int>
    <int>1</int>
    <int>1</int>
    <int>2</int>
    <int>2</int>
    <int>3</int>
    <int>3</int>
    <int>4</int>
    <int>4</int>
    <int>5</int>
    <int>5</int>
    <int>6</int>
    <int>6</int>
    <int>7</int>
    <int>7</int>
    <int>8</int>
    <int>8</int>
    <int>9</int>
    <int>9</int>
    <int>10</int>
  </MulticlassingSpellLevels>
  <MulticlassingFeatures>
    <ToolKWProficiencyFeature>
      <Keywords />
      <Name>Multiclassing Proficiency</Name>
      <Text>Light armor, medium armor, shields, simple weapons, martial weapons</Text>
      <Level>1</Level>
      <Hidden>true</Hidden>
      <Prerequisite />
      <Condition>(Armor and Light) or (Armor and Medium) or Shield or (Weapon and Simple) or (Weapon and Martial)</Condition>
      <Description>Light armor, medium armor, shields, simple weapons, martial weapons</Description>
    </ToolKWProficiencyFeature>
    <SkillProficiencyChoiceFeature>
      <Keywords />
      <Name>Multiclassing Skills</Name>
      <Text>Choose one from Animal Handling, Athletics, Insight, Investigation, Nature, Perception, Stealth, and Survival</Text>
      <Level>1</Level>
      <Hidden>true</Hidden>
      <Prerequisite />
      <Skills>
        <string>Animal Handling</string>
        <string>Athletics</string>
        <string>Insight</string>
        <string>Investigation</string>
        <string>Nature</string>
        <string>Perception</string>
        <string>Stealth</string>
        <string>Survival</string>
      </Skills>
      <Amount>1</Amount>
      <ProficiencyMultiplier>1</ProficiencyMultiplier>
      <OnlyAlreadyKnownSkills>false</OnlyAlreadyKnownSkills>
      <UniqueID>RANGER_SKILLS</UniqueID>
    </SkillProficiencyChoiceFeature>
  </MulticlassingFeatures>
  <FirstClassFeatures>
    <ToolKWProficiencyFeature>
      <Keywords />
      <Name>Armor</Name>
      <Text>Light armor, medium armor, shields</Text>
      <Level>1</Level>
      <Hidden>true</Hidden>
      <Prerequisite />
      <Condition>(Amror and Light) or (Armor and Medium) or Shield</Condition>
      <Description>Light armor, medium armor, shields</Description>
    </ToolKWProficiencyFeature>
    <ToolKWProficiencyFeature>
      <Keywords />
      <Name>Weapons</Name>
      <Text>Simple weapons, martial weapons</Text>
      <Level>1</Level>
      <Hidden>true</Hidden>
      <Prerequisite />
      <Condition>(Simple or Martial) and Weapon</Condition>
      <Description>Simple weapons, martial weapons</Description>
    </ToolKWProficiencyFeature>
    <SaveProficiencyFeature>
      <Keywords />
      <Name>Saving Throws</Name>
      <Text>Strength, Dexterity</Text>
      <Level>1</Level>
      <Hidden>true</Hidden>
      <Prerequisite />
      <Ability>Strength Dexterity</Ability>
    </SaveProficiencyFeature>
    <SkillProficiencyChoiceFeature>
      <Keywords />
      <Name>Skills</Name>
      <Text>Choose three from Animal Handling, Athletics, Insight, Investigation, Nature, Perception, Stealth, and Survival</Text>
      <Level>1</Level>
      <Hidden>true</Hidden>
      <Prerequisite />
      <Skills>
        <string>Animal Handling</string>
        <string>Athletics</string>
        <string>Insight</string>
        <string>Investigation</string>
        <string>Nature</string>
        <string>Perception</string>
        <string>Stealth</string>
        <string>Survival</string>
      </Skills>
      <Amount>3</Amount>
      <ProficiencyMultiplier>1</ProficiencyMultiplier>
      <OnlyAlreadyKnownSkills>false</OnlyAlreadyKnownSkills>
      <UniqueID>RANGER_SKILLS</UniqueID>
    </SkillProficiencyChoiceFeature>
    <ItemChoiceFeature>
      <Keywords />
      <Name>Equipment</Name>
      <Text>(a) scale mail or (b) leather armor</Text>
      <Level>1</Level>
      <Hidden>true</Hidden>
      <Items>
        <string>Scale mail</string>
        <string>Leather Armor</string>
      </Items>
      <CP>0</CP>
      <SP>0</SP>
      <GP>0</GP>
      <Amount>1</Amount>
      <UniqueID>RANGER_EQUIP1</UniqueID>
    </ItemChoiceFeature>
    <ChoiceFeature>
      <Keywords />
      <Name>Equipment</Name>
      <Text>(a) two shortswords or (b) two simple melee weapons</Text>
      <Level>1</Level>
      <Hidden>true</Hidden>
      <Prerequisite />
      <Choices>
        <FreeItemAndGoldFeature>
          <Keywords />
          <Name>Two shortswords</Name>
          <Text>two shortswords</Text>
          <Level>1</Level>
          <Hidden>true</Hidden>
          <Items>
            <string>Shortsword</string>
          </Items>
          <CP>0</CP>
          <SP>0</SP>
          <GP>0</GP>
        </FreeItemAndGoldFeature>
        <ItemChoiceConditionFeature>
          <Keywords />
          <Name>Two simple melee weapon</Name>
          <Text>two simple melee weapons</Text>
          <Level>1</Level>
          <Hidden>true</Hidden>
          <Prerequisite />
          <Amount>2</Amount>
          <UniqueID>RANGER_EQUIP2B</UniqueID>
          <Condition>Simple and Weapon and Melee</Condition>
        </ItemChoiceConditionFeature>
      </Choices>
      <Amount>1</Amount>
      <UniqueID>RANGER_EQUIP2</UniqueID>
      <AllowSameChoice>false</AllowSameChoice>
    </ChoiceFeature>
    <ItemChoiceFeature>
      <Keywords />
      <Name>Equipment</Name>
      <Text>(a) a dungeoneer’s pack or (b) an explorer’s pack</Text>
      <Level>1</Level>
      <Hidden>true</Hidden>
      <Items>
        <string>dungeoneer’s pack</string>
        <string>explorer’s pack</string>
      </Items>
      <CP>0</CP>
      <SP>0</SP>
      <GP>0</GP>
      <Amount>1</Amount>
      <UniqueID>RANGER_EQUIP3</UniqueID>
    </ItemChoiceFeature>
    <FreeItemAndGoldFeature>
      <Keywords />
      <Name>Equipment</Name>
      <Text>A longbow and a quiver of 20 arrows</Text>
      <Level>1</Level>
      <Hidden>true</Hidden>
      <Items>
        <string>Longbow</string>
        <string>Arrow</string>
        <string>Quiver</string>
      </Items>
      <CP>0</CP>
      <SP>0</SP>
      <GP>0</GP>
    </FreeItemAndGoldFeature>
  </FirstClassFeatures>
  <MulticlassingAbilityScores>None</MulticlassingAbilityScores>
  <FeaturesToAddClassKeywordTo>
    <string>Defense</string>
    <string>Archery</string>
    <string>Dueling</string>
    <string>Two-Weapon Fighting</string>
  </FeaturesToAddClassKeywordTo>
  <SpellsToAddClassKeywordTo>
    <string>Alarm</string>
    <string>Animal Friendship</string>
    <string>Cure Wounds</string>
    <string>Detect Magic</string>
    <string>Detect Poison and Disease</string>
    <string>Fog Cloud</string>
    <string>Goodberry</string>
    <string>Hunter's Mark</string>
    <string>Jump</string>
    <string>Longstrider</string>
    <string>Speak with Animals</string>
    <string>Animal Messenger</string>
    <string>Barkskin</string>
    <string>Darkvision</string>
    <string>Find Traps</string>
    <string>Lesser Restoration</string>
    <string>Locate Animals or Plants</string>
    <string>Locate Object</string>
    <string>Pass without Trace</string>
    <string>Protection from Poison</string>
    <string>Silence</string>
    <string>Spike Growth</string>
    <string>Conjure Animals</string>
    <string>Daylight</string>
    <string>Nondetection</string>
    <string>Plant Growth</string>
    <string>Protection from Energy</string>
    <string>Speak with Plants</string>
    <string>Water Breathing</string>
    <string>Water Walk</string>
    <string>Wind Wall</string>
    <string>Conjure Woodland Beings</string>
    <string>Freedom of Movement</string>
    <string>Locate Creature</string>
    <string>Stoneskin</string>
    <string>Commune with Nature</string>
    <string>Tree Stride</string>
  </SpellsToAddClassKeywordTo>
  <Name>Ranger</Name>
  <Descriptions>
    <Description>
      <Name>Class Features</Name>
      <Text>As a ranger, you gain the following class features.</Text>
    </Description>
  </Descriptions>
  <HitDie>10</HitDie>
  <HitDieCount>1</HitDieCount>
  <HPFirstLevel>10</HPFirstLevel>
  <AverageHPPerLevel>6</AverageHPPerLevel>
  <AvailableAtFirstLevel>true</AvailableAtFirstLevel>
  <Source>Systems Reference Document v5.1</Source>
  <MulticlassingCondition>Dexterity &gt;= 13 and Wisdom &gt;= 13</MulticlassingCondition>
</ClassDefinition>