<?xml version="1.0" encoding="utf-8"?>
<Item xmlns:xsi="http://www.w3.org/2001/XMLSchema-instance" xmlns:xsd="http://www.w3.org/2001/XMLSchema" xsi:type="Armor">
  <Keywords>
    <Keyword>
      <Name>heavy</Name>
    </Keyword>
    <Keyword>
      <Name>chain</Name>
    </Keyword>
  </Keywords>
  <StackSize>1</StackSize>
  <Name>Chain Mail</Name>
  <Description>Made of interlocking metal rings, chain mail includes a layer of quilted fabric worn underneath the mail to prevent chafing and to cushion the impact of blows. The suit includes gauntlets.</Description>
  <Price>
    <cp>0</cp>
    <sp>0</sp>
    <ep>0</ep>
    <gp>75</gp>
    <pp>0</pp>
  </Price>
  <Source>Systems Reference Document v5.1</Source>
  <Weight>55</Weight>
  <BaseAC>16</BaseAC>
  <StealthDisadvantage>true</StealthDisadvantage>
  <StrengthRequired>13</StrengthRequired>
</Item>