<?xml version="1.0" encoding="utf-8"?>
<Item xmlns:xsi="http://www.w3.org/2001/XMLSchema-instance" xmlns:xsd="http://www.w3.org/2001/XMLSchema" xsi:type="Armor">
  <Keywords>
    <Keyword>
      <Name>heavy</Name>
    </Keyword>
    <Keyword>
      <Name>ring</Name>
    </Keyword>
  </Keywords>
  <StackSize>1</StackSize>
  <Name>Ring Mail</Name>
  <Description>This armor is leather armor with heavy rings sewn into it. The rings help reinforce the armor against blows from swords and axes. Ring mail is inferior to chain mail, and it's usually worn only by those who can’t afford better armor.</Description>
  <Price>
    <cp>0</cp>
    <sp>0</sp>
    <ep>0</ep>
    <gp>30</gp>
    <pp>0</pp>
  </Price>
  <Source>Systems Reference Document v5.1</Source>
  <Weight>0</Weight>
  <BaseAC>14</BaseAC>
  <StealthDisadvantage>true</StealthDisadvantage>
  <StrengthRequired>0</StrengthRequired>
</Item>