<?xml version="1.0" encoding="utf-8"?>
<Item xmlns:xsi="http://www.w3.org/2001/XMLSchema-instance" xmlns:xsd="http://www.w3.org/2001/XMLSchema" xsi:type="Tool">
  <Keywords>
    <Keyword>
      <Name>instrument</Name>
    </Keyword>
  </Keywords>
  <StackSize>1</StackSize>
  <Name>Drum</Name>
  <Description>Several of the most common types of musical instruments are shown on the table as examples. If you have proficiency with a given musical instrument, you can add your proficiency bonus to any ability checks you make to play music with the instrument. A bard can use a musical instrument as a spellcasting focus, as described in chapter 10. Each type of musical instrument requires a separate proficiency.</Description>
  <Price>
    <cp>0</cp>
    <sp>0</sp>
    <ep>0</ep>
    <gp>6</gp>
    <pp>0</pp>
  </Price>
  <Source>Systems Reference Document v5.1</Source>
  <Weight>3</Weight>
</Item>