<?xml version="1.0" encoding="utf-8"?>
<Item xmlns:xsi="http://www.w3.org/2001/XMLSchema-instance" xmlns:xsd="http://www.w3.org/2001/XMLSchema">
  <Keywords>
    <Keyword>
      <Name>ammunition</Name>
    </Keyword>
    <Keyword>
      <Name>consumable</Name>
    </Keyword>
    <Keyword>
      <Name>arrow</Name>
    </Keyword>
    <Keyword>
      <Name>bow</Name>
    </Keyword>
  </Keywords>
  <StackSize>20</StackSize>
  <Name>Arrow</Name>
  <Description />
  <Price>
    <cp>0</cp>
    <sp>0</sp>
    <ep>0</ep>
    <gp>1</gp>
    <pp>0</pp>
  </Price>
  <Source>Systems Reference Document v5.1</Source>
  <Weight>1</Weight>
</Item>