<?xml version="1.0" encoding="utf-8"?>
<MagicProperty xmlns:xsi="http://www.w3.org/2001/XMLSchema-instance" xmlns:xsd="http://www.w3.org/2001/XMLSchema">
  <AttunementFeatures />
  <CarryFeatures>
    <Feature>
      <Keywords />
      <Name>Oil of Etherealness</Name>
      <Text>Beads of this cloudy gray oil form on the outside of its container and quickly evaporate. The oil can cover a Medium or smaller creature, along with the equipment it's wearing and carrying (one additional vial is required for each size category above Medium). Applying the oil takes 10 minutes. The affected creature then gains the effect of the etherealness spell for 1 hour.</Text>
      <Level>0</Level>
      <Hidden>false</Hidden>
      <Prerequisite />
    </Feature>
  </CarryFeatures>
  <EquipFeatures />
  <OnUseFeatures />
  <Requirement>Wondrous Item</Requirement>
  <Name>Oil of Etherealness</Name>
  <Description>Beads of this cloudy gray oil form on the outside of its container and quickly evaporate. The oil can cover a Medium or smaller creature, along with the equipment it's wearing and carrying (one additional vial is required for each size category above Medium). Applying the oil takes 10 minutes. The affected creature then gains the effect of the etherealness spell for 1 hour.</Description>
  <Slot>Wonderous</Slot>
  <Source>Systems Reference Document v5.1</Source>
  <Rarity>Rare</Rarity>
</MagicProperty>