<?xml version="1.0" encoding="utf-8"?>
<MagicProperty xmlns:xsi="http://www.w3.org/2001/XMLSchema-instance" xmlns:xsd="http://www.w3.org/2001/XMLSchema">
  <AttunementFeatures />
  <CarryFeatures>
    <Feature>
      <Keywords />
      <Name>Philter of Love</Name>
      <Text>The next time you see a creature within 10 minutes after drinking this philter, you become charmed by that creature for 1 hour. If the creature is of a species and gender you are normally attracted to, you regard it as your true love while you are charmed. This potion's rose-hued, effervescent liquid contains one easy-to-miss bubble shaped like a heart.</Text>
      <Level>0</Level>
      <Hidden>false</Hidden>
      <Prerequisite />
    </Feature>
  </CarryFeatures>
  <EquipFeatures />
  <OnUseFeatures />
  <Requirement>Potion</Requirement>
  <Name>Philter of Love</Name>
  <Description>The next time you see a creature within 10 minutes after drinking this philter, you become charmed by that creature for 1 hour. If the creature is of a species and gender you are normally attracted to, you regard it as your true love while you are charmed. This potion's rose-hued, effervescent liquid contains one easy-to-miss bubble shaped like a heart.</Description>
  <Slot>Wonderous</Slot>
  <Source>Systems Reference Document v5.1</Source>
  <Rarity>Uncommon</Rarity>
</MagicProperty>