<?xml version="1.0" encoding="utf-8"?>
<MagicProperty xmlns:xsi="http://www.w3.org/2001/XMLSchema-instance" xmlns:xsd="http://www.w3.org/2001/XMLSchema">
  <AttunementFeatures />
  <CarryFeatures>
    <Feature>
      <Keywords />
      <Name>Potion of Gaseous Form</Name>
      <Text>When you drink this potion, you gain the effect of the gaseous form spell for 1 hour (no concentration required) or until you end the effect as a bonus action. This potion's container seems to hold fog that moves and pours like water.</Text>
      <Level>0</Level>
      <Hidden>false</Hidden>
      <Prerequisite />
    </Feature>
  </CarryFeatures>
  <EquipFeatures />
  <OnUseFeatures />
  <Requirement>Potion</Requirement>
  <Name>Potion of Gaseous Form</Name>
  <Description>When you drink this potion, you gain the effect of the gaseous form spell for 1 hour (no concentration required) or until you end the effect as a bonus action. This potion's container seems to hold fog that moves and pours like water.</Description>
  <Slot>Wonderous</Slot>
  <Source>Systems Reference Document v5.1</Source>
  <Rarity>Rare</Rarity>
</MagicProperty>