<?xml version="1.0" encoding="utf-8"?>
<MagicProperty xmlns:xsi="http://www.w3.org/2001/XMLSchema-instance" xmlns:xsd="http://www.w3.org/2001/XMLSchema">
  <AttunementFeatures />
  <CarryFeatures>
    <Feature>
      <Keywords />
      <Name>Potion of Supreme Healing</Name>
      <Text>You regain 10d4 + 20 hit points when you drink this potion. The potion's red liquid glimmers when agitated.</Text>
      <Level>0</Level>
      <Hidden>false</Hidden>
      <Prerequisite />
    </Feature>
  </CarryFeatures>
  <EquipFeatures />
  <OnUseFeatures />
  <Requirement>Potion</Requirement>
  <Name>Potion of Supreme Healing</Name>
  <Description>You regain 10d4 + 20 hit points when you drink this potion. The potion's red liquid glimmers when agitated.</Description>
  <Slot>Wonderous</Slot>
  <Source>Systems Reference Document v5.1</Source>
  <Rarity>Uncommon</Rarity>
</MagicProperty>