<?xml version="1.0" encoding="utf-8"?>
<MagicProperty xmlns:xsi="http://www.w3.org/2001/XMLSchema-instance" xmlns:xsd="http://www.w3.org/2001/XMLSchema">
  <AttunementFeatures />
  <CarryFeatures>
    <Feature>
      <Keywords />
      <Name>Potion of Invisibility</Name>
      <Text>This potion's container looks empty but feels as though it holds liquid. When you drink it, you become invisible for 1 hour. Anything you wear or carry is invisible with you. The effect ends early if you attack or cast a spell.</Text>
      <Level>0</Level>
      <Hidden>false</Hidden>
      <Prerequisite />
    </Feature>
  </CarryFeatures>
  <EquipFeatures />
  <OnUseFeatures />
  <Requirement>Potion</Requirement>
  <Name>Potion of Invisibility</Name>
  <Description>This potion's container looks empty but feels as though it holds liquid. When you drink it, you become invisible for 1 hour. Anything you wear or carry is invisible with you. The effect ends early if you attack or cast a spell.</Description>
  <Slot>Wonderous</Slot>
  <Source>Systems Reference Document v5.1</Source>
  <Rarity>VeryRare</Rarity>
</MagicProperty>