<?xml version="1.0" encoding="utf-8"?>
<MagicProperty xmlns:xsi="http://www.w3.org/2001/XMLSchema-instance" xmlns:xsd="http://www.w3.org/2001/XMLSchema">
  <AttunementFeatures />
  <CarryFeatures>
    <Feature>
      <Keywords />
      <Name>Potion of Animal Friendship</Name>
      <Text>When you drink this potion, you can cast the animal friendship spell (save DC 13) for 1 hour at will. Agitating this muddy liquid brings little bits into view: a fish scale, a hummingbird tongue, a cat claw, or a squirrel hair.</Text>
      <Level>0</Level>
      <Hidden>false</Hidden>
      <Prerequisite />
    </Feature>
  </CarryFeatures>
  <EquipFeatures />
  <OnUseFeatures />
  <Requirement>Potion</Requirement>
  <Name>Potion of Animal Friendship</Name>
  <Description>When you drink this potion, you can cast the animal friendship spell (save DC 13) for 1 hour at will. Agitating this muddy liquid brings little bits into view: a fish scale, a hummingbird tongue, a cat claw, or a squirrel hair.</Description>
  <Slot>Wonderous</Slot>
  <Source>Systems Reference Document v5.1</Source>
  <Rarity>Uncommon</Rarity>
</MagicProperty>