<?xml version="1.0" encoding="utf-8"?>
<MagicProperty xmlns:xsi="http://www.w3.org/2001/XMLSchema-instance" xmlns:xsd="http://www.w3.org/2001/XMLSchema">
  <AttunementFeatures />
  <CarryFeatures />
  <EquipFeatures />
  <AttunedEquipFeatures />
  <OnUseFeatures>
    <Feature>
      <Keywords />
      <Name>Potion of Vitality</Name>
      <Text>When you drink this potion, it removes any exhaustion you are suffering and cures any disease or poison affecting you. For the next 24 hours, you regain the maximum number of hit points for any Hit Die you spend. The potion's crimson liquid regularly pulses with dull light, calling to mind a heartbeat.</Text>
      <Level>0</Level>
      <Hidden>false</Hidden>
      <NoDisplay>true</NoDisplay>
      <Action>Action</Action>
      <Prerequisite />
    </Feature>
  </OnUseFeatures>
  <AttunedOnUseFeatures />
  <Requirement>Potion</Requirement>
  <Name>Potion of Vitality</Name>
  <Description>When you drink this potion, it removes any exhaustion you are suffering and cures any disease or poison affecting you. For the next 24 hours, you regain the maximum number of hit points for any Hit Die you spend. The potion's crimson liquid regularly pulses with dull light, calling to mind a heartbeat.</Description>
  <Slot>Wonderous</Slot>
  <Source>Systems Reference Document v5.1</Source>
  <Rarity>VeryRare</Rarity>
</MagicProperty>