<?xml version="1.0" encoding="utf-8"?>
<MagicProperty xmlns:xsi="http://www.w3.org/2001/XMLSchema-instance" xmlns:xsd="http://www.w3.org/2001/XMLSchema">
  <AttunementFeatures />
  <CarryFeatures />
  <EquipFeatures />
  <AttunedEquipFeatures />
  <OnUseFeatures>
    <Feature>
      <Keywords />
      <Name>Potion of Speed</Name>
      <Text>When you drink this potion, you gain the effect of the haste spell for 1 minute (no concentration required). The potion's yellow fluid is streaked with black and swirls on its own.</Text>
      <Level>0</Level>
      <Hidden>false</Hidden>
      <NoDisplay>true</NoDisplay>
      <Action>Action</Action>
      <Prerequisite />
    </Feature>
  </OnUseFeatures>
  <AttunedOnUseFeatures />
  <Requirement>Potion</Requirement>
  <Name>Potion of Speed</Name>
  <Description>When you drink this potion, you gain the effect of the haste spell for 1 minute (no concentration required). The potion's yellow fluid is streaked with black and swirls on its own.</Description>
  <Slot>Wonderous</Slot>
  <Source>Systems Reference Document v5.1</Source>
  <Rarity>VeryRare</Rarity>
</MagicProperty>