<?xml version="1.0" encoding="utf-8"?>
<MagicProperty xmlns:xsi="http://www.w3.org/2001/XMLSchema-instance" xmlns:xsd="http://www.w3.org/2001/XMLSchema">
  <AttunementFeatures />
  <CarryFeatures>
    <Feature>
      <Keywords />
      <Name>Potion of Mind Reading</Name>
      <Text>When you drink this potion, you gain the effect of the detect thoughts spell (save DC 13). The potion's dense, purple liquid has an ovoid cloud of pink floating in it.</Text>
      <Level>0</Level>
      <Hidden>false</Hidden>
      <Prerequisite />
    </Feature>
  </CarryFeatures>
  <EquipFeatures />
  <OnUseFeatures />
  <Requirement>Potion</Requirement>
  <Name>Potion of Mind Reading</Name>
  <Description>When you drink this potion, you gain the effect of the detect thoughts spell (save DC 13). The potion's dense, purple liquid has an ovoid cloud of pink floating in it.</Description>
  <Slot>Wonderous</Slot>
  <Source>Systems Reference Document v5.1</Source>
  <Rarity>Rare</Rarity>
</MagicProperty>