<?xml version="1.0" encoding="utf-8"?>
<MagicProperty xmlns:xsi="http://www.w3.org/2001/XMLSchema-instance" xmlns:xsd="http://www.w3.org/2001/XMLSchema">
  <AttunementFeatures />
  <CarryFeatures />
  <EquipFeatures />
  <AttunedEquipFeatures />
  <OnUseFeatures>
    <Feature>
      <Keywords />
      <Name>Potion of Resistance (Force)</Name>
      <Text>When you drink this potion, you gain resistance to force damage for 1 hour.</Text>
      <Level>0</Level>
      <Hidden>false</Hidden>
      <NoDisplay>true</NoDisplay>
      <Action>Action</Action>
      <Prerequisite />
    </Feature>
  </OnUseFeatures>
  <AttunedOnUseFeatures />
  <Requirement>Potion</Requirement>
  <Name>Potion of Resistance (Force)</Name>
  <Description>When you drink this potion, you gain resistance to one type of damage for 1 hour. The DM chooses the type or determines it randomly from the options below.
d10: Damage Type
1: Acid
2: Cold
3: Fire
4: Force
5: Lightning
6: Necrotic
7: Poison
8: Psychic
9: Radiant
10: Thunder</Description>
  <Slot>None</Slot>
  <Source>Systems Reference Document v5.1</Source>
  <Rarity>Uncommon</Rarity>
</MagicProperty>