<?xml version="1.0" encoding="utf-8"?>
<MagicProperty xmlns:xsi="http://www.w3.org/2001/XMLSchema-instance" xmlns:xsd="http://www.w3.org/2001/XMLSchema">
  <AttunementFeatures />
  <CarryFeatures>
    <Feature>
      <Keywords />
      <Name>Potion of Clairvoyance</Name>
      <Text>When you drink this potion, you gain the effect of the clairvoyance spell. An eyeball bobs in this yellowish liquid but vanishes when the potion is opened.</Text>
      <Level>0</Level>
      <Hidden>false</Hidden>
      <Prerequisite />
    </Feature>
  </CarryFeatures>
  <EquipFeatures />
  <OnUseFeatures />
  <Requirement>Potion</Requirement>
  <Name>Potion of Clairvoyance</Name>
  <Description>When you drink this potion, you gain the effect of the clairvoyance spell. An eyeball bobs in this yellowish liquid but vanishes when the potion is opened.</Description>
  <Slot>Wonderous</Slot>
  <Source>Systems Reference Document v5.1</Source>
  <Rarity>Rare</Rarity>
</MagicProperty>