<?xml version="1.0" encoding="utf-8"?>
<FeatureContainer xmlns:xsi="http://www.w3.org/2001/XMLSchema-instance" xmlns:xsd="http://www.w3.org/2001/XMLSchema">
  <Features>
    <BonusFeature>
      <Keywords>
        <Keyword>
          <Name>fighter</Name>
        </Keyword>
        <Keyword>
          <Name>paladin</Name>
        </Keyword>
        <Keyword>
          <Name>ranger</Name>
        </Keyword>
      </Keywords>
      <Name>Defense</Name>
      <Text>While you are wearing armor, you gain a +1 bonus to AC.</Text>
      <Level>1</Level>
      <Hidden>false</Hidden>
      <Prerequisite />
      <Condition>Armor</Condition>
      <Skills />
      <SkillBonus>0</SkillBonus>
      <SkillPassive>false</SkillPassive>
      <AttackBonus>0</AttackBonus>
      <DamageBonus>0</DamageBonus>
      <SaveDCBonus>0</SaveDCBonus>
      <ACBonus>1</ACBonus>
      <InitiativeBonus>0</InitiativeBonus>
      <DamageBonusModifier>None</DamageBonusModifier>
      <BaseAbility>None</BaseAbility>
    </BonusFeature>
  </Features>
  <Source>Systems Reference Document v5.1</Source>
</FeatureContainer>