<?xml version="1.0" encoding="utf-8"?>
<FeatureContainer xmlns:xsi="http://www.w3.org/2001/XMLSchema-instance" xmlns:xsd="http://www.w3.org/2001/XMLSchema">
  <Features>
    <BonusFeature>
      <Keywords>
        <Keyword>
          <Name>fighter</Name>
        </Keyword>
        <Keyword>
          <Name>paladin</Name>
        </Keyword>
        <Keyword>
          <Name>ranger</Name>
        </Keyword>
      </Keywords>
      <Name>Dueling</Name>
      <Text>When you are wielding a melee weapon in one hand and no other weapons, you gain a +2 bonus to damage rolls with that weapon.</Text>
      <Level>1</Level>
      <Hidden>false</Hidden>
      <Prerequisite />
      <Condition>(Freehand or Shield) and Weapon</Condition>
      <Skills />
      <SkillBonus>0</SkillBonus>
      <SkillPassive>false</SkillPassive>
      <AttackBonus>0</AttackBonus>
      <DamageBonus>2</DamageBonus>
      <SaveDCBonus>0</SaveDCBonus>
      <ACBonus>0</ACBonus>
      <InitiativeBonus>0</InitiativeBonus>
      <DamageBonusModifier>None</DamageBonusModifier>
      <BaseAbility>None</BaseAbility>
    </BonusFeature>
  </Features>
  <Source>Systems Reference Document v5.1</Source>
</FeatureContainer>