<?xml version="1.0" encoding="utf-8"?>
<FeatureContainer xmlns:xsi="http://www.w3.org/2001/XMLSchema-instance" xmlns:xsd="http://www.w3.org/2001/XMLSchema">
  <Features>
    <Feature>
      <Keywords>
        <Keyword>
          <Name>fighter</Name>
        </Keyword>
        <Keyword>
          <Name>paladin</Name>
        </Keyword>
      </Keywords>
      <Name>Protection</Name>
      <Text>When a creature you can see attacks a target other than you that is within 5 feet of you, you can use your reaction to impose disadvantage on the attack roll. You must be wielding a shield.</Text>
      <Level>1</Level>
      <Hidden>false</Hidden>
      <Prerequisite />
    </Feature>
  </Features>
  <Source>Systems Reference Document v5.1</Source>
</FeatureContainer>