<?xml version="1.0" encoding="utf-8"?>
<MagicProperty xmlns:xsi="http://www.w3.org/2001/XMLSchema-instance" xmlns:xsd="http://www.w3.org/2001/XMLSchema">
  <AttunementFeatures />
  <CarryFeatures />
  <EquipFeatures>
    <BonusFeature>
      <Keywords />
      <Name />
      <Text />
      <Level>0</Level>
      <Hidden>false</Hidden>
      <NoDisplay>false</NoDisplay>
      <Action>Hidden</Action>
      <Prerequisite />
      <Condition>Ammunition</Condition>
      <Skills />
      <SkillBonus>0</SkillBonus>
      <SkillPassive>false</SkillPassive>
      <AttackBonus>3</AttackBonus>
      <DamageBonus>3</DamageBonus>
      <SaveDCBonus>0</SaveDCBonus>
      <InitiativeBonus>0</InitiativeBonus>
      <DamageBonusModifier>None</DamageBonusModifier>
      <BaseAbility>None</BaseAbility>
      <SavingThrowBonus>0</SavingThrowBonus>
      <ProficiencyBonus>0</ProficiencyBonus>
      <SavingThrowAbility>None</SavingThrowAbility>
      <SizeChange>0</SizeChange>
      <ProficiencyOptions />
    </BonusFeature>
  </EquipFeatures>
  <AttunedEquipFeatures />
  <OnUseFeatures>
    <Feature>
      <Keywords />
      <Name>Ammunition, +3</Name>
      <Text>You have a +3 bonus to attack and damage rolls made with this piece of magic ammunition. Once it hits a target, the ammunition is no longer magical.</Text>
      <Level>0</Level>
      <Hidden>false</Hidden>
      <NoDisplay>true</NoDisplay>
      <Action>Other</Action>
      <Prerequisite />
    </Feature>
  </OnUseFeatures>
  <AttunedOnUseFeatures />
  <Requirement>Weapon (any ammunition)</Requirement>
  <Name>Ammunition, +3</Name>
  <Description>You have a bonus to attack and damage rolls made with this piece of magic ammunition. The bonus is determined by the rarity of the ammunition. Once it hits a target, the ammunition is no longer magical.</Description>
  <Slot>None</Slot>
  <Base>Category = 'Items/Adventuring Gear/Ammunition'</Base>
  <Source>Systems Reference Document v5.1</Source>
  <PrependName>Magic</PrependName>
  <PostName>+3</PostName>
  <Rarity>VeryRare</Rarity>
</MagicProperty>