<?xml version="1.0" encoding="utf-8"?>
<MagicProperty xmlns:xsi="http://www.w3.org/2001/XMLSchema-instance" xmlns:xsd="http://www.w3.org/2001/XMLSchema">
  <AttunementFeatures />
  <CarryFeatures />
  <EquipFeatures>
    <BonusFeature>
      <Keywords />
      <Name />
      <Text />
      <Level>0</Level>
      <Hidden>false</Hidden>
      <Prerequisite />
      <Condition>Ammunition</Condition>
      <Skills />
      <SkillBonus>0</SkillBonus>
      <SkillPassive>false</SkillPassive>
      <AttackBonus>2</AttackBonus>
      <DamageBonus>2</DamageBonus>
      <SaveDCBonus>0</SaveDCBonus>
      <InitiativeBonus>0</InitiativeBonus>
      <DamageBonusModifier>None</DamageBonusModifier>
      <BaseAbility>None</BaseAbility>
      <SavingThrowBonus>0</SavingThrowBonus>
      <ProficiencyBonus>0</ProficiencyBonus>
      <SavingThrowAbility>None</SavingThrowAbility>
      <ProficiencyOptions />
    </BonusFeature>
  </EquipFeatures>
  <AttunedEquipFeatures />
  <OnUseFeatures />
  <AttunedOnUseFeatures />
  <Requirement>Weapon (any ammunition)</Requirement>
  <Name>Ammunition, +2</Name>
  <Description>You have a bonus to attack and damage rolls made with this piece of magic ammunition. The bonus is determined by the rarity of the ammunition. Once it hits a target, the ammunition is no longer magical.</Description>
  <Slot>None</Slot>
  <Base>Ammunition and Consumable</Base>
  <Source>Systems Reference Document v5.1</Source>
  <PrependName>Magic</PrependName>
  <PostName>+2</PostName>
  <Rarity>Rare</Rarity>
</MagicProperty>