<?xml version="1.0" encoding="utf-8"?>
<Item xmlns:xsi="http://www.w3.org/2001/XMLSchema-instance" xmlns:xsd="http://www.w3.org/2001/XMLSchema" xsi:type="Weapon">
  <Keywords>
    <Keyword>
      <Name>simple</Name>
    </Keyword>
    <Keyword>
      <Name>ranged</Name>
    </Keyword>
    <Keyword>
      <Name>ammunition</Name>
    </Keyword>
    <Range>
      <Name>range</Name>
      <Short>20</Short>
      <Long>60</Long>
    </Range>
    <Keyword>
      <Name>thrown</Name>
    </Keyword>
    <Keyword>
      <Name>piercing</Name>
    </Keyword>
    <Keyword>
      <Name>dart</Name>
    </Keyword>
  </Keywords>
  <StackSize>1</StackSize>
  <Name>Dart</Name>
  <Price>
    <cp>5</cp>
    <sp>0</sp>
    <ep>0</ep>
    <gp>0</gp>
    <pp>0</pp>
  </Price>
  <Source>Systems Reference Document v5.1</Source>
  <Weight>0.25</Weight>
  <Damage>1d4</Damage>
  <DamageType>piercing</DamageType>
</Item>